"run_started_at","task","status","started_at_utc","completed_at_utc","message"
"2026-05-29T12:21:15Z","history","erro","2026-05-29T12:21:15Z","2026-05-29T12:21:16Z","Can't combine `..1$temperature_2m_min_c` <character> and `..2$temperature_2m_min_c` <double>."
"2026-05-29T12:21:15Z","forecast","erro","2026-05-29T12:21:16Z","2026-05-29T12:21:16Z","Can't combine `..1$temperature_2m_min_c` <character> and `..2$temperature_2m_min_c` <double>."
"2026-05-29T12:21:15Z","historical-forecast","erro","2026-05-29T12:21:16Z","2026-05-29T12:21:17Z","Can't combine `..1$temperature_2m_min_c` <character> and `..2$temperature_2m_min_c` <double>."
"2026-05-29T12:21:15Z","previous-runs","erro","2026-05-29T12:21:17Z","2026-05-29T12:21:18Z","Can't combine `..1$temperature_2m_min_c` <character> and `..2$temperature_2m_min_c` <double>."
"2026-05-29T12:21:15Z","errors","ok","2026-05-29T12:21:18Z","2026-05-29T12:21:18Z","Open-Meteo erros não calculados: previous runs sem dados. "
"2026-05-29T12:21:45Z","history","ok","2026-05-29T12:21:45Z","2026-05-29T12:21:46Z","Open-Meteo histórico atualizado: 3 linha(s). "
"2026-05-29T12:21:45Z","forecast","ok","2026-05-29T12:21:46Z","2026-05-29T12:21:46Z","Open-Meteo previsão futura atualizada: 3 linha(s). "
"2026-05-29T12:21:45Z","historical-forecast","ok","2026-05-29T12:21:46Z","2026-05-29T12:21:47Z","Open-Meteo arquivo de previsões atualizado: 10 linha(s). "
"2026-05-29T12:21:45Z","previous-runs","ok","2026-05-29T12:21:47Z","2026-05-29T12:21:47Z","Open-Meteo previous runs atualizados: 32 linha(s). "
"2026-05-29T12:21:45Z","errors","ok","2026-05-29T12:21:47Z","2026-05-29T12:21:47Z","Open-Meteo erros calculados: 32 linha(s). "
"2026-05-29T12:22:28Z","history","erro","2026-05-29T12:22:28Z","2026-05-29T12:22:39Z","Timeout was reached [archive-api.open-meteo.com]: SSL connection timeout"
"2026-05-29T12:22:28Z","forecast","ok","2026-05-29T12:22:39Z","2026-05-29T12:22:39Z","Open-Meteo previsão futura atualizada: 16 linha(s). "
"2026-05-29T12:22:28Z","historical-forecast","ok","2026-05-29T12:22:39Z","2026-05-29T12:22:45Z","Open-Meteo arquivo de previsões atualizado: 1610 linha(s). "
"2026-05-29T12:22:28Z","previous-runs","erro","2026-05-29T12:22:45Z","2026-05-29T12:22:55Z","Timeout was reached [previous-runs-api.open-meteo.com]: SSL connection timeout"
"2026-05-29T12:22:28Z","errors","ok","2026-05-29T12:22:55Z","2026-05-29T12:22:55Z","Open-Meteo erros calculados: 32 linha(s). "
"2026-05-29T12:23:14Z","history","ok","2026-05-29T12:23:14Z","2026-05-29T12:23:22Z","Open-Meteo histórico atualizado: 27901 linha(s). "
"2026-05-29T12:23:14Z","forecast","ok","2026-05-29T12:23:22Z","2026-05-29T12:23:23Z","Open-Meteo previsão futura atualizada: 16 linha(s). "
"2026-05-29T12:23:14Z","historical-forecast","ok","2026-05-29T12:23:23Z","2026-05-29T12:23:23Z","Open-Meteo arquivo de previsões atualizado: 31 linha(s). "
"2026-05-29T12:23:14Z","previous-runs","ok","2026-05-29T12:23:23Z","2026-05-29T12:23:29Z","Open-Meteo previous runs atualizados: 248 linha(s). "
"2026-05-29T12:23:14Z","errors","ok","2026-05-29T12:23:29Z","2026-05-29T12:23:29Z","Open-Meteo erros calculados: 248 linha(s). "
"2026-05-29T12:24:24Z","previous-runs","ok","2026-05-29T12:24:24Z","2026-05-29T12:28:00Z","Open-Meteo previous runs atualizados: 6894 linha(s). "
"2026-05-29T12:28:06Z","errors","ok","2026-05-29T12:28:06Z","2026-05-29T12:28:06Z","Open-Meteo erros calculados: 6894 linha(s). "
"2026-05-29T12:28:42Z","history","ok","2026-05-29T12:28:42Z","2026-05-29T12:28:44Z","Open-Meteo histórico atualizado: 31 linha(s). "
"2026-05-29T12:28:42Z","forecast","ok","2026-05-29T12:28:44Z","2026-05-29T12:28:44Z","Open-Meteo previsão futura atualizada: 16 linha(s). "
"2026-05-29T12:28:42Z","historical-forecast","ok","2026-05-29T12:28:44Z","2026-05-29T12:28:46Z","Open-Meteo arquivo de previsões atualizado: 31 linha(s). "
"2026-05-29T12:28:42Z","previous-runs","ok","2026-05-29T12:28:46Z","2026-05-29T12:28:47Z","Open-Meteo previous runs atualizados: 248 linha(s). "
"2026-05-29T12:28:42Z","errors","ok","2026-05-29T12:28:47Z","2026-05-29T12:28:48Z","Open-Meteo erros calculados: 6894 linha(s). "
"2026-05-29T12:30:01Z","history","ok","2026-05-29T12:30:01Z","2026-05-29T12:30:03Z","Open-Meteo histórico atualizado: 31 linha(s). "
"2026-05-29T12:30:01Z","forecast","ok","2026-05-29T12:30:03Z","2026-05-29T12:30:18Z","Request failed [502]. Retrying in 2.6 seconds... | Open-Meteo previsão futura atualizada: 16 linha(s). "
"2026-05-29T12:30:01Z","historical-forecast","ok","2026-05-29T12:30:18Z","2026-05-29T12:30:19Z","Open-Meteo arquivo de previsões atualizado: 31 linha(s). "
"2026-05-29T12:30:01Z","previous-runs","ok","2026-05-29T12:30:19Z","2026-05-29T12:30:24Z","Open-Meteo previous runs atualizados: 248 linha(s). "
"2026-05-29T12:30:01Z","errors","ok","2026-05-29T12:30:24Z","2026-05-29T12:30:24Z","Open-Meteo erros calculados: 6894 linha(s). "
"2026-05-29T17:52:47Z","history","ok","2026-05-29T17:52:47Z","2026-05-29T17:52:49Z","Open-Meteo histórico atualizado: 31 linha(s). "
"2026-05-29T17:52:47Z","forecast","ok","2026-05-29T17:52:49Z","2026-05-29T17:52:49Z","Open-Meteo previsão futura atualizada: 16 linha(s). "
"2026-05-29T17:52:47Z","historical-forecast","ok","2026-05-29T17:52:49Z","2026-05-29T17:52:50Z","Open-Meteo arquivo de previsões atualizado: 31 linha(s). "
"2026-05-29T17:52:47Z","previous-runs","ok","2026-05-29T17:52:50Z","2026-05-29T17:52:52Z","Open-Meteo previous runs atualizados: 248 linha(s). "
"2026-05-29T17:52:47Z","errors","ok","2026-05-29T17:52:52Z","2026-05-29T17:52:52Z","Open-Meteo erros calculados: 6894 linha(s). "
"2026-05-30T10:24:44Z","history","ok","2026-05-30T10:24:44Z","2026-05-30T10:24:45Z","Open-Meteo histórico atualizado: 32 linha(s). "
"2026-05-30T10:24:44Z","forecast","ok","2026-05-30T10:24:45Z","2026-05-30T10:24:46Z","Open-Meteo previsão futura atualizada: 16 linha(s). "
"2026-05-30T10:24:44Z","historical-forecast","ok","2026-05-30T10:24:46Z","2026-05-30T10:24:47Z","Open-Meteo arquivo de previsões atualizado: 32 linha(s). "
"2026-05-30T10:24:44Z","previous-runs","ok","2026-05-30T10:24:47Z","2026-05-30T10:24:51Z","Open-Meteo previous runs atualizados: 248 linha(s). "
"2026-05-30T10:24:44Z","errors","ok","2026-05-30T10:24:51Z","2026-05-30T10:24:51Z","Open-Meteo erros calculados: 6902 linha(s). "
"2026-05-30T15:50:05Z","history","ok","2026-05-30T15:50:05Z","2026-05-30T15:50:06Z","Open-Meteo histórico atualizado: 31 linha(s). "
"2026-05-30T15:50:05Z","forecast","ok","2026-05-30T15:50:06Z","2026-05-30T15:50:13Z","Open-Meteo previsão futura atualizada: 16 linha(s). "
"2026-05-30T15:50:05Z","historical-forecast","ok","2026-05-30T15:50:13Z","2026-05-30T15:50:14Z","Open-Meteo arquivo de previsões atualizado: 31 linha(s). "
"2026-05-30T15:50:05Z","previous-runs","ok","2026-05-30T15:50:14Z","2026-05-30T15:50:15Z","Open-Meteo previous runs atualizados: 248 linha(s). "
"2026-05-30T15:50:05Z","errors","ok","2026-05-30T15:50:15Z","2026-05-30T15:50:15Z","Open-Meteo erros calculados: 6902 linha(s). "
"2026-05-31T10:32:10Z","history","ok","2026-05-31T10:32:10Z","2026-05-31T10:32:11Z","Open-Meteo histórico atualizado: 32 linha(s). "
"2026-05-31T10:32:10Z","forecast","ok","2026-05-31T10:32:11Z","2026-05-31T10:32:12Z","Open-Meteo previsão futura atualizada: 16 linha(s). "
"2026-05-31T10:32:10Z","historical-forecast","ok","2026-05-31T10:32:12Z","2026-05-31T10:32:12Z","Open-Meteo arquivo de previsões atualizado: 32 linha(s). "
"2026-05-31T10:32:10Z","previous-runs","ok","2026-05-31T10:32:12Z","2026-05-31T10:32:13Z","Open-Meteo previous runs atualizados: 248 linha(s). "
"2026-05-31T10:32:10Z","errors","ok","2026-05-31T10:32:13Z","2026-05-31T10:32:14Z","Open-Meteo erros calculados: 6910 linha(s). "
"2026-05-31T15:51:54Z","history","ok","2026-05-31T15:51:54Z","2026-05-31T15:51:55Z","Open-Meteo histórico atualizado: 31 linha(s). "
"2026-05-31T15:51:54Z","forecast","ok","2026-05-31T15:51:55Z","2026-05-31T15:51:56Z","Open-Meteo previsão futura atualizada: 16 linha(s). "
"2026-05-31T15:51:54Z","historical-forecast","ok","2026-05-31T15:51:56Z","2026-05-31T15:51:58Z","Open-Meteo arquivo de previsões atualizado: 31 linha(s). "
"2026-05-31T15:51:54Z","previous-runs","ok","2026-05-31T15:51:58Z","2026-05-31T15:52:01Z","Open-Meteo previous runs atualizados: 248 linha(s). "
"2026-05-31T15:51:54Z","errors","ok","2026-05-31T15:52:01Z","2026-05-31T15:52:01Z","Open-Meteo erros calculados: 6910 linha(s). "
"2026-06-01T14:38:43Z","history","ok","2026-06-01T14:38:43Z","2026-06-01T14:38:44Z","Open-Meteo histórico atualizado: 32 linha(s). "
"2026-06-01T14:38:43Z","forecast","ok","2026-06-01T14:38:44Z","2026-06-01T14:38:45Z","Open-Meteo previsão futura atualizada: 16 linha(s). "
"2026-06-01T14:38:43Z","historical-forecast","ok","2026-06-01T14:38:45Z","2026-06-01T14:38:48Z","Open-Meteo arquivo de previsões atualizado: 32 linha(s). "
"2026-06-01T14:38:43Z","previous-runs","ok","2026-06-01T14:38:48Z","2026-06-01T14:38:50Z","Open-Meteo previous runs atualizados: 248 linha(s). "
"2026-06-01T14:38:43Z","errors","ok","2026-06-01T14:38:50Z","2026-06-01T14:38:50Z","Open-Meteo erros calculados: 6918 linha(s). "
"2026-06-01T19:31:05Z","history","ok","2026-06-01T19:31:05Z","2026-06-01T19:31:06Z","Open-Meteo histórico atualizado: 31 linha(s). "
"2026-06-01T19:31:05Z","forecast","ok","2026-06-01T19:31:06Z","2026-06-01T19:31:06Z","Open-Meteo previsão futura atualizada: 16 linha(s). "
"2026-06-01T19:31:05Z","historical-forecast","ok","2026-06-01T19:31:06Z","2026-06-01T19:31:07Z","Open-Meteo arquivo de previsões atualizado: 31 linha(s). "
"2026-06-01T19:31:05Z","previous-runs","ok","2026-06-01T19:31:07Z","2026-06-01T19:31:09Z","Open-Meteo previous runs atualizados: 248 linha(s). "
"2026-06-01T19:31:05Z","errors","ok","2026-06-01T19:31:09Z","2026-06-01T19:31:10Z","Open-Meteo erros calculados: 6918 linha(s). "
"2026-06-02T12:27:13Z","history","ok","2026-06-02T12:27:13Z","2026-06-02T12:27:15Z","Open-Meteo histórico atualizado: 32 linha(s). "
"2026-06-02T12:27:13Z","forecast","ok","2026-06-02T12:27:15Z","2026-06-02T12:27:16Z","Open-Meteo previsão futura atualizada: 16 linha(s). "
"2026-06-02T12:27:13Z","historical-forecast","ok","2026-06-02T12:27:16Z","2026-06-02T12:27:18Z","Open-Meteo arquivo de previsões atualizado: 32 linha(s). "
"2026-06-02T12:27:13Z","previous-runs","ok","2026-06-02T12:27:18Z","2026-06-02T12:27:19Z","Open-Meteo previous runs atualizados: 248 linha(s). "
"2026-06-02T12:27:13Z","errors","ok","2026-06-02T12:27:19Z","2026-06-02T12:27:20Z","Open-Meteo erros calculados: 6926 linha(s). "
"2026-06-02T18:23:28Z","history","ok","2026-06-02T18:23:28Z","2026-06-02T18:23:30Z","Open-Meteo histórico atualizado: 31 linha(s). "
"2026-06-02T18:23:28Z","forecast","ok","2026-06-02T18:23:30Z","2026-06-02T18:23:31Z","Open-Meteo previsão futura atualizada: 16 linha(s). "
"2026-06-02T18:23:28Z","historical-forecast","ok","2026-06-02T18:23:31Z","2026-06-02T18:23:31Z","Open-Meteo arquivo de previsões atualizado: 31 linha(s). "
"2026-06-02T18:23:28Z","previous-runs","ok","2026-06-02T18:23:31Z","2026-06-02T18:23:36Z","Open-Meteo previous runs atualizados: 248 linha(s). "
"2026-06-02T18:23:28Z","errors","ok","2026-06-02T18:23:36Z","2026-06-02T18:23:36Z","Open-Meteo erros calculados: 6926 linha(s). "
"2026-06-03T12:56:56Z","history","ok","2026-06-03T12:56:56Z","2026-06-03T12:56:58Z","Open-Meteo histórico atualizado: 32 linha(s). "
"2026-06-03T12:56:56Z","forecast","ok","2026-06-03T12:56:58Z","2026-06-03T12:56:58Z","Open-Meteo previsão futura atualizada: 16 linha(s). "
"2026-06-03T12:56:56Z","historical-forecast","ok","2026-06-03T12:56:58Z","2026-06-03T12:57:00Z","Open-Meteo arquivo de previsões atualizado: 32 linha(s). "
"2026-06-03T12:56:56Z","previous-runs","ok","2026-06-03T12:57:00Z","2026-06-03T12:57:01Z","Open-Meteo previous runs atualizados: 248 linha(s). "
"2026-06-03T12:56:56Z","errors","ok","2026-06-03T12:57:01Z","2026-06-03T12:57:01Z","Open-Meteo erros calculados: 6934 linha(s). "
"2026-06-03T18:36:42Z","history","ok","2026-06-03T18:36:42Z","2026-06-03T18:36:44Z","Open-Meteo histórico atualizado: 31 linha(s). "
"2026-06-03T18:36:42Z","forecast","ok","2026-06-03T18:36:44Z","2026-06-03T18:36:44Z","Open-Meteo previsão futura atualizada: 16 linha(s). "
"2026-06-03T18:36:42Z","historical-forecast","ok","2026-06-03T18:36:44Z","2026-06-03T18:36:46Z","Open-Meteo arquivo de previsões atualizado: 31 linha(s). "
"2026-06-03T18:36:42Z","previous-runs","ok","2026-06-03T18:36:46Z","2026-06-03T18:36:47Z","Open-Meteo previous runs atualizados: 248 linha(s). "
"2026-06-03T18:36:42Z","errors","ok","2026-06-03T18:36:47Z","2026-06-03T18:36:48Z","Open-Meteo erros calculados: 6934 linha(s). "
"2026-06-04T11:33:39Z","history","ok","2026-06-04T11:33:39Z","2026-06-04T11:33:40Z","Open-Meteo histórico atualizado: 32 linha(s). "
"2026-06-04T11:33:39Z","forecast","erro","2026-06-04T11:33:40Z","2026-06-04T11:33:58Z","Request failed [502]. Retrying in 1.8 seconds... | Request failed [502]. Retrying in 3.5 seconds... | Request failed [502]. Retrying in 11.3 seconds... | Open-Meteo HTTP 502: <html> <head><title>502 Bad Gateway</title></head> <body> <center><h1>502 Bad Gateway</h1></center> <hr><center>nginx</center> </body> </html> "
"2026-06-04T11:33:39Z","historical-forecast","ok","2026-06-04T11:33:58Z","2026-06-04T11:33:59Z","Open-Meteo arquivo de previsões atualizado: 32 linha(s). "
"2026-06-04T11:33:39Z","previous-runs","ok","2026-06-04T11:33:59Z","2026-06-04T11:34:02Z","Open-Meteo previous runs atualizados: 248 linha(s). "
"2026-06-04T11:33:39Z","errors","ok","2026-06-04T11:34:02Z","2026-06-04T11:34:02Z","Open-Meteo erros calculados: 6942 linha(s). "
"2026-06-04T17:30:51Z","history","ok","2026-06-04T17:30:51Z","2026-06-04T17:30:52Z","Open-Meteo histórico atualizado: 31 linha(s). "
"2026-06-04T17:30:51Z","forecast","ok","2026-06-04T17:30:52Z","2026-06-04T17:30:53Z","Open-Meteo previsão futura atualizada: 16 linha(s). "
"2026-06-04T17:30:51Z","historical-forecast","ok","2026-06-04T17:30:53Z","2026-06-04T17:30:54Z","Open-Meteo arquivo de previsões atualizado: 31 linha(s). "
"2026-06-04T17:30:51Z","previous-runs","ok","2026-06-04T17:30:54Z","2026-06-04T17:30:56Z","Open-Meteo previous runs atualizados: 248 linha(s). "
"2026-06-04T17:30:51Z","errors","ok","2026-06-04T17:30:56Z","2026-06-04T17:30:57Z","Open-Meteo erros calculados: 6942 linha(s). "
"2026-06-05T11:44:34Z","history","ok","2026-06-05T11:44:34Z","2026-06-05T11:44:35Z","Open-Meteo histórico atualizado: 32 linha(s). "
"2026-06-05T11:44:34Z","forecast","ok","2026-06-05T11:44:35Z","2026-06-05T11:44:36Z","Open-Meteo previsão futura atualizada: 16 linha(s). "
"2026-06-05T11:44:34Z","historical-forecast","ok","2026-06-05T11:44:36Z","2026-06-05T11:44:38Z","Open-Meteo arquivo de previsões atualizado: 32 linha(s). "
"2026-06-05T11:44:34Z","previous-runs","ok","2026-06-05T11:44:38Z","2026-06-05T11:44:39Z","Open-Meteo previous runs atualizados: 248 linha(s). "
"2026-06-05T11:44:34Z","errors","ok","2026-06-05T11:44:39Z","2026-06-05T11:44:39Z","Open-Meteo erros calculados: 6950 linha(s). "
"2026-06-05T17:01:30Z","history","ok","2026-06-05T17:01:30Z","2026-06-05T17:01:31Z","Open-Meteo histórico atualizado: 31 linha(s). "
"2026-06-05T17:01:30Z","forecast","ok","2026-06-05T17:01:31Z","2026-06-05T17:01:31Z","Open-Meteo previsão futura atualizada: 16 linha(s). "
"2026-06-05T17:01:30Z","historical-forecast","ok","2026-06-05T17:01:31Z","2026-06-05T17:01:32Z","Open-Meteo arquivo de previsões atualizado: 31 linha(s). "
"2026-06-05T17:01:30Z","previous-runs","ok","2026-06-05T17:01:32Z","2026-06-05T17:01:35Z","Open-Meteo previous runs atualizados: 248 linha(s). "
"2026-06-05T17:01:30Z","errors","ok","2026-06-05T17:01:35Z","2026-06-05T17:01:36Z","Open-Meteo erros calculados: 6950 linha(s). "
"2026-06-06T10:31:20Z","history","ok","2026-06-06T10:31:20Z","2026-06-06T10:31:21Z","Open-Meteo histórico atualizado: 32 linha(s). "
"2026-06-06T10:31:20Z","forecast","ok","2026-06-06T10:31:21Z","2026-06-06T10:31:22Z","Open-Meteo previsão futura atualizada: 16 linha(s). "
"2026-06-06T10:31:20Z","historical-forecast","ok","2026-06-06T10:31:22Z","2026-06-06T10:31:23Z","Open-Meteo arquivo de previsões atualizado: 32 linha(s). "
"2026-06-06T10:31:20Z","previous-runs","ok","2026-06-06T10:31:23Z","2026-06-06T10:31:25Z","Open-Meteo previous runs atualizados: 248 linha(s). "
"2026-06-06T10:31:20Z","errors","ok","2026-06-06T10:31:25Z","2026-06-06T10:31:25Z","Open-Meteo erros calculados: 6958 linha(s). "
"2026-06-06T15:53:09Z","history","ok","2026-06-06T15:53:09Z","2026-06-06T15:53:11Z","Open-Meteo histórico atualizado: 31 linha(s). "
"2026-06-06T15:53:09Z","forecast","ok","2026-06-06T15:53:11Z","2026-06-06T15:53:11Z","Open-Meteo previsão futura atualizada: 16 linha(s). "
"2026-06-06T15:53:09Z","historical-forecast","ok","2026-06-06T15:53:11Z","2026-06-06T15:53:12Z","Open-Meteo arquivo de previsões atualizado: 31 linha(s). "
"2026-06-06T15:53:09Z","previous-runs","ok","2026-06-06T15:53:12Z","2026-06-06T15:53:14Z","Open-Meteo previous runs atualizados: 248 linha(s). "
"2026-06-06T15:53:09Z","errors","ok","2026-06-06T15:53:14Z","2026-06-06T15:53:15Z","Open-Meteo erros calculados: 6958 linha(s). "
"2026-06-07T10:41:57Z","history","ok","2026-06-07T10:41:57Z","2026-06-07T10:41:59Z","Open-Meteo histórico atualizado: 32 linha(s). "
"2026-06-07T10:41:57Z","forecast","ok","2026-06-07T10:41:59Z","2026-06-07T10:41:59Z","Open-Meteo previsão futura atualizada: 16 linha(s). "
"2026-06-07T10:41:57Z","historical-forecast","ok","2026-06-07T10:41:59Z","2026-06-07T10:42:01Z","Open-Meteo arquivo de previsões atualizado: 32 linha(s). "
"2026-06-07T10:41:57Z","previous-runs","ok","2026-06-07T10:42:01Z","2026-06-07T10:42:03Z","Open-Meteo previous runs atualizados: 248 linha(s). "
"2026-06-07T10:41:57Z","errors","ok","2026-06-07T10:42:03Z","2026-06-07T10:42:03Z","Open-Meteo erros calculados: 6966 linha(s). "
"2026-06-07T15:52:43Z","history","ok","2026-06-07T15:52:43Z","2026-06-07T15:52:45Z","Open-Meteo histórico atualizado: 31 linha(s). "
"2026-06-07T15:52:43Z","forecast","ok","2026-06-07T15:52:45Z","2026-06-07T15:52:46Z","Open-Meteo previsão futura atualizada: 16 linha(s). "
"2026-06-07T15:52:43Z","historical-forecast","ok","2026-06-07T15:52:46Z","2026-06-07T15:52:48Z","Open-Meteo arquivo de previsões atualizado: 31 linha(s). "
"2026-06-07T15:52:43Z","previous-runs","ok","2026-06-07T15:52:48Z","2026-06-07T15:52:50Z","Open-Meteo previous runs atualizados: 248 linha(s). "
"2026-06-07T15:52:43Z","errors","ok","2026-06-07T15:52:50Z","2026-06-07T15:52:50Z","Open-Meteo erros calculados: 6966 linha(s). "
"2026-06-08T12:47:29Z","history","ok","2026-06-08T12:47:29Z","2026-06-08T12:47:30Z","Open-Meteo histórico atualizado: 32 linha(s). "
"2026-06-08T12:47:29Z","forecast","ok","2026-06-08T12:47:30Z","2026-06-08T12:47:31Z","Open-Meteo previsão futura atualizada: 16 linha(s). "
"2026-06-08T12:47:29Z","historical-forecast","ok","2026-06-08T12:47:31Z","2026-06-08T12:47:31Z","Open-Meteo arquivo de previsões atualizado: 32 linha(s). "
"2026-06-08T12:47:29Z","previous-runs","ok","2026-06-08T12:47:31Z","2026-06-08T12:47:37Z","Open-Meteo previous runs atualizados: 248 linha(s). "
"2026-06-08T12:47:29Z","errors","ok","2026-06-08T12:47:37Z","2026-06-08T12:47:37Z","Open-Meteo erros calculados: 6974 linha(s). "
"2026-06-08T17:36:32Z","history","ok","2026-06-08T17:36:32Z","2026-06-08T17:36:33Z","Open-Meteo histórico atualizado: 31 linha(s). "
"2026-06-08T17:36:32Z","forecast","ok","2026-06-08T17:36:33Z","2026-06-08T17:36:34Z","Open-Meteo previsão futura atualizada: 16 linha(s). "
"2026-06-08T17:36:32Z","historical-forecast","ok","2026-06-08T17:36:34Z","2026-06-08T17:36:35Z","Open-Meteo arquivo de previsões atualizado: 31 linha(s). "
"2026-06-08T17:36:32Z","previous-runs","ok","2026-06-08T17:36:35Z","2026-06-08T17:36:36Z","Open-Meteo previous runs atualizados: 248 linha(s). "
"2026-06-08T17:36:32Z","errors","ok","2026-06-08T17:36:36Z","2026-06-08T17:36:36Z","Open-Meteo erros calculados: 6974 linha(s). "
"2026-06-09T11:42:21Z","history","ok","2026-06-09T11:42:21Z","2026-06-09T11:42:23Z","Open-Meteo histórico atualizado: 32 linha(s). "
"2026-06-09T11:42:21Z","forecast","ok","2026-06-09T11:42:23Z","2026-06-09T11:42:24Z","Open-Meteo previsão futura atualizada: 16 linha(s). "
"2026-06-09T11:42:21Z","historical-forecast","ok","2026-06-09T11:42:24Z","2026-06-09T11:42:25Z","Open-Meteo arquivo de previsões atualizado: 32 linha(s). "
"2026-06-09T11:42:21Z","previous-runs","ok","2026-06-09T11:42:25Z","2026-06-09T11:42:26Z","Open-Meteo previous runs atualizados: 248 linha(s). "
"2026-06-09T11:42:21Z","errors","ok","2026-06-09T11:42:26Z","2026-06-09T11:42:26Z","Open-Meteo erros calculados: 6982 linha(s). "
"2026-06-09T17:10:46Z","history","ok","2026-06-09T17:10:46Z","2026-06-09T17:10:50Z","Open-Meteo histórico atualizado: 31 linha(s). "
"2026-06-09T17:10:46Z","forecast","ok","2026-06-09T17:10:50Z","2026-06-09T17:10:50Z","Open-Meteo previsão futura atualizada: 16 linha(s). "
"2026-06-09T17:10:46Z","historical-forecast","ok","2026-06-09T17:10:50Z","2026-06-09T17:10:54Z","Open-Meteo arquivo de previsões atualizado: 31 linha(s). "
"2026-06-09T17:10:46Z","previous-runs","ok","2026-06-09T17:10:54Z","2026-06-09T17:10:55Z","Open-Meteo previous runs atualizados: 248 linha(s). "
"2026-06-09T17:10:46Z","errors","ok","2026-06-09T17:10:55Z","2026-06-09T17:10:56Z","Open-Meteo erros calculados: 6982 linha(s). "
"2026-06-10T11:54:38Z","history","ok","2026-06-10T11:54:38Z","2026-06-10T11:54:39Z","Open-Meteo histórico atualizado: 32 linha(s). "
"2026-06-10T11:54:38Z","forecast","ok","2026-06-10T11:54:39Z","2026-06-10T11:54:40Z","Open-Meteo previsão futura atualizada: 16 linha(s). "
"2026-06-10T11:54:38Z","historical-forecast","ok","2026-06-10T11:54:40Z","2026-06-10T11:54:41Z","Open-Meteo arquivo de previsões atualizado: 32 linha(s). "
"2026-06-10T11:54:38Z","previous-runs","ok","2026-06-10T11:54:41Z","2026-06-10T11:54:44Z","Open-Meteo previous runs atualizados: 248 linha(s). "
"2026-06-10T11:54:38Z","errors","ok","2026-06-10T11:54:44Z","2026-06-10T11:54:45Z","Open-Meteo erros calculados: 6990 linha(s). "
"2026-06-10T17:43:59Z","history","ok","2026-06-10T17:43:59Z","2026-06-10T17:44:00Z","Open-Meteo histórico atualizado: 31 linha(s). "
"2026-06-10T17:43:59Z","forecast","ok","2026-06-10T17:44:00Z","2026-06-10T17:44:01Z","Open-Meteo previsão futura atualizada: 16 linha(s). "
"2026-06-10T17:43:59Z","historical-forecast","ok","2026-06-10T17:44:01Z","2026-06-10T17:44:04Z","Open-Meteo arquivo de previsões atualizado: 31 linha(s). "
"2026-06-10T17:43:59Z","previous-runs","ok","2026-06-10T17:44:04Z","2026-06-10T17:44:05Z","Open-Meteo previous runs atualizados: 248 linha(s). "
"2026-06-10T17:43:59Z","errors","ok","2026-06-10T17:44:05Z","2026-06-10T17:44:05Z","Open-Meteo erros calculados: 6990 linha(s). "
"2026-06-11T12:29:38Z","history","ok","2026-06-11T12:29:38Z","2026-06-11T12:29:39Z","Open-Meteo histórico atualizado: 32 linha(s). "
"2026-06-11T12:29:38Z","forecast","ok","2026-06-11T12:29:39Z","2026-06-11T12:29:57Z","Error in curl::curl_fetch_memory(url, handle = handle): Timeout was reached [api.open-meteo.com]: Resolving timed out after 10000 milliseconds Request failed [ERROR]. Retrying in 1 seconds... | Open-Meteo previsão futura atualizada: 16 linha(s). "
"2026-06-11T12:29:38Z","historical-forecast","ok","2026-06-11T12:29:57Z","2026-06-11T12:29:57Z","Open-Meteo arquivo de previsões atualizado: 32 linha(s). "
"2026-06-11T12:29:38Z","previous-runs","ok","2026-06-11T12:29:57Z","2026-06-11T12:30:02Z","Open-Meteo previous runs atualizados: 248 linha(s). "
"2026-06-11T12:29:38Z","errors","ok","2026-06-11T12:30:02Z","2026-06-11T12:30:03Z","Open-Meteo erros calculados: 6998 linha(s). "
"2026-06-11T17:52:35Z","history","ok","2026-06-11T17:52:35Z","2026-06-11T17:52:38Z","Open-Meteo histórico atualizado: 31 linha(s). "
"2026-06-11T17:52:35Z","forecast","ok","2026-06-11T17:52:38Z","2026-06-11T17:52:38Z","Open-Meteo previsão futura atualizada: 16 linha(s). "
"2026-06-11T17:52:35Z","historical-forecast","ok","2026-06-11T17:52:38Z","2026-06-11T17:52:39Z","Open-Meteo arquivo de previsões atualizado: 31 linha(s). "
"2026-06-11T17:52:35Z","previous-runs","ok","2026-06-11T17:52:39Z","2026-06-11T17:52:45Z","Open-Meteo previous runs atualizados: 248 linha(s). "
"2026-06-11T17:52:35Z","errors","ok","2026-06-11T17:52:45Z","2026-06-11T17:52:45Z","Open-Meteo erros calculados: 6998 linha(s). "
"2026-06-12T12:00:52Z","history","ok","2026-06-12T12:00:52Z","2026-06-12T12:00:53Z","Open-Meteo histórico atualizado: 32 linha(s). "
"2026-06-12T12:00:52Z","forecast","ok","2026-06-12T12:00:53Z","2026-06-12T12:01:12Z","Error in curl::curl_fetch_memory(url, handle = handle): Timeout was reached [api.open-meteo.com]: Resolving timed out after 10000 milliseconds Request failed [ERROR]. Retrying in 2.2 seconds... | Open-Meteo previsão futura atualizada: 16 linha(s). "
"2026-06-12T12:00:52Z","historical-forecast","ok","2026-06-12T12:01:12Z","2026-06-12T12:01:13Z","Open-Meteo arquivo de previsões atualizado: 32 linha(s). "
"2026-06-12T12:00:52Z","previous-runs","ok","2026-06-12T12:01:13Z","2026-06-12T12:01:14Z","Open-Meteo previous runs atualizados: 248 linha(s). "
"2026-06-12T12:00:52Z","errors","ok","2026-06-12T12:01:14Z","2026-06-12T12:01:15Z","Open-Meteo erros calculados: 7006 linha(s). "
"2026-06-12T17:24:56Z","history","ok","2026-06-12T17:24:56Z","2026-06-12T17:24:58Z","Open-Meteo histórico atualizado: 31 linha(s). "
"2026-06-12T17:24:56Z","forecast","ok","2026-06-12T17:24:58Z","2026-06-12T17:24:58Z","Open-Meteo previsão futura atualizada: 16 linha(s). "
"2026-06-12T17:24:56Z","historical-forecast","ok","2026-06-12T17:24:58Z","2026-06-12T17:25:00Z","Open-Meteo arquivo de previsões atualizado: 31 linha(s). "
"2026-06-12T17:24:56Z","previous-runs","ok","2026-06-12T17:25:00Z","2026-06-12T17:25:04Z","Open-Meteo previous runs atualizados: 248 linha(s). "
"2026-06-12T17:24:56Z","errors","ok","2026-06-12T17:25:04Z","2026-06-12T17:25:04Z","Open-Meteo erros calculados: 7006 linha(s). "
"2026-06-13T10:59:09Z","history","ok","2026-06-13T10:59:09Z","2026-06-13T10:59:11Z","Open-Meteo histórico atualizado: 32 linha(s). "
"2026-06-13T10:59:09Z","forecast","ok","2026-06-13T10:59:11Z","2026-06-13T10:59:12Z","Open-Meteo previsão futura atualizada: 16 linha(s). "
"2026-06-13T10:59:09Z","historical-forecast","ok","2026-06-13T10:59:12Z","2026-06-13T10:59:12Z","Open-Meteo arquivo de previsões atualizado: 32 linha(s). "
"2026-06-13T10:59:09Z","previous-runs","ok","2026-06-13T10:59:12Z","2026-06-13T10:59:17Z","Open-Meteo previous runs atualizados: 248 linha(s). "
"2026-06-13T10:59:09Z","errors","ok","2026-06-13T10:59:17Z","2026-06-13T10:59:17Z","Open-Meteo erros calculados: 7014 linha(s). "
"2026-06-13T16:01:14Z","history","ok","2026-06-13T16:01:14Z","2026-06-13T16:01:16Z","Open-Meteo histórico atualizado: 31 linha(s). "
"2026-06-13T16:01:14Z","forecast","ok","2026-06-13T16:01:16Z","2026-06-13T16:01:17Z","Open-Meteo previsão futura atualizada: 16 linha(s). "
"2026-06-13T16:01:14Z","historical-forecast","ok","2026-06-13T16:01:17Z","2026-06-13T16:01:19Z","Open-Meteo arquivo de previsões atualizado: 31 linha(s). "
"2026-06-13T16:01:14Z","previous-runs","ok","2026-06-13T16:01:19Z","2026-06-13T16:01:22Z","Open-Meteo previous runs atualizados: 248 linha(s). "
"2026-06-13T16:01:14Z","errors","ok","2026-06-13T16:01:22Z","2026-06-13T16:01:23Z","Open-Meteo erros calculados: 7014 linha(s). "
"2026-06-14T11:14:57Z","history","ok","2026-06-14T11:14:57Z","2026-06-14T11:14:59Z","Open-Meteo histórico atualizado: 32 linha(s). "
"2026-06-14T11:14:57Z","forecast","ok","2026-06-14T11:14:59Z","2026-06-14T11:14:59Z","Open-Meteo previsão futura atualizada: 16 linha(s). "
"2026-06-14T11:14:57Z","historical-forecast","ok","2026-06-14T11:14:59Z","2026-06-14T11:15:00Z","Open-Meteo arquivo de previsões atualizado: 32 linha(s). "
"2026-06-14T11:14:57Z","previous-runs","ok","2026-06-14T11:15:00Z","2026-06-14T11:15:05Z","Open-Meteo previous runs atualizados: 248 linha(s). "
"2026-06-14T11:14:57Z","errors","ok","2026-06-14T11:15:05Z","2026-06-14T11:15:05Z","Open-Meteo erros calculados: 7022 linha(s). "
"2026-06-14T16:08:49Z","history","ok","2026-06-14T16:08:49Z","2026-06-14T16:08:51Z","Open-Meteo histórico atualizado: 31 linha(s). "
"2026-06-14T16:08:49Z","forecast","ok","2026-06-14T16:08:51Z","2026-06-14T16:08:52Z","Open-Meteo previsão futura atualizada: 16 linha(s). "
"2026-06-14T16:08:49Z","historical-forecast","ok","2026-06-14T16:08:52Z","2026-06-14T16:08:53Z","Open-Meteo arquivo de previsões atualizado: 31 linha(s). "
"2026-06-14T16:08:49Z","previous-runs","ok","2026-06-14T16:08:53Z","2026-06-14T16:08:56Z","Open-Meteo previous runs atualizados: 248 linha(s). "
"2026-06-14T16:08:49Z","errors","ok","2026-06-14T16:08:56Z","2026-06-14T16:08:56Z","Open-Meteo erros calculados: 7022 linha(s). "
"2026-06-15T14:44:57Z","history","ok","2026-06-15T14:44:57Z","2026-06-15T14:44:58Z","Open-Meteo histórico atualizado: 32 linha(s). "
"2026-06-15T14:44:57Z","forecast","ok","2026-06-15T14:44:58Z","2026-06-15T14:44:59Z","Open-Meteo previsão futura atualizada: 16 linha(s). "
"2026-06-15T14:44:57Z","historical-forecast","ok","2026-06-15T14:44:59Z","2026-06-15T14:45:00Z","Open-Meteo arquivo de previsões atualizado: 32 linha(s). "
"2026-06-15T14:44:57Z","previous-runs","ok","2026-06-15T14:45:00Z","2026-06-15T14:45:04Z","Open-Meteo previous runs atualizados: 248 linha(s). "
"2026-06-15T14:44:57Z","errors","ok","2026-06-15T14:45:04Z","2026-06-15T14:45:04Z","Open-Meteo erros calculados: 7030 linha(s). "
"2026-06-15T18:51:32Z","history","ok","2026-06-15T18:51:32Z","2026-06-15T18:51:33Z","Open-Meteo histórico atualizado: 31 linha(s). "
"2026-06-15T18:51:32Z","forecast","ok","2026-06-15T18:51:33Z","2026-06-15T18:51:33Z","Open-Meteo previsão futura atualizada: 16 linha(s). "
"2026-06-15T18:51:32Z","historical-forecast","ok","2026-06-15T18:51:33Z","2026-06-15T18:51:34Z","Open-Meteo arquivo de previsões atualizado: 31 linha(s). "
"2026-06-15T18:51:32Z","previous-runs","ok","2026-06-15T18:51:34Z","2026-06-15T18:51:36Z","Open-Meteo previous runs atualizados: 248 linha(s). "
"2026-06-15T18:51:32Z","errors","ok","2026-06-15T18:51:36Z","2026-06-15T18:51:37Z","Open-Meteo erros calculados: 7030 linha(s). "
"2026-06-16T13:13:59Z","history","ok","2026-06-16T13:13:59Z","2026-06-16T13:14:00Z","Open-Meteo histórico atualizado: 32 linha(s). "
"2026-06-16T13:13:59Z","forecast","ok","2026-06-16T13:14:00Z","2026-06-16T13:14:01Z","Open-Meteo previsão futura atualizada: 16 linha(s). "
"2026-06-16T13:13:59Z","historical-forecast","ok","2026-06-16T13:14:01Z","2026-06-16T13:14:02Z","Open-Meteo arquivo de previsões atualizado: 32 linha(s). "
"2026-06-16T13:13:59Z","previous-runs","ok","2026-06-16T13:14:02Z","2026-06-16T13:14:03Z","Open-Meteo previous runs atualizados: 248 linha(s). "
"2026-06-16T13:13:59Z","errors","ok","2026-06-16T13:14:03Z","2026-06-16T13:14:04Z","Open-Meteo erros calculados: 7038 linha(s). "
"2026-06-16T18:44:35Z","history","ok","2026-06-16T18:44:35Z","2026-06-16T18:44:38Z","Open-Meteo histórico atualizado: 31 linha(s). "
"2026-06-16T18:44:35Z","forecast","ok","2026-06-16T18:44:38Z","2026-06-16T18:44:39Z","Open-Meteo previsão futura atualizada: 16 linha(s). "
"2026-06-16T18:44:35Z","historical-forecast","ok","2026-06-16T18:44:39Z","2026-06-16T18:44:39Z","Open-Meteo arquivo de previsões atualizado: 31 linha(s). "
"2026-06-16T18:44:35Z","previous-runs","ok","2026-06-16T18:44:39Z","2026-06-16T18:44:46Z","Open-Meteo previous runs atualizados: 248 linha(s). "
"2026-06-16T18:44:35Z","errors","ok","2026-06-16T18:44:46Z","2026-06-16T18:44:46Z","Open-Meteo erros calculados: 7038 linha(s). "
"2026-06-17T12:38:14Z","history","ok","2026-06-17T12:38:14Z","2026-06-17T12:38:15Z","Open-Meteo histórico atualizado: 32 linha(s). "
"2026-06-17T12:38:14Z","forecast","ok","2026-06-17T12:38:15Z","2026-06-17T12:38:16Z","Open-Meteo previsão futura atualizada: 16 linha(s). "
"2026-06-17T12:38:14Z","historical-forecast","ok","2026-06-17T12:38:16Z","2026-06-17T12:38:17Z","Open-Meteo arquivo de previsões atualizado: 32 linha(s). "
"2026-06-17T12:38:14Z","previous-runs","ok","2026-06-17T12:38:17Z","2026-06-17T12:38:22Z","Open-Meteo previous runs atualizados: 248 linha(s). "
"2026-06-17T12:38:14Z","errors","ok","2026-06-17T12:38:22Z","2026-06-17T12:38:22Z","Open-Meteo erros calculados: 7046 linha(s). "
"2026-06-17T17:31:27Z","history","ok","2026-06-17T17:31:27Z","2026-06-17T17:31:30Z","Open-Meteo histórico atualizado: 31 linha(s). "
"2026-06-17T17:31:27Z","forecast","ok","2026-06-17T17:31:30Z","2026-06-17T17:31:30Z","Open-Meteo previsão futura atualizada: 16 linha(s). "
"2026-06-17T17:31:27Z","historical-forecast","ok","2026-06-17T17:31:30Z","2026-06-17T17:31:31Z","Open-Meteo arquivo de previsões atualizado: 31 linha(s). "
"2026-06-17T17:31:27Z","previous-runs","ok","2026-06-17T17:31:31Z","2026-06-17T17:31:32Z","Open-Meteo previous runs atualizados: 248 linha(s). "
"2026-06-17T17:31:27Z","errors","ok","2026-06-17T17:31:32Z","2026-06-17T17:31:32Z","Open-Meteo erros calculados: 7046 linha(s). "
"2026-06-18T12:03:50Z","history","ok","2026-06-18T12:03:50Z","2026-06-18T12:03:51Z","Open-Meteo histórico atualizado: 32 linha(s). "
"2026-06-18T12:03:50Z","forecast","ok","2026-06-18T12:03:51Z","2026-06-18T12:03:52Z","Open-Meteo previsão futura atualizada: 16 linha(s). "
"2026-06-18T12:03:50Z","historical-forecast","ok","2026-06-18T12:03:52Z","2026-06-18T12:03:55Z","Open-Meteo arquivo de previsões atualizado: 32 linha(s). "
"2026-06-18T12:03:50Z","previous-runs","ok","2026-06-18T12:03:55Z","2026-06-18T12:03:56Z","Open-Meteo previous runs atualizados: 248 linha(s). "
"2026-06-18T12:03:50Z","errors","ok","2026-06-18T12:03:56Z","2026-06-18T12:03:56Z","Open-Meteo erros calculados: 7054 linha(s). "
"2026-06-19T12:33:08Z","history","ok","2026-06-19T12:33:08Z","2026-06-19T12:33:09Z","Open-Meteo histórico atualizado: 32 linha(s). "
"2026-06-19T12:33:08Z","forecast","ok","2026-06-19T12:33:09Z","2026-06-19T12:33:10Z","Open-Meteo previsão futura atualizada: 16 linha(s). "
"2026-06-19T12:33:08Z","historical-forecast","ok","2026-06-19T12:33:10Z","2026-06-19T12:33:11Z","Open-Meteo arquivo de previsões atualizado: 32 linha(s). "
"2026-06-19T12:33:08Z","previous-runs","ok","2026-06-19T12:33:11Z","2026-06-19T12:33:14Z","Open-Meteo previous runs atualizados: 248 linha(s). "
"2026-06-19T12:33:08Z","errors","ok","2026-06-19T12:33:14Z","2026-06-19T12:33:14Z","Open-Meteo erros calculados: 7062 linha(s). "
"2026-06-19T17:00:41Z","history","ok","2026-06-19T17:00:41Z","2026-06-19T17:00:42Z","Open-Meteo histórico atualizado: 31 linha(s). "
"2026-06-19T17:00:41Z","forecast","ok","2026-06-19T17:00:42Z","2026-06-19T17:00:43Z","Open-Meteo previsão futura atualizada: 16 linha(s). "
"2026-06-19T17:00:41Z","historical-forecast","ok","2026-06-19T17:00:43Z","2026-06-19T17:00:43Z","Open-Meteo arquivo de previsões atualizado: 31 linha(s). "
"2026-06-19T17:00:41Z","previous-runs","ok","2026-06-19T17:00:43Z","2026-06-19T17:00:46Z","Open-Meteo previous runs atualizados: 248 linha(s). "
"2026-06-19T17:00:41Z","errors","ok","2026-06-19T17:00:46Z","2026-06-19T17:00:46Z","Open-Meteo erros calculados: 7062 linha(s). "
"2026-06-20T10:59:42Z","history","ok","2026-06-20T10:59:43Z","2026-06-20T10:59:44Z","Open-Meteo histórico atualizado: 32 linha(s). "
"2026-06-20T10:59:42Z","forecast","ok","2026-06-20T10:59:44Z","2026-06-20T10:59:45Z","Open-Meteo previsão futura atualizada: 16 linha(s). "
"2026-06-20T10:59:42Z","historical-forecast","ok","2026-06-20T10:59:45Z","2026-06-20T10:59:45Z","Open-Meteo arquivo de previsões atualizado: 32 linha(s). "
"2026-06-20T10:59:42Z","previous-runs","ok","2026-06-20T10:59:45Z","2026-06-20T10:59:46Z","Open-Meteo previous runs atualizados: 248 linha(s). "
"2026-06-20T10:59:42Z","errors","ok","2026-06-20T10:59:46Z","2026-06-20T10:59:47Z","Open-Meteo erros calculados: 7070 linha(s). "
"2026-06-20T16:00:43Z","history","ok","2026-06-20T16:00:43Z","2026-06-20T16:00:44Z","Open-Meteo histórico atualizado: 31 linha(s). "
"2026-06-20T16:00:43Z","forecast","ok","2026-06-20T16:00:44Z","2026-06-20T16:00:44Z","Open-Meteo previsão futura atualizada: 16 linha(s). "
"2026-06-20T16:00:43Z","historical-forecast","ok","2026-06-20T16:00:44Z","2026-06-20T16:00:48Z","Open-Meteo arquivo de previsões atualizado: 31 linha(s). "
"2026-06-20T16:00:43Z","previous-runs","ok","2026-06-20T16:00:48Z","2026-06-20T16:00:50Z","Open-Meteo previous runs atualizados: 248 linha(s). "
"2026-06-20T16:00:43Z","errors","ok","2026-06-20T16:00:50Z","2026-06-20T16:00:50Z","Open-Meteo erros calculados: 7070 linha(s). "
"2026-06-21T11:32:40Z","history","ok","2026-06-21T11:32:40Z","2026-06-21T11:32:42Z","Open-Meteo histórico atualizado: 32 linha(s). "
"2026-06-21T11:32:40Z","forecast","ok","2026-06-21T11:32:42Z","2026-06-21T11:32:43Z","Open-Meteo previsão futura atualizada: 16 linha(s). "
"2026-06-21T11:32:40Z","historical-forecast","ok","2026-06-21T11:32:43Z","2026-06-21T11:32:45Z","Open-Meteo arquivo de previsões atualizado: 32 linha(s). "
"2026-06-21T11:32:40Z","previous-runs","ok","2026-06-21T11:32:45Z","2026-06-21T11:32:48Z","Open-Meteo previous runs atualizados: 248 linha(s). "
"2026-06-21T11:32:40Z","errors","ok","2026-06-21T11:32:48Z","2026-06-21T11:32:48Z","Open-Meteo erros calculados: 7078 linha(s). "
"2026-06-21T16:17:09Z","history","ok","2026-06-21T16:17:09Z","2026-06-21T16:17:11Z","Open-Meteo histórico atualizado: 31 linha(s). "
"2026-06-21T16:17:09Z","forecast","ok","2026-06-21T16:17:11Z","2026-06-21T16:17:11Z","Open-Meteo previsão futura atualizada: 16 linha(s). "
"2026-06-21T16:17:09Z","historical-forecast","ok","2026-06-21T16:17:11Z","2026-06-21T16:17:13Z","Open-Meteo arquivo de previsões atualizado: 31 linha(s). "
"2026-06-21T16:17:09Z","previous-runs","ok","2026-06-21T16:17:13Z","2026-06-21T16:17:14Z","Open-Meteo previous runs atualizados: 248 linha(s). "
"2026-06-21T16:17:09Z","errors","ok","2026-06-21T16:17:14Z","2026-06-21T16:17:14Z","Open-Meteo erros calculados: 7078 linha(s). "
"2026-06-22T14:14:45Z","history","ok","2026-06-22T14:14:45Z","2026-06-22T14:14:47Z","Open-Meteo histórico atualizado: 32 linha(s). "
"2026-06-22T14:14:45Z","forecast","ok","2026-06-22T14:14:47Z","2026-06-22T14:14:47Z","Open-Meteo previsão futura atualizada: 16 linha(s). "
"2026-06-22T14:14:45Z","historical-forecast","ok","2026-06-22T14:14:47Z","2026-06-22T14:14:49Z","Open-Meteo arquivo de previsões atualizado: 32 linha(s). "
"2026-06-22T14:14:45Z","previous-runs","ok","2026-06-22T14:14:49Z","2026-06-22T14:14:51Z","Open-Meteo previous runs atualizados: 248 linha(s). "
"2026-06-22T14:14:45Z","errors","ok","2026-06-22T14:14:51Z","2026-06-22T14:14:52Z","Open-Meteo erros calculados: 7086 linha(s). "
"2026-06-22T18:33:55Z","history","ok","2026-06-22T18:33:55Z","2026-06-22T18:33:56Z","Open-Meteo histórico atualizado: 31 linha(s). "
"2026-06-22T18:33:55Z","forecast","ok","2026-06-22T18:33:56Z","2026-06-22T18:33:56Z","Open-Meteo previsão futura atualizada: 16 linha(s). "
"2026-06-22T18:33:55Z","historical-forecast","ok","2026-06-22T18:33:56Z","2026-06-22T18:33:57Z","Open-Meteo arquivo de previsões atualizado: 31 linha(s). "
"2026-06-22T18:33:55Z","previous-runs","ok","2026-06-22T18:33:57Z","2026-06-22T18:34:02Z","Open-Meteo previous runs atualizados: 248 linha(s). "
"2026-06-22T18:33:55Z","errors","ok","2026-06-22T18:34:02Z","2026-06-22T18:34:02Z","Open-Meteo erros calculados: 7086 linha(s). "
"2026-06-23T11:40:50Z","history","ok","2026-06-23T11:40:50Z","2026-06-23T11:40:53Z","Open-Meteo histórico atualizado: 32 linha(s). "
"2026-06-23T11:40:50Z","forecast","ok","2026-06-23T11:40:53Z","2026-06-23T11:40:53Z","Open-Meteo previsão futura atualizada: 16 linha(s). "
"2026-06-23T11:40:50Z","historical-forecast","ok","2026-06-23T11:40:53Z","2026-06-23T11:40:54Z","Open-Meteo arquivo de previsões atualizado: 32 linha(s). "
"2026-06-23T11:40:50Z","previous-runs","ok","2026-06-23T11:40:54Z","2026-06-23T11:40:59Z","Open-Meteo previous runs atualizados: 248 linha(s). "
"2026-06-23T11:40:50Z","errors","ok","2026-06-23T11:40:59Z","2026-06-23T11:41:00Z","Open-Meteo erros calculados: 7094 linha(s). "
"2026-06-23T17:02:08Z","history","ok","2026-06-23T17:02:08Z","2026-06-23T17:02:09Z","Open-Meteo histórico atualizado: 31 linha(s). "
"2026-06-23T17:02:08Z","forecast","ok","2026-06-23T17:02:09Z","2026-06-23T17:02:09Z","Open-Meteo previsão futura atualizada: 16 linha(s). "
"2026-06-23T17:02:08Z","historical-forecast","ok","2026-06-23T17:02:09Z","2026-06-23T17:02:10Z","Open-Meteo arquivo de previsões atualizado: 31 linha(s). "
"2026-06-23T17:02:08Z","previous-runs","ok","2026-06-23T17:02:10Z","2026-06-23T17:02:15Z","Open-Meteo previous runs atualizados: 248 linha(s). "
"2026-06-23T17:02:08Z","errors","ok","2026-06-23T17:02:15Z","2026-06-23T17:02:15Z","Open-Meteo erros calculados: 7094 linha(s). "
"2026-06-24T11:24:16Z","history","ok","2026-06-24T11:24:16Z","2026-06-24T11:24:18Z","Open-Meteo histórico atualizado: 32 linha(s). "
"2026-06-24T11:24:16Z","forecast","ok","2026-06-24T11:24:18Z","2026-06-24T11:24:18Z","Open-Meteo previsão futura atualizada: 16 linha(s). "
"2026-06-24T11:24:16Z","historical-forecast","ok","2026-06-24T11:24:19Z","2026-06-24T11:24:20Z","Open-Meteo arquivo de previsões atualizado: 32 linha(s). "
"2026-06-24T11:24:16Z","previous-runs","ok","2026-06-24T11:24:20Z","2026-06-24T11:24:22Z","Open-Meteo previous runs atualizados: 248 linha(s). "
"2026-06-24T11:24:16Z","errors","ok","2026-06-24T11:24:22Z","2026-06-24T11:24:22Z","Open-Meteo erros calculados: 7102 linha(s). "
"2026-06-24T16:39:05Z","history","ok","2026-06-24T16:39:05Z","2026-06-24T16:39:07Z","Open-Meteo histórico atualizado: 31 linha(s). "
"2026-06-24T16:39:05Z","forecast","ok","2026-06-24T16:39:07Z","2026-06-24T16:39:08Z","Open-Meteo previsão futura atualizada: 16 linha(s). "
"2026-06-24T16:39:05Z","historical-forecast","ok","2026-06-24T16:39:08Z","2026-06-24T16:39:09Z","Open-Meteo arquivo de previsões atualizado: 31 linha(s). "
"2026-06-24T16:39:05Z","previous-runs","ok","2026-06-24T16:39:09Z","2026-06-24T16:39:14Z","Open-Meteo previous runs atualizados: 248 linha(s). "
"2026-06-24T16:39:05Z","errors","ok","2026-06-24T16:39:14Z","2026-06-24T16:39:14Z","Open-Meteo erros calculados: 7102 linha(s). "
"2026-06-25T11:17:01Z","history","ok","2026-06-25T11:17:01Z","2026-06-25T11:17:03Z","Open-Meteo histórico atualizado: 32 linha(s). "
"2026-06-25T11:17:01Z","forecast","ok","2026-06-25T11:17:03Z","2026-06-25T11:17:03Z","Open-Meteo previsão futura atualizada: 16 linha(s). "
"2026-06-25T11:17:01Z","historical-forecast","ok","2026-06-25T11:17:03Z","2026-06-25T11:17:04Z","Open-Meteo arquivo de previsões atualizado: 32 linha(s). "
"2026-06-25T11:17:01Z","previous-runs","ok","2026-06-25T11:17:04Z","2026-06-25T11:17:05Z","Open-Meteo previous runs atualizados: 248 linha(s). "
"2026-06-25T11:17:01Z","errors","ok","2026-06-25T11:17:05Z","2026-06-25T11:17:05Z","Open-Meteo erros calculados: 7110 linha(s). "
"2026-06-25T16:42:01Z","history","ok","2026-06-25T16:42:01Z","2026-06-25T16:42:02Z","Open-Meteo histórico atualizado: 31 linha(s). "
"2026-06-25T16:42:01Z","forecast","ok","2026-06-25T16:42:02Z","2026-06-25T16:42:03Z","Open-Meteo previsão futura atualizada: 16 linha(s). "
"2026-06-25T16:42:01Z","historical-forecast","ok","2026-06-25T16:42:03Z","2026-06-25T16:42:04Z","Open-Meteo arquivo de previsões atualizado: 31 linha(s). "
"2026-06-25T16:42:01Z","previous-runs","ok","2026-06-25T16:42:04Z","2026-06-25T16:42:07Z","Open-Meteo previous runs atualizados: 248 linha(s). "
"2026-06-25T16:42:01Z","errors","ok","2026-06-25T16:42:07Z","2026-06-25T16:42:07Z","Open-Meteo erros calculados: 7110 linha(s). "
"2026-06-26T11:25:31Z","history","ok","2026-06-26T11:25:31Z","2026-06-26T11:25:33Z","Open-Meteo histórico atualizado: 32 linha(s). "
"2026-06-26T11:25:31Z","forecast","ok","2026-06-26T11:25:33Z","2026-06-26T11:25:34Z","Open-Meteo previsão futura atualizada: 16 linha(s). "
"2026-06-26T11:25:31Z","historical-forecast","ok","2026-06-26T11:25:34Z","2026-06-26T11:25:35Z","Open-Meteo arquivo de previsões atualizado: 32 linha(s). "
"2026-06-26T11:25:31Z","previous-runs","ok","2026-06-26T11:25:35Z","2026-06-26T11:25:37Z","Open-Meteo previous runs atualizados: 248 linha(s). "
"2026-06-26T11:25:31Z","errors","ok","2026-06-26T11:25:37Z","2026-06-26T11:25:38Z","Open-Meteo erros calculados: 7118 linha(s). "
"2026-06-26T16:33:26Z","history","ok","2026-06-26T16:33:26Z","2026-06-26T16:33:27Z","Open-Meteo histórico atualizado: 31 linha(s). "
"2026-06-26T16:33:26Z","forecast","ok","2026-06-26T16:33:27Z","2026-06-26T16:33:27Z","Open-Meteo previsão futura atualizada: 16 linha(s). "
"2026-06-26T16:33:26Z","historical-forecast","ok","2026-06-26T16:33:27Z","2026-06-26T16:33:29Z","Open-Meteo arquivo de previsões atualizado: 31 linha(s). "
"2026-06-26T16:33:26Z","previous-runs","ok","2026-06-26T16:33:29Z","2026-06-26T16:33:33Z","Open-Meteo previous runs atualizados: 248 linha(s). "
"2026-06-26T16:33:26Z","errors","ok","2026-06-26T16:33:33Z","2026-06-26T16:33:34Z","Open-Meteo erros calculados: 7118 linha(s). "
"2026-06-27T10:34:14Z","history","ok","2026-06-27T10:34:14Z","2026-06-27T10:34:15Z","Open-Meteo histórico atualizado: 32 linha(s). "
"2026-06-27T10:34:14Z","forecast","ok","2026-06-27T10:34:15Z","2026-06-27T10:34:15Z","Open-Meteo previsão futura atualizada: 16 linha(s). "
"2026-06-27T10:34:14Z","historical-forecast","ok","2026-06-27T10:34:15Z","2026-06-27T10:34:18Z","Open-Meteo arquivo de previsões atualizado: 32 linha(s). "
"2026-06-27T10:34:14Z","previous-runs","ok","2026-06-27T10:34:18Z","2026-06-27T10:34:19Z","Open-Meteo previous runs atualizados: 248 linha(s). "
"2026-06-27T10:34:14Z","errors","ok","2026-06-27T10:34:19Z","2026-06-27T10:34:19Z","Open-Meteo erros calculados: 7126 linha(s). "
"2026-06-27T15:50:35Z","history","ok","2026-06-27T15:50:35Z","2026-06-27T15:50:36Z","Open-Meteo histórico atualizado: 31 linha(s). "
"2026-06-27T15:50:35Z","forecast","ok","2026-06-27T15:50:36Z","2026-06-27T15:50:37Z","Open-Meteo previsão futura atualizada: 16 linha(s). "
"2026-06-27T15:50:35Z","historical-forecast","ok","2026-06-27T15:50:37Z","2026-06-27T15:50:38Z","Open-Meteo arquivo de previsões atualizado: 31 linha(s). "
"2026-06-27T15:50:35Z","previous-runs","ok","2026-06-27T15:50:38Z","2026-06-27T15:50:40Z","Open-Meteo previous runs atualizados: 248 linha(s). "
"2026-06-27T15:50:35Z","errors","ok","2026-06-27T15:50:40Z","2026-06-27T15:50:41Z","Open-Meteo erros calculados: 7126 linha(s). "
"2026-06-28T10:41:25Z","history","ok","2026-06-28T10:41:25Z","2026-06-28T10:41:26Z","Open-Meteo histórico atualizado: 32 linha(s). "
"2026-06-28T10:41:25Z","forecast","ok","2026-06-28T10:41:26Z","2026-06-28T10:41:26Z","Open-Meteo previsão futura atualizada: 16 linha(s). "
"2026-06-28T10:41:25Z","historical-forecast","ok","2026-06-28T10:41:26Z","2026-06-28T10:41:28Z","Open-Meteo arquivo de previsões atualizado: 32 linha(s). "
"2026-06-28T10:41:25Z","previous-runs","ok","2026-06-28T10:41:28Z","2026-06-28T10:41:29Z","Open-Meteo previous runs atualizados: 248 linha(s). "
"2026-06-28T10:41:25Z","errors","ok","2026-06-28T10:41:29Z","2026-06-28T10:41:30Z","Open-Meteo erros calculados: 7134 linha(s). "
"2026-06-28T15:52:16Z","history","ok","2026-06-28T15:52:16Z","2026-06-28T15:52:17Z","Open-Meteo histórico atualizado: 31 linha(s). "
"2026-06-28T15:52:16Z","forecast","ok","2026-06-28T15:52:17Z","2026-06-28T15:52:17Z","Open-Meteo previsão futura atualizada: 16 linha(s). "
"2026-06-28T15:52:16Z","historical-forecast","ok","2026-06-28T15:52:17Z","2026-06-28T15:52:18Z","Open-Meteo arquivo de previsões atualizado: 31 linha(s). "
"2026-06-28T15:52:16Z","previous-runs","ok","2026-06-28T15:52:18Z","2026-06-28T15:52:20Z","Open-Meteo previous runs atualizados: 248 linha(s). "
"2026-06-28T15:52:16Z","errors","ok","2026-06-28T15:52:20Z","2026-06-28T15:52:20Z","Open-Meteo erros calculados: 7134 linha(s). "
"2026-06-29T12:47:32Z","history","ok","2026-06-29T12:47:32Z","2026-06-29T12:47:34Z","Open-Meteo histórico atualizado: 32 linha(s). "
"2026-06-29T12:47:32Z","forecast","ok","2026-06-29T12:47:34Z","2026-06-29T12:47:34Z","Open-Meteo previsão futura atualizada: 16 linha(s). "
"2026-06-29T12:47:32Z","historical-forecast","ok","2026-06-29T12:47:34Z","2026-06-29T12:47:35Z","Open-Meteo arquivo de previsões atualizado: 32 linha(s). "
"2026-06-29T12:47:32Z","previous-runs","ok","2026-06-29T12:47:35Z","2026-06-29T12:47:36Z","Open-Meteo previous runs atualizados: 248 linha(s). "
"2026-06-29T12:47:32Z","errors","ok","2026-06-29T12:47:36Z","2026-06-29T12:47:36Z","Open-Meteo erros calculados: 7142 linha(s). "
"2026-06-29T17:18:02Z","history","ok","2026-06-29T17:18:02Z","2026-06-29T17:18:04Z","Open-Meteo histórico atualizado: 31 linha(s). "
"2026-06-29T17:18:02Z","forecast","ok","2026-06-29T17:18:04Z","2026-06-29T17:18:04Z","Open-Meteo previsão futura atualizada: 16 linha(s). "
"2026-06-29T17:18:02Z","historical-forecast","ok","2026-06-29T17:18:04Z","2026-06-29T17:18:05Z","Open-Meteo arquivo de previsões atualizado: 31 linha(s). "
"2026-06-29T17:18:02Z","previous-runs","ok","2026-06-29T17:18:05Z","2026-06-29T17:18:08Z","Open-Meteo previous runs atualizados: 248 linha(s). "
"2026-06-29T17:18:02Z","errors","ok","2026-06-29T17:18:08Z","2026-06-29T17:18:08Z","Open-Meteo erros calculados: 7142 linha(s). "
"2026-06-30T11:29:36Z","history","ok","2026-06-30T11:29:36Z","2026-06-30T11:29:39Z","Open-Meteo histórico atualizado: 32 linha(s). "
"2026-06-30T11:29:36Z","forecast","ok","2026-06-30T11:29:39Z","2026-06-30T11:29:40Z","Open-Meteo previsão futura atualizada: 16 linha(s). "
"2026-06-30T11:29:36Z","historical-forecast","ok","2026-06-30T11:29:40Z","2026-06-30T11:29:41Z","Open-Meteo arquivo de previsões atualizado: 32 linha(s). "
"2026-06-30T11:29:36Z","previous-runs","ok","2026-06-30T11:29:41Z","2026-06-30T11:29:42Z","Open-Meteo previous runs atualizados: 248 linha(s). "
"2026-06-30T11:29:36Z","errors","ok","2026-06-30T11:29:42Z","2026-06-30T11:29:42Z","Open-Meteo erros calculados: 7150 linha(s). "
"2026-06-30T16:38:33Z","history","ok","2026-06-30T16:38:33Z","2026-06-30T16:38:34Z","Open-Meteo histórico atualizado: 31 linha(s). "
"2026-06-30T16:38:33Z","forecast","ok","2026-06-30T16:38:34Z","2026-06-30T16:38:34Z","Open-Meteo previsão futura atualizada: 16 linha(s). "
"2026-06-30T16:38:33Z","historical-forecast","ok","2026-06-30T16:38:34Z","2026-06-30T16:38:36Z","Open-Meteo arquivo de previsões atualizado: 31 linha(s). "
"2026-06-30T16:38:33Z","previous-runs","ok","2026-06-30T16:38:36Z","2026-06-30T16:38:40Z","Open-Meteo previous runs atualizados: 248 linha(s). "
"2026-06-30T16:38:33Z","errors","ok","2026-06-30T16:38:40Z","2026-06-30T16:38:40Z","Open-Meteo erros calculados: 7150 linha(s). "
"2026-07-01T11:40:16Z","history","ok","2026-07-01T11:40:16Z","2026-07-01T11:40:18Z","Open-Meteo histórico atualizado: 32 linha(s). "
"2026-07-01T11:40:16Z","forecast","ok","2026-07-01T11:40:18Z","2026-07-01T11:40:19Z","Open-Meteo previsão futura atualizada: 16 linha(s). "
"2026-07-01T11:40:16Z","historical-forecast","ok","2026-07-01T11:40:19Z","2026-07-01T11:40:20Z","Open-Meteo arquivo de previsões atualizado: 32 linha(s). "
"2026-07-01T11:40:16Z","previous-runs","ok","2026-07-01T11:40:20Z","2026-07-01T11:40:26Z","Open-Meteo previous runs atualizados: 248 linha(s). "
"2026-07-01T11:40:16Z","errors","ok","2026-07-01T11:40:26Z","2026-07-01T11:40:26Z","Open-Meteo erros calculados: 7158 linha(s). "
"2026-07-01T16:57:07Z","history","ok","2026-07-01T16:57:08Z","2026-07-01T16:57:09Z","Open-Meteo histórico atualizado: 31 linha(s). "
"2026-07-01T16:57:07Z","forecast","ok","2026-07-01T16:57:09Z","2026-07-01T16:57:09Z","Open-Meteo previsão futura atualizada: 16 linha(s). "
"2026-07-01T16:57:07Z","historical-forecast","ok","2026-07-01T16:57:09Z","2026-07-01T16:57:10Z","Open-Meteo arquivo de previsões atualizado: 31 linha(s). "
"2026-07-01T16:57:07Z","previous-runs","ok","2026-07-01T16:57:10Z","2026-07-01T16:57:12Z","Open-Meteo previous runs atualizados: 248 linha(s). "
"2026-07-01T16:57:07Z","errors","ok","2026-07-01T16:57:12Z","2026-07-01T16:57:12Z","Open-Meteo erros calculados: 7158 linha(s). "
"2026-07-02T11:08:58Z","history","ok","2026-07-02T11:08:58Z","2026-07-02T11:09:01Z","Open-Meteo histórico atualizado: 32 linha(s). "
"2026-07-02T11:08:58Z","forecast","ok","2026-07-02T11:09:01Z","2026-07-02T11:09:01Z","Open-Meteo previsão futura atualizada: 16 linha(s). "
"2026-07-02T11:08:58Z","historical-forecast","ok","2026-07-02T11:09:01Z","2026-07-02T11:09:02Z","Open-Meteo arquivo de previsões atualizado: 32 linha(s). "
"2026-07-02T11:08:58Z","previous-runs","ok","2026-07-02T11:09:02Z","2026-07-02T11:09:04Z","Open-Meteo previous runs atualizados: 248 linha(s). "
"2026-07-02T11:08:58Z","errors","ok","2026-07-02T11:09:04Z","2026-07-02T11:09:04Z","Open-Meteo erros calculados: 7166 linha(s). "
"2026-07-02T16:21:11Z","history","ok","2026-07-02T16:21:11Z","2026-07-02T16:21:12Z","Open-Meteo histórico atualizado: 31 linha(s). "
"2026-07-02T16:21:11Z","forecast","ok","2026-07-02T16:21:12Z","2026-07-02T16:21:13Z","Open-Meteo previsão futura atualizada: 16 linha(s). "
"2026-07-02T16:21:11Z","historical-forecast","ok","2026-07-02T16:21:13Z","2026-07-02T16:21:14Z","Open-Meteo arquivo de previsões atualizado: 31 linha(s). "
"2026-07-02T16:21:11Z","previous-runs","ok","2026-07-02T16:21:14Z","2026-07-02T16:21:14Z","Open-Meteo previous runs atualizados: 248 linha(s). "
"2026-07-02T16:21:11Z","errors","ok","2026-07-02T16:21:14Z","2026-07-02T16:21:15Z","Open-Meteo erros calculados: 7166 linha(s). "
"2026-07-03T11:11:22Z","history","ok","2026-07-03T11:11:22Z","2026-07-03T11:11:26Z","Open-Meteo histórico atualizado: 32 linha(s). "
"2026-07-03T11:11:22Z","forecast","ok","2026-07-03T11:11:26Z","2026-07-03T11:11:26Z","Open-Meteo previsão futura atualizada: 16 linha(s). "
"2026-07-03T11:11:22Z","historical-forecast","ok","2026-07-03T11:11:26Z","2026-07-03T11:11:27Z","Open-Meteo arquivo de previsões atualizado: 32 linha(s). "
"2026-07-03T11:11:22Z","previous-runs","ok","2026-07-03T11:11:27Z","2026-07-03T11:11:28Z","Open-Meteo previous runs atualizados: 248 linha(s). "
"2026-07-03T11:11:22Z","errors","ok","2026-07-03T11:11:28Z","2026-07-03T11:11:28Z","Open-Meteo erros calculados: 7174 linha(s). "
"2026-07-03T16:08:13Z","history","ok","2026-07-03T16:08:13Z","2026-07-03T16:08:14Z","Open-Meteo histórico atualizado: 31 linha(s). "
"2026-07-03T16:08:13Z","forecast","ok","2026-07-03T16:08:14Z","2026-07-03T16:08:15Z","Open-Meteo previsão futura atualizada: 16 linha(s). "
"2026-07-03T16:08:13Z","historical-forecast","ok","2026-07-03T16:08:15Z","2026-07-03T16:08:15Z","Open-Meteo arquivo de previsões atualizado: 31 linha(s). "
"2026-07-03T16:08:13Z","previous-runs","ok","2026-07-03T16:08:15Z","2026-07-03T16:08:17Z","Open-Meteo previous runs atualizados: 248 linha(s). "
"2026-07-03T16:08:13Z","errors","ok","2026-07-03T16:08:17Z","2026-07-03T16:08:17Z","Open-Meteo erros calculados: 7174 linha(s). "
"2026-07-04T10:34:20Z","history","ok","2026-07-04T10:34:20Z","2026-07-04T10:34:22Z","Open-Meteo histórico atualizado: 32 linha(s). "
"2026-07-04T10:34:20Z","forecast","ok","2026-07-04T10:34:22Z","2026-07-04T10:34:22Z","Open-Meteo previsão futura atualizada: 16 linha(s). "
"2026-07-04T10:34:20Z","historical-forecast","ok","2026-07-04T10:34:22Z","2026-07-04T10:34:24Z","Open-Meteo arquivo de previsões atualizado: 32 linha(s). "
"2026-07-04T10:34:20Z","previous-runs","ok","2026-07-04T10:34:24Z","2026-07-04T10:34:25Z","Open-Meteo previous runs atualizados: 248 linha(s). "
"2026-07-04T10:34:20Z","errors","ok","2026-07-04T10:34:25Z","2026-07-04T10:34:26Z","Open-Meteo erros calculados: 7182 linha(s). "
"2026-07-04T15:44:02Z","history","ok","2026-07-04T15:44:02Z","2026-07-04T15:44:05Z","Open-Meteo histórico atualizado: 31 linha(s). "
"2026-07-04T15:44:02Z","forecast","ok","2026-07-04T15:44:05Z","2026-07-04T15:44:05Z","Open-Meteo previsão futura atualizada: 16 linha(s). "
"2026-07-04T15:44:02Z","historical-forecast","ok","2026-07-04T15:44:05Z","2026-07-04T15:44:06Z","Open-Meteo arquivo de previsões atualizado: 31 linha(s). "
"2026-07-04T15:44:02Z","previous-runs","ok","2026-07-04T15:44:06Z","2026-07-04T15:44:07Z","Open-Meteo previous runs atualizados: 248 linha(s). "
"2026-07-04T15:44:02Z","errors","ok","2026-07-04T15:44:07Z","2026-07-04T15:44:07Z","Open-Meteo erros calculados: 7182 linha(s). "
"2026-07-05T10:38:52Z","history","ok","2026-07-05T10:38:52Z","2026-07-05T10:38:54Z","Open-Meteo histórico atualizado: 32 linha(s). "
"2026-07-05T10:38:52Z","forecast","ok","2026-07-05T10:38:54Z","2026-07-05T10:38:54Z","Open-Meteo previsão futura atualizada: 16 linha(s). "
"2026-07-05T10:38:52Z","historical-forecast","ok","2026-07-05T10:38:54Z","2026-07-05T10:38:55Z","Open-Meteo arquivo de previsões atualizado: 32 linha(s). "
"2026-07-05T10:38:52Z","previous-runs","ok","2026-07-05T10:38:55Z","2026-07-05T10:38:59Z","Open-Meteo previous runs atualizados: 248 linha(s). "
"2026-07-05T10:38:52Z","errors","ok","2026-07-05T10:38:59Z","2026-07-05T10:38:59Z","Open-Meteo erros calculados: 7190 linha(s). "
"2026-07-05T15:49:38Z","history","ok","2026-07-05T15:49:38Z","2026-07-05T15:49:40Z","Open-Meteo histórico atualizado: 31 linha(s). "
"2026-07-05T15:49:38Z","forecast","ok","2026-07-05T15:49:40Z","2026-07-05T15:49:41Z","Open-Meteo previsão futura atualizada: 16 linha(s). "
"2026-07-05T15:49:38Z","historical-forecast","ok","2026-07-05T15:49:41Z","2026-07-05T15:49:41Z","Open-Meteo arquivo de previsões atualizado: 31 linha(s). "
"2026-07-05T15:49:38Z","previous-runs","ok","2026-07-05T15:49:41Z","2026-07-05T15:49:42Z","Open-Meteo previous runs atualizados: 248 linha(s). "
"2026-07-05T15:49:38Z","errors","ok","2026-07-05T15:49:42Z","2026-07-05T15:49:43Z","Open-Meteo erros calculados: 7190 linha(s). "
"2026-07-06T12:26:03Z","history","ok","2026-07-06T12:26:03Z","2026-07-06T12:26:04Z","Open-Meteo histórico atualizado: 32 linha(s). "
"2026-07-06T12:26:03Z","forecast","ok","2026-07-06T12:26:04Z","2026-07-06T12:26:05Z","Open-Meteo previsão futura atualizada: 16 linha(s). "
"2026-07-06T12:26:03Z","historical-forecast","ok","2026-07-06T12:26:05Z","2026-07-06T12:26:06Z","Open-Meteo arquivo de previsões atualizado: 32 linha(s). "
"2026-07-06T12:26:03Z","previous-runs","ok","2026-07-06T12:26:06Z","2026-07-06T12:26:11Z","Open-Meteo previous runs atualizados: 248 linha(s). "
"2026-07-06T12:26:03Z","errors","ok","2026-07-06T12:26:11Z","2026-07-06T12:26:11Z","Open-Meteo erros calculados: 7198 linha(s). "
"2026-07-06T17:23:08Z","history","ok","2026-07-06T17:23:08Z","2026-07-06T17:23:10Z","Open-Meteo histórico atualizado: 31 linha(s). "
"2026-07-06T17:23:08Z","forecast","ok","2026-07-06T17:23:10Z","2026-07-06T17:23:10Z","Open-Meteo previsão futura atualizada: 16 linha(s). "
"2026-07-06T17:23:08Z","historical-forecast","ok","2026-07-06T17:23:10Z","2026-07-06T17:23:13Z","Open-Meteo arquivo de previsões atualizado: 31 linha(s). "
"2026-07-06T17:23:08Z","previous-runs","ok","2026-07-06T17:23:13Z","2026-07-06T17:23:14Z","Open-Meteo previous runs atualizados: 248 linha(s). "
"2026-07-06T17:23:08Z","errors","ok","2026-07-06T17:23:14Z","2026-07-06T17:23:15Z","Open-Meteo erros calculados: 7198 linha(s). "
"2026-07-07T11:26:08Z","history","ok","2026-07-07T11:26:08Z","2026-07-07T11:26:10Z","Open-Meteo histórico atualizado: 32 linha(s). "
"2026-07-07T11:26:08Z","forecast","ok","2026-07-07T11:26:10Z","2026-07-07T11:26:10Z","Open-Meteo previsão futura atualizada: 16 linha(s). "
"2026-07-07T11:26:08Z","historical-forecast","ok","2026-07-07T11:26:10Z","2026-07-07T11:26:11Z","Open-Meteo arquivo de previsões atualizado: 32 linha(s). "
"2026-07-07T11:26:08Z","previous-runs","ok","2026-07-07T11:26:11Z","2026-07-07T11:26:12Z","Open-Meteo previous runs atualizados: 248 linha(s). "
"2026-07-07T11:26:08Z","errors","ok","2026-07-07T11:26:12Z","2026-07-07T11:26:13Z","Open-Meteo erros calculados: 7206 linha(s). "
"2026-07-07T16:57:36Z","history","ok","2026-07-07T16:57:36Z","2026-07-07T16:57:39Z","Open-Meteo histórico atualizado: 31 linha(s). "
"2026-07-07T16:57:36Z","forecast","ok","2026-07-07T16:57:39Z","2026-07-07T16:57:39Z","Open-Meteo previsão futura atualizada: 16 linha(s). "
"2026-07-07T16:57:36Z","historical-forecast","ok","2026-07-07T16:57:39Z","2026-07-07T16:57:41Z","Open-Meteo arquivo de previsões atualizado: 31 linha(s). "
"2026-07-07T16:57:36Z","previous-runs","ok","2026-07-07T16:57:41Z","2026-07-07T16:57:42Z","Open-Meteo previous runs atualizados: 248 linha(s). "
"2026-07-07T16:57:36Z","errors","ok","2026-07-07T16:57:42Z","2026-07-07T16:57:43Z","Open-Meteo erros calculados: 7206 linha(s). "
"2026-07-08T10:37:30Z","history","ok","2026-07-08T10:37:30Z","2026-07-08T10:37:32Z","Open-Meteo histórico atualizado: 32 linha(s). "
"2026-07-08T10:37:30Z","forecast","ok","2026-07-08T10:37:32Z","2026-07-08T10:37:33Z","Open-Meteo previsão futura atualizada: 16 linha(s). "
"2026-07-08T10:37:30Z","historical-forecast","ok","2026-07-08T10:37:33Z","2026-07-08T10:37:35Z","Open-Meteo arquivo de previsões atualizado: 32 linha(s). "
"2026-07-08T10:37:30Z","previous-runs","ok","2026-07-08T10:37:35Z","2026-07-08T10:37:38Z","Open-Meteo previous runs atualizados: 248 linha(s). "
"2026-07-08T10:37:30Z","errors","ok","2026-07-08T10:37:38Z","2026-07-08T10:37:38Z","Open-Meteo erros calculados: 7214 linha(s). "
"2026-07-08T16:16:05Z","history","ok","2026-07-08T16:16:05Z","2026-07-08T16:16:07Z","Open-Meteo histórico atualizado: 31 linha(s). "
"2026-07-08T16:16:05Z","forecast","ok","2026-07-08T16:16:07Z","2026-07-08T16:16:08Z","Open-Meteo previsão futura atualizada: 16 linha(s). "
"2026-07-08T16:16:05Z","historical-forecast","ok","2026-07-08T16:16:08Z","2026-07-08T16:16:08Z","Open-Meteo arquivo de previsões atualizado: 31 linha(s). "
"2026-07-08T16:16:05Z","previous-runs","ok","2026-07-08T16:16:08Z","2026-07-08T16:16:09Z","Open-Meteo previous runs atualizados: 248 linha(s). "
"2026-07-08T16:16:05Z","errors","ok","2026-07-08T16:16:09Z","2026-07-08T16:16:10Z","Open-Meteo erros calculados: 7214 linha(s). "
"2026-07-09T11:32:47Z","history","ok","2026-07-09T11:32:47Z","2026-07-09T11:32:49Z","Open-Meteo histórico atualizado: 32 linha(s). "
"2026-07-09T11:32:47Z","forecast","ok","2026-07-09T11:32:49Z","2026-07-09T11:32:50Z","Open-Meteo previsão futura atualizada: 16 linha(s). "
"2026-07-09T11:32:47Z","historical-forecast","ok","2026-07-09T11:32:50Z","2026-07-09T11:32:51Z","Open-Meteo arquivo de previsões atualizado: 32 linha(s). "
"2026-07-09T11:32:47Z","previous-runs","ok","2026-07-09T11:32:51Z","2026-07-09T11:32:52Z","Open-Meteo previous runs atualizados: 248 linha(s). "
"2026-07-09T11:32:47Z","errors","ok","2026-07-09T11:32:52Z","2026-07-09T11:32:52Z","Open-Meteo erros calculados: 7222 linha(s). "
"2026-07-09T17:03:47Z","history","ok","2026-07-09T17:03:47Z","2026-07-09T17:03:51Z","Open-Meteo histórico atualizado: 31 linha(s). "
"2026-07-09T17:03:47Z","forecast","ok","2026-07-09T17:03:51Z","2026-07-09T17:03:51Z","Open-Meteo previsão futura atualizada: 16 linha(s). "
"2026-07-09T17:03:47Z","historical-forecast","ok","2026-07-09T17:03:51Z","2026-07-09T17:03:52Z","Open-Meteo arquivo de previsões atualizado: 31 linha(s). "
"2026-07-09T17:03:47Z","previous-runs","ok","2026-07-09T17:03:52Z","2026-07-09T17:03:59Z","Open-Meteo previous runs atualizados: 248 linha(s). "
"2026-07-09T17:03:47Z","errors","ok","2026-07-09T17:03:59Z","2026-07-09T17:04:00Z","Open-Meteo erros calculados: 7222 linha(s). "
"2026-07-10T11:27:13Z","history","ok","2026-07-10T11:27:13Z","2026-07-10T11:27:15Z","Open-Meteo histórico atualizado: 32 linha(s). "
"2026-07-10T11:27:13Z","forecast","ok","2026-07-10T11:27:15Z","2026-07-10T11:27:15Z","Open-Meteo previsão futura atualizada: 16 linha(s). "
"2026-07-10T11:27:13Z","historical-forecast","ok","2026-07-10T11:27:15Z","2026-07-10T11:27:17Z","Open-Meteo arquivo de previsões atualizado: 32 linha(s). "
"2026-07-10T11:27:13Z","previous-runs","ok","2026-07-10T11:27:17Z","2026-07-10T11:27:21Z","Open-Meteo previous runs atualizados: 248 linha(s). "
"2026-07-10T11:27:13Z","errors","ok","2026-07-10T11:27:21Z","2026-07-10T11:27:21Z","Open-Meteo erros calculados: 7230 linha(s). "
"2026-07-10T16:38:31Z","history","ok","2026-07-10T16:38:31Z","2026-07-10T16:38:34Z","Open-Meteo histórico atualizado: 31 linha(s). "
"2026-07-10T16:38:31Z","forecast","ok","2026-07-10T16:38:34Z","2026-07-10T16:38:35Z","Open-Meteo previsão futura atualizada: 16 linha(s). "
"2026-07-10T16:38:31Z","historical-forecast","ok","2026-07-10T16:38:35Z","2026-07-10T16:38:35Z","Open-Meteo arquivo de previsões atualizado: 31 linha(s). "
"2026-07-10T16:38:31Z","previous-runs","ok","2026-07-10T16:38:35Z","2026-07-10T16:38:42Z","Open-Meteo previous runs atualizados: 248 linha(s). "
"2026-07-10T16:38:31Z","errors","ok","2026-07-10T16:38:42Z","2026-07-10T16:38:42Z","Open-Meteo erros calculados: 7230 linha(s). "
"2026-07-11T10:00:00Z","history","ok","2026-07-11T10:00:00Z","2026-07-11T10:00:01Z","Open-Meteo histórico atualizado: 32 linha(s). "
"2026-07-11T10:00:00Z","forecast","ok","2026-07-11T10:00:01Z","2026-07-11T10:00:05Z","Request failed [503]. Retrying in 2.1 seconds... | Open-Meteo previsão futura atualizada: 16 linha(s). "
"2026-07-11T10:00:00Z","historical-forecast","ok","2026-07-11T10:00:05Z","2026-07-11T10:00:06Z","Open-Meteo arquivo de previsões atualizado: 32 linha(s). "
"2026-07-11T10:00:00Z","previous-runs","ok","2026-07-11T10:00:06Z","2026-07-11T10:00:08Z","Open-Meteo previous runs atualizados: 248 linha(s). "
"2026-07-11T10:00:00Z","errors","ok","2026-07-11T10:00:08Z","2026-07-11T10:00:09Z","Open-Meteo erros calculados: 7238 linha(s). "
"2026-07-11T15:33:29Z","history","ok","2026-07-11T15:33:29Z","2026-07-11T15:33:30Z","Open-Meteo histórico atualizado: 31 linha(s). "
"2026-07-11T15:33:29Z","forecast","ok","2026-07-11T15:33:30Z","2026-07-11T15:33:31Z","Open-Meteo previsão futura atualizada: 16 linha(s). "
"2026-07-11T15:33:29Z","historical-forecast","ok","2026-07-11T15:33:31Z","2026-07-11T15:33:32Z","Open-Meteo arquivo de previsões atualizado: 31 linha(s). "
"2026-07-11T15:33:29Z","previous-runs","ok","2026-07-11T15:33:32Z","2026-07-11T15:33:35Z","Open-Meteo previous runs atualizados: 248 linha(s). "
"2026-07-11T15:33:29Z","errors","ok","2026-07-11T15:33:35Z","2026-07-11T15:33:35Z","Open-Meteo erros calculados: 7238 linha(s). "
"2026-07-12T10:09:09Z","history","ok","2026-07-12T10:09:09Z","2026-07-12T10:09:11Z","Open-Meteo histórico atualizado: 32 linha(s). "
"2026-07-12T10:09:09Z","forecast","ok","2026-07-12T10:09:11Z","2026-07-12T10:09:12Z","Open-Meteo previsão futura atualizada: 16 linha(s). "
"2026-07-12T10:09:09Z","historical-forecast","ok","2026-07-12T10:09:12Z","2026-07-12T10:09:13Z","Open-Meteo arquivo de previsões atualizado: 32 linha(s). "
"2026-07-12T10:09:09Z","previous-runs","ok","2026-07-12T10:09:13Z","2026-07-12T10:09:14Z","Open-Meteo previous runs atualizados: 248 linha(s). "
"2026-07-12T10:09:09Z","errors","ok","2026-07-12T10:09:14Z","2026-07-12T10:09:14Z","Open-Meteo erros calculados: 7246 linha(s). "
"2026-07-12T15:35:40Z","history","ok","2026-07-12T15:35:40Z","2026-07-12T15:35:43Z","Open-Meteo histórico atualizado: 31 linha(s). "
"2026-07-12T15:35:40Z","forecast","ok","2026-07-12T15:35:43Z","2026-07-12T15:35:43Z","Open-Meteo previsão futura atualizada: 16 linha(s). "
"2026-07-12T15:35:40Z","historical-forecast","ok","2026-07-12T15:35:43Z","2026-07-12T15:35:45Z","Open-Meteo arquivo de previsões atualizado: 31 linha(s). "
"2026-07-12T15:35:40Z","previous-runs","ok","2026-07-12T15:35:45Z","2026-07-12T15:35:46Z","Open-Meteo previous runs atualizados: 248 linha(s). "
"2026-07-12T15:35:40Z","errors","ok","2026-07-12T15:35:46Z","2026-07-12T15:35:46Z","Open-Meteo erros calculados: 7246 linha(s). "
"2026-07-13T11:40:07Z","history","ok","2026-07-13T11:40:07Z","2026-07-13T11:40:09Z","Open-Meteo histórico atualizado: 32 linha(s). "
"2026-07-13T11:40:07Z","forecast","ok","2026-07-13T11:40:09Z","2026-07-13T11:40:10Z","Open-Meteo previsão futura atualizada: 16 linha(s). "
"2026-07-13T11:40:07Z","historical-forecast","ok","2026-07-13T11:40:10Z","2026-07-13T11:40:12Z","Open-Meteo arquivo de previsões atualizado: 32 linha(s). "
"2026-07-13T11:40:07Z","previous-runs","ok","2026-07-13T11:40:12Z","2026-07-13T11:40:14Z","Open-Meteo previous runs atualizados: 248 linha(s). "
"2026-07-13T11:40:07Z","errors","ok","2026-07-13T11:40:14Z","2026-07-13T11:40:14Z","Open-Meteo erros calculados: 7254 linha(s). "
"2026-07-13T16:58:10Z","history","ok","2026-07-13T16:58:10Z","2026-07-13T16:58:12Z","Open-Meteo histórico atualizado: 31 linha(s). "
"2026-07-13T16:58:10Z","forecast","ok","2026-07-13T16:58:12Z","2026-07-13T16:58:13Z","Open-Meteo previsão futura atualizada: 16 linha(s). "
"2026-07-13T16:58:10Z","historical-forecast","ok","2026-07-13T16:58:13Z","2026-07-13T16:58:14Z","Open-Meteo arquivo de previsões atualizado: 31 linha(s). "
"2026-07-13T16:58:10Z","previous-runs","ok","2026-07-13T16:58:14Z","2026-07-13T16:58:18Z","Open-Meteo previous runs atualizados: 248 linha(s). "
"2026-07-13T16:58:10Z","errors","ok","2026-07-13T16:58:18Z","2026-07-13T16:58:19Z","Open-Meteo erros calculados: 7254 linha(s). "
"2026-07-14T10:18:19Z","history","ok","2026-07-14T10:18:19Z","2026-07-14T10:18:20Z","Open-Meteo histórico atualizado: 32 linha(s). "
"2026-07-14T10:18:19Z","forecast","ok","2026-07-14T10:18:20Z","2026-07-14T10:18:21Z","Open-Meteo previsão futura atualizada: 16 linha(s). "
"2026-07-14T10:18:19Z","historical-forecast","ok","2026-07-14T10:18:21Z","2026-07-14T10:18:25Z","Open-Meteo arquivo de previsões atualizado: 32 linha(s). "
"2026-07-14T10:18:19Z","previous-runs","ok","2026-07-14T10:18:25Z","2026-07-14T10:18:26Z","Open-Meteo previous runs atualizados: 248 linha(s). "
"2026-07-14T10:18:19Z","errors","ok","2026-07-14T10:18:26Z","2026-07-14T10:18:26Z","Open-Meteo erros calculados: 7262 linha(s). "
"2026-07-14T16:00:52Z","history","ok","2026-07-14T16:00:52Z","2026-07-14T16:00:55Z","Open-Meteo histórico atualizado: 31 linha(s). "
"2026-07-14T16:00:52Z","forecast","ok","2026-07-14T16:00:55Z","2026-07-14T16:00:56Z","Open-Meteo previsão futura atualizada: 16 linha(s). "
"2026-07-14T16:00:52Z","historical-forecast","ok","2026-07-14T16:00:56Z","2026-07-14T16:00:57Z","Open-Meteo arquivo de previsões atualizado: 31 linha(s). "
"2026-07-14T16:00:52Z","previous-runs","ok","2026-07-14T16:00:57Z","2026-07-14T16:00:58Z","Open-Meteo previous runs atualizados: 248 linha(s). "
"2026-07-14T16:00:52Z","errors","ok","2026-07-14T16:00:58Z","2026-07-14T16:00:59Z","Open-Meteo erros calculados: 7262 linha(s). "
"2026-07-15T10:22:21Z","history","ok","2026-07-15T10:22:21Z","2026-07-15T10:22:24Z","Open-Meteo histórico atualizado: 32 linha(s). "
"2026-07-15T10:22:21Z","forecast","ok","2026-07-15T10:22:24Z","2026-07-15T10:22:24Z","Open-Meteo previsão futura atualizada: 16 linha(s). "
"2026-07-15T10:22:21Z","historical-forecast","ok","2026-07-15T10:22:24Z","2026-07-15T10:22:27Z","Open-Meteo arquivo de previsões atualizado: 32 linha(s). "
"2026-07-15T10:22:21Z","previous-runs","ok","2026-07-15T10:22:27Z","2026-07-15T10:22:29Z","Open-Meteo previous runs atualizados: 248 linha(s). "
"2026-07-15T10:22:21Z","errors","ok","2026-07-15T10:22:29Z","2026-07-15T10:22:29Z","Open-Meteo erros calculados: 7270 linha(s). "
"2026-07-15T16:05:16Z","history","ok","2026-07-15T16:05:16Z","2026-07-15T16:05:17Z","Open-Meteo histórico atualizado: 31 linha(s). "
"2026-07-15T16:05:16Z","forecast","ok","2026-07-15T16:05:17Z","2026-07-15T16:05:18Z","Open-Meteo previsão futura atualizada: 16 linha(s). "
"2026-07-15T16:05:16Z","historical-forecast","ok","2026-07-15T16:05:18Z","2026-07-15T16:05:19Z","Open-Meteo arquivo de previsões atualizado: 31 linha(s). "
"2026-07-15T16:05:16Z","previous-runs","ok","2026-07-15T16:05:19Z","2026-07-15T16:05:20Z","Open-Meteo previous runs atualizados: 248 linha(s). "
"2026-07-15T16:05:16Z","errors","ok","2026-07-15T16:05:20Z","2026-07-15T16:05:20Z","Open-Meteo erros calculados: 7270 linha(s). "
"2026-07-16T10:29:04Z","history","ok","2026-07-16T10:29:04Z","2026-07-16T10:29:05Z","Open-Meteo histórico atualizado: 32 linha(s). "
"2026-07-16T10:29:04Z","forecast","ok","2026-07-16T10:29:05Z","2026-07-16T10:29:06Z","Open-Meteo previsão futura atualizada: 16 linha(s). "
"2026-07-16T10:29:04Z","historical-forecast","ok","2026-07-16T10:29:06Z","2026-07-16T10:29:06Z","Open-Meteo arquivo de previsões atualizado: 32 linha(s). "
"2026-07-16T10:29:04Z","previous-runs","ok","2026-07-16T10:29:06Z","2026-07-16T10:29:08Z","Open-Meteo previous runs atualizados: 248 linha(s). "
"2026-07-16T10:29:04Z","errors","ok","2026-07-16T10:29:08Z","2026-07-16T10:29:08Z","Open-Meteo erros calculados: 7278 linha(s). "
"2026-07-16T15:58:22Z","history","ok","2026-07-16T15:58:22Z","2026-07-16T15:58:23Z","Open-Meteo histórico atualizado: 31 linha(s). "
"2026-07-16T15:58:22Z","forecast","ok","2026-07-16T15:58:23Z","2026-07-16T15:58:24Z","Open-Meteo previsão futura atualizada: 16 linha(s). "
"2026-07-16T15:58:22Z","historical-forecast","ok","2026-07-16T15:58:24Z","2026-07-16T15:58:26Z","Open-Meteo arquivo de previsões atualizado: 31 linha(s). "
"2026-07-16T15:58:22Z","previous-runs","ok","2026-07-16T15:58:26Z","2026-07-16T15:58:27Z","Open-Meteo previous runs atualizados: 248 linha(s). "
"2026-07-16T15:58:22Z","errors","ok","2026-07-16T15:58:27Z","2026-07-16T15:58:27Z","Open-Meteo erros calculados: 7278 linha(s). "
"2026-07-17T10:20:33Z","history","ok","2026-07-17T10:20:33Z","2026-07-17T10:20:36Z","Open-Meteo histórico atualizado: 32 linha(s). "
"2026-07-17T10:20:33Z","forecast","ok","2026-07-17T10:20:36Z","2026-07-17T10:20:36Z","Open-Meteo previsão futura atualizada: 16 linha(s). "
"2026-07-17T10:20:33Z","historical-forecast","ok","2026-07-17T10:20:36Z","2026-07-17T10:20:37Z","Open-Meteo arquivo de previsões atualizado: 32 linha(s). "
"2026-07-17T10:20:33Z","previous-runs","ok","2026-07-17T10:20:37Z","2026-07-17T10:20:44Z","Open-Meteo previous runs atualizados: 248 linha(s). "
"2026-07-17T10:20:33Z","errors","ok","2026-07-17T10:20:44Z","2026-07-17T10:20:44Z","Open-Meteo erros calculados: 7286 linha(s). "
"2026-07-17T15:58:06Z","history","ok","2026-07-17T15:58:06Z","2026-07-17T15:58:08Z","Open-Meteo histórico atualizado: 31 linha(s). "
"2026-07-17T15:58:06Z","forecast","ok","2026-07-17T15:58:08Z","2026-07-17T15:58:08Z","Open-Meteo previsão futura atualizada: 16 linha(s). "
"2026-07-17T15:58:06Z","historical-forecast","ok","2026-07-17T15:58:08Z","2026-07-17T15:58:10Z","Open-Meteo arquivo de previsões atualizado: 31 linha(s). "
"2026-07-17T15:58:06Z","previous-runs","ok","2026-07-17T15:58:10Z","2026-07-17T15:58:13Z","Open-Meteo previous runs atualizados: 248 linha(s). "
"2026-07-17T15:58:06Z","errors","ok","2026-07-17T15:58:13Z","2026-07-17T15:58:13Z","Open-Meteo erros calculados: 7286 linha(s). "
"2026-07-18T09:58:48Z","history","ok","2026-07-18T09:58:48Z","2026-07-18T09:58:50Z","Open-Meteo histórico atualizado: 31 linha(s). "
"2026-07-18T09:58:48Z","forecast","ok","2026-07-18T09:58:50Z","2026-07-18T09:58:50Z","Open-Meteo previsão futura atualizada: 16 linha(s). "
"2026-07-18T09:58:48Z","historical-forecast","ok","2026-07-18T09:58:50Z","2026-07-18T09:58:52Z","Open-Meteo arquivo de previsões atualizado: 32 linha(s). "
"2026-07-18T09:58:48Z","previous-runs","ok","2026-07-18T09:58:52Z","2026-07-18T09:58:54Z","Open-Meteo previous runs atualizados: 248 linha(s). "
"2026-07-18T09:58:48Z","errors","ok","2026-07-18T09:58:54Z","2026-07-18T09:58:54Z","Open-Meteo erros calculados: 7294 linha(s). "
"2026-07-18T15:30:59Z","history","ok","2026-07-18T15:30:59Z","2026-07-18T15:31:00Z","Open-Meteo histórico atualizado: 31 linha(s). "
"2026-07-18T15:30:59Z","forecast","ok","2026-07-18T15:31:00Z","2026-07-18T15:31:01Z","Open-Meteo previsão futura atualizada: 16 linha(s). "
"2026-07-18T15:30:59Z","historical-forecast","ok","2026-07-18T15:31:01Z","2026-07-18T15:31:02Z","Open-Meteo arquivo de previsões atualizado: 31 linha(s). "
"2026-07-18T15:30:59Z","previous-runs","ok","2026-07-18T15:31:02Z","2026-07-18T15:31:02Z","Open-Meteo previous runs atualizados: 248 linha(s). "
"2026-07-18T15:30:59Z","errors","ok","2026-07-18T15:31:02Z","2026-07-18T15:31:03Z","Open-Meteo erros calculados: 7294 linha(s). "
"2026-07-19T10:09:00Z","history","ok","2026-07-19T10:09:00Z","2026-07-19T10:09:01Z","Open-Meteo histórico atualizado: 31 linha(s). "
"2026-07-19T10:09:00Z","forecast","ok","2026-07-19T10:09:01Z","2026-07-19T10:09:02Z","Open-Meteo previsão futura atualizada: 16 linha(s). "
"2026-07-19T10:09:00Z","historical-forecast","ok","2026-07-19T10:09:02Z","2026-07-19T10:09:04Z","Open-Meteo arquivo de previsões atualizado: 32 linha(s). "
"2026-07-19T10:09:00Z","previous-runs","ok","2026-07-19T10:09:04Z","2026-07-19T10:09:06Z","Open-Meteo previous runs atualizados: 248 linha(s). "
"2026-07-19T10:09:00Z","errors","ok","2026-07-19T10:09:06Z","2026-07-19T10:09:06Z","Open-Meteo erros calculados: 7302 linha(s). "
"2026-07-19T15:33:04Z","history","ok","2026-07-19T15:33:04Z","2026-07-19T15:33:06Z","Open-Meteo histórico atualizado: 33 linha(s). "
"2026-07-19T15:33:04Z","forecast","ok","2026-07-19T15:33:06Z","2026-07-19T15:33:06Z","Open-Meteo previsão futura atualizada: 16 linha(s). "
"2026-07-19T15:33:04Z","historical-forecast","ok","2026-07-19T15:33:06Z","2026-07-19T15:33:07Z","Open-Meteo arquivo de previsões atualizado: 31 linha(s). "
"2026-07-19T15:33:04Z","previous-runs","ok","2026-07-19T15:33:07Z","2026-07-19T15:33:08Z","Open-Meteo previous runs atualizados: 248 linha(s). "
"2026-07-19T15:33:04Z","errors","ok","2026-07-19T15:33:08Z","2026-07-19T15:33:09Z","Open-Meteo erros calculados: 7302 linha(s). "
"2026-07-20T11:23:58Z","history","ok","2026-07-20T11:23:58Z","2026-07-20T11:24:01Z","Open-Meteo histórico atualizado: 32 linha(s). "
"2026-07-20T11:23:58Z","forecast","ok","2026-07-20T11:24:01Z","2026-07-20T11:24:01Z","Open-Meteo previsão futura atualizada: 16 linha(s). "
"2026-07-20T11:23:58Z","historical-forecast","ok","2026-07-20T11:24:01Z","2026-07-20T11:24:02Z","Open-Meteo arquivo de previsões atualizado: 32 linha(s). "
"2026-07-20T11:23:58Z","previous-runs","ok","2026-07-20T11:24:02Z","2026-07-20T11:24:03Z","Open-Meteo previous runs atualizados: 248 linha(s). "
"2026-07-20T11:23:58Z","errors","ok","2026-07-20T11:24:03Z","2026-07-20T11:24:03Z","Open-Meteo erros calculados: 7310 linha(s). "
"2026-07-20T16:10:20Z","history","ok","2026-07-20T16:10:20Z","2026-07-20T16:10:21Z","Open-Meteo histórico atualizado: 31 linha(s). "
"2026-07-20T16:10:20Z","forecast","ok","2026-07-20T16:10:21Z","2026-07-20T16:10:21Z","Open-Meteo previsão futura atualizada: 16 linha(s). "
"2026-07-20T16:10:20Z","historical-forecast","ok","2026-07-20T16:10:21Z","2026-07-20T16:10:22Z","Open-Meteo arquivo de previsões atualizado: 31 linha(s). "
"2026-07-20T16:10:20Z","previous-runs","ok","2026-07-20T16:10:22Z","2026-07-20T16:10:23Z","Open-Meteo previous runs atualizados: 248 linha(s). "
"2026-07-20T16:10:20Z","errors","ok","2026-07-20T16:10:23Z","2026-07-20T16:10:23Z","Open-Meteo erros calculados: 7310 linha(s). "
"2026-07-21T10:40:16Z","history","ok","2026-07-21T10:40:16Z","2026-07-21T10:40:17Z","Open-Meteo histórico atualizado: 32 linha(s). "
"2026-07-21T10:40:16Z","forecast","ok","2026-07-21T10:40:17Z","2026-07-21T10:40:18Z","Open-Meteo previsão futura atualizada: 16 linha(s). "
"2026-07-21T10:40:16Z","historical-forecast","ok","2026-07-21T10:40:18Z","2026-07-21T10:40:20Z","Open-Meteo arquivo de previsões atualizado: 32 linha(s). "
"2026-07-21T10:40:16Z","previous-runs","ok","2026-07-21T10:40:20Z","2026-07-21T10:40:23Z","Open-Meteo previous runs atualizados: 248 linha(s). "
"2026-07-21T10:40:16Z","errors","ok","2026-07-21T10:40:23Z","2026-07-21T10:40:24Z","Open-Meteo erros calculados: 7318 linha(s). "
"2026-07-21T16:04:12Z","history","ok","2026-07-21T16:04:12Z","2026-07-21T16:04:14Z","Open-Meteo histórico atualizado: 31 linha(s). "
"2026-07-21T16:04:12Z","forecast","ok","2026-07-21T16:04:14Z","2026-07-21T16:04:14Z","Open-Meteo previsão futura atualizada: 16 linha(s). "
"2026-07-21T16:04:12Z","historical-forecast","ok","2026-07-21T16:04:14Z","2026-07-21T16:04:15Z","Open-Meteo arquivo de previsões atualizado: 31 linha(s). "
"2026-07-21T16:04:12Z","previous-runs","ok","2026-07-21T16:04:15Z","2026-07-21T16:04:16Z","Open-Meteo previous runs atualizados: 248 linha(s). "
"2026-07-21T16:04:12Z","errors","ok","2026-07-21T16:04:16Z","2026-07-21T16:04:16Z","Open-Meteo erros calculados: 7318 linha(s). "
"2026-07-22T10:40:06Z","history","ok","2026-07-22T10:40:06Z","2026-07-22T10:40:07Z","Open-Meteo histórico atualizado: 32 linha(s). "
"2026-07-22T10:40:06Z","forecast","ok","2026-07-22T10:40:07Z","2026-07-22T10:40:08Z","Open-Meteo previsão futura atualizada: 16 linha(s). "
"2026-07-22T10:40:06Z","historical-forecast","ok","2026-07-22T10:40:08Z","2026-07-22T10:40:09Z","Open-Meteo arquivo de previsões atualizado: 32 linha(s). "
"2026-07-22T10:40:06Z","previous-runs","ok","2026-07-22T10:40:09Z","2026-07-22T10:40:12Z","Open-Meteo previous runs atualizados: 248 linha(s). "
"2026-07-22T10:40:06Z","errors","ok","2026-07-22T10:40:12Z","2026-07-22T10:40:13Z","Open-Meteo erros calculados: 7326 linha(s). "
"2026-07-22T16:03:47Z","history","ok","2026-07-22T16:03:47Z","2026-07-22T16:03:48Z","Open-Meteo histórico atualizado: 31 linha(s). "
"2026-07-22T16:03:47Z","forecast","ok","2026-07-22T16:03:48Z","2026-07-22T16:03:49Z","Open-Meteo previsão futura atualizada: 16 linha(s). "
"2026-07-22T16:03:47Z","historical-forecast","ok","2026-07-22T16:03:49Z","2026-07-22T16:03:50Z","Open-Meteo arquivo de previsões atualizado: 31 linha(s). "
"2026-07-22T16:03:47Z","previous-runs","ok","2026-07-22T16:03:50Z","2026-07-22T16:03:55Z","Open-Meteo previous runs atualizados: 248 linha(s). "
"2026-07-22T16:03:47Z","errors","ok","2026-07-22T16:03:55Z","2026-07-22T16:03:55Z","Open-Meteo erros calculados: 7326 linha(s). "
"2026-07-23T10:41:19Z","history","ok","2026-07-23T10:41:19Z","2026-07-23T10:41:20Z","Open-Meteo histórico atualizado: 32 linha(s). "
"2026-07-23T10:41:19Z","forecast","ok","2026-07-23T10:41:20Z","2026-07-23T10:41:21Z","Open-Meteo previsão futura atualizada: 16 linha(s). "
"2026-07-23T10:41:19Z","historical-forecast","ok","2026-07-23T10:41:21Z","2026-07-23T10:41:22Z","Open-Meteo arquivo de previsões atualizado: 32 linha(s). "
"2026-07-23T10:41:19Z","previous-runs","ok","2026-07-23T10:41:22Z","2026-07-23T10:41:23Z","Open-Meteo previous runs atualizados: 248 linha(s). "
"2026-07-23T10:41:19Z","errors","ok","2026-07-23T10:41:23Z","2026-07-23T10:41:24Z","Open-Meteo erros calculados: 7334 linha(s). "
"2026-07-23T16:14:50Z","history","ok","2026-07-23T16:14:50Z","2026-07-23T16:14:52Z","Open-Meteo histórico atualizado: 31 linha(s). "
"2026-07-23T16:14:50Z","forecast","ok","2026-07-23T16:14:52Z","2026-07-23T16:14:53Z","Open-Meteo previsão futura atualizada: 16 linha(s). "
"2026-07-23T16:14:50Z","historical-forecast","ok","2026-07-23T16:14:53Z","2026-07-23T16:14:53Z","Open-Meteo arquivo de previsões atualizado: 31 linha(s). "
"2026-07-23T16:14:50Z","previous-runs","ok","2026-07-23T16:14:53Z","2026-07-23T16:14:55Z","Open-Meteo previous runs atualizados: 248 linha(s). "
"2026-07-23T16:14:50Z","errors","ok","2026-07-23T16:14:55Z","2026-07-23T16:14:55Z","Open-Meteo erros calculados: 7334 linha(s). "
"2026-07-24T10:35:16Z","history","ok","2026-07-24T10:35:16Z","2026-07-24T10:35:17Z","Open-Meteo histórico atualizado: 32 linha(s). "
"2026-07-24T10:35:16Z","forecast","ok","2026-07-24T10:35:17Z","2026-07-24T10:35:18Z","Open-Meteo previsão futura atualizada: 16 linha(s). "
"2026-07-24T10:35:16Z","historical-forecast","ok","2026-07-24T10:35:18Z","2026-07-24T10:35:19Z","Open-Meteo arquivo de previsões atualizado: 32 linha(s). "
"2026-07-24T10:35:16Z","previous-runs","ok","2026-07-24T10:35:19Z","2026-07-24T10:35:22Z","Open-Meteo previous runs atualizados: 248 linha(s). "
"2026-07-24T10:35:16Z","errors","ok","2026-07-24T10:35:22Z","2026-07-24T10:35:22Z","Open-Meteo erros calculados: 7342 linha(s). "
"2026-07-24T16:49:06Z","history","ok","2026-07-24T16:49:06Z","2026-07-24T16:49:08Z","Open-Meteo histórico atualizado: 31 linha(s). "
"2026-07-24T16:49:06Z","forecast","ok","2026-07-24T16:49:08Z","2026-07-24T16:49:09Z","Open-Meteo previsão futura atualizada: 16 linha(s). "
"2026-07-24T16:49:06Z","historical-forecast","ok","2026-07-24T16:49:09Z","2026-07-24T16:49:11Z","Open-Meteo arquivo de previsões atualizado: 31 linha(s). "
"2026-07-24T16:49:06Z","previous-runs","ok","2026-07-24T16:49:11Z","2026-07-24T16:49:13Z","Open-Meteo previous runs atualizados: 248 linha(s). "
"2026-07-24T16:49:06Z","errors","ok","2026-07-24T16:49:13Z","2026-07-24T16:49:13Z","Open-Meteo erros calculados: 7342 linha(s). "
"2026-07-25T10:09:55Z","history","ok","2026-07-25T10:09:55Z","2026-07-25T10:09:58Z","Open-Meteo histórico atualizado: 32 linha(s). "
"2026-07-25T10:09:55Z","forecast","ok","2026-07-25T10:09:58Z","2026-07-25T10:09:59Z","Open-Meteo previsão futura atualizada: 16 linha(s). "
"2026-07-25T10:09:55Z","historical-forecast","ok","2026-07-25T10:09:59Z","2026-07-25T10:09:59Z","Open-Meteo arquivo de previsões atualizado: 32 linha(s). "
"2026-07-25T10:09:55Z","previous-runs","ok","2026-07-25T10:09:59Z","2026-07-25T10:10:03Z","Open-Meteo previous runs atualizados: 248 linha(s). "
"2026-07-25T10:09:55Z","errors","ok","2026-07-25T10:10:03Z","2026-07-25T10:10:03Z","Open-Meteo erros calculados: 7350 linha(s). "
"2026-07-25T15:42:49Z","history","ok","2026-07-25T15:42:49Z","2026-07-25T15:42:51Z","Open-Meteo histórico atualizado: 31 linha(s). "
"2026-07-25T15:42:49Z","forecast","ok","2026-07-25T15:42:51Z","2026-07-25T15:42:51Z","Open-Meteo previsão futura atualizada: 16 linha(s). "
"2026-07-25T15:42:49Z","historical-forecast","ok","2026-07-25T15:42:51Z","2026-07-25T15:42:53Z","Open-Meteo arquivo de previsões atualizado: 31 linha(s). "
"2026-07-25T15:42:49Z","previous-runs","ok","2026-07-25T15:42:53Z","2026-07-25T15:42:54Z","Open-Meteo previous runs atualizados: 248 linha(s). "
"2026-07-25T15:42:49Z","errors","ok","2026-07-25T15:42:54Z","2026-07-25T15:42:54Z","Open-Meteo erros calculados: 7350 linha(s). "
"2026-07-26T10:19:49Z","history","ok","2026-07-26T10:19:49Z","2026-07-26T10:19:53Z","Open-Meteo histórico atualizado: 32 linha(s). "
"2026-07-26T10:19:49Z","forecast","ok","2026-07-26T10:19:53Z","2026-07-26T10:19:54Z","Open-Meteo previsão futura atualizada: 16 linha(s). "
"2026-07-26T10:19:49Z","historical-forecast","ok","2026-07-26T10:19:54Z","2026-07-26T10:19:54Z","Open-Meteo arquivo de previsões atualizado: 32 linha(s). "
"2026-07-26T10:19:49Z","previous-runs","ok","2026-07-26T10:19:54Z","2026-07-26T10:19:56Z","Open-Meteo previous runs atualizados: 248 linha(s). "
"2026-07-26T10:19:49Z","errors","ok","2026-07-26T10:19:56Z","2026-07-26T10:19:56Z","Open-Meteo erros calculados: 7358 linha(s). "
"2026-07-26T15:41:29Z","history","ok","2026-07-26T15:41:29Z","2026-07-26T15:41:31Z","Open-Meteo histórico atualizado: 31 linha(s). "
"2026-07-26T15:41:29Z","forecast","ok","2026-07-26T15:41:31Z","2026-07-26T15:41:31Z","Open-Meteo previsão futura atualizada: 16 linha(s). "
"2026-07-26T15:41:29Z","historical-forecast","ok","2026-07-26T15:41:31Z","2026-07-26T15:41:32Z","Open-Meteo arquivo de previsões atualizado: 31 linha(s). "
"2026-07-26T15:41:29Z","previous-runs","ok","2026-07-26T15:41:32Z","2026-07-26T15:41:33Z","Open-Meteo previous runs atualizados: 248 linha(s). "
"2026-07-26T15:41:29Z","errors","ok","2026-07-26T15:41:33Z","2026-07-26T15:41:33Z","Open-Meteo erros calculados: 7358 linha(s). "
"2026-07-27T11:49:19Z","history","ok","2026-07-27T11:49:19Z","2026-07-27T11:49:20Z","Open-Meteo histórico atualizado: 32 linha(s). "
"2026-07-27T11:49:19Z","forecast","ok","2026-07-27T11:49:20Z","2026-07-27T11:49:21Z","Open-Meteo previsão futura atualizada: 16 linha(s). "
"2026-07-27T11:49:19Z","historical-forecast","ok","2026-07-27T11:49:21Z","2026-07-27T11:49:22Z","Open-Meteo arquivo de previsões atualizado: 32 linha(s). "
"2026-07-27T11:49:19Z","previous-runs","ok","2026-07-27T11:49:22Z","2026-07-27T11:49:24Z","Open-Meteo previous runs atualizados: 248 linha(s). "
"2026-07-27T11:49:19Z","errors","ok","2026-07-27T11:49:24Z","2026-07-27T11:49:25Z","Open-Meteo erros calculados: 7366 linha(s). "
"2026-07-27T16:39:46Z","history","ok","2026-07-27T16:39:46Z","2026-07-27T16:39:47Z","Open-Meteo histórico atualizado: 31 linha(s). "
"2026-07-27T16:39:46Z","forecast","ok","2026-07-27T16:39:47Z","2026-07-27T16:39:48Z","Open-Meteo previsão futura atualizada: 16 linha(s). "
"2026-07-27T16:39:46Z","historical-forecast","ok","2026-07-27T16:39:48Z","2026-07-27T16:39:49Z","Open-Meteo arquivo de previsões atualizado: 31 linha(s). "
"2026-07-27T16:39:46Z","previous-runs","ok","2026-07-27T16:39:49Z","2026-07-27T16:39:50Z","Open-Meteo previous runs atualizados: 248 linha(s). "
"2026-07-27T16:39:46Z","errors","ok","2026-07-27T16:39:50Z","2026-07-27T16:39:50Z","Open-Meteo erros calculados: 7366 linha(s). "
"2026-07-28T10:57:40Z","history","ok","2026-07-28T10:57:40Z","2026-07-28T10:57:41Z","Open-Meteo histórico atualizado: 32 linha(s). "
"2026-07-28T10:57:40Z","forecast","ok","2026-07-28T10:57:41Z","2026-07-28T10:57:42Z","Open-Meteo previsão futura atualizada: 16 linha(s). "
"2026-07-28T10:57:40Z","historical-forecast","ok","2026-07-28T10:57:42Z","2026-07-28T10:57:42Z","Open-Meteo arquivo de previsões atualizado: 32 linha(s). "
"2026-07-28T10:57:40Z","previous-runs","ok","2026-07-28T10:57:42Z","2026-07-28T10:57:48Z","Open-Meteo previous runs atualizados: 248 linha(s). "
"2026-07-28T10:57:40Z","errors","ok","2026-07-28T10:57:48Z","2026-07-28T10:57:48Z","Open-Meteo erros calculados: 7374 linha(s). "
"2026-07-28T16:19:40Z","history","ok","2026-07-28T16:19:40Z","2026-07-28T16:19:41Z","Open-Meteo histórico atualizado: 31 linha(s). "
"2026-07-28T16:19:40Z","forecast","ok","2026-07-28T16:19:41Z","2026-07-28T16:19:42Z","Open-Meteo previsão futura atualizada: 16 linha(s). "
"2026-07-28T16:19:40Z","historical-forecast","ok","2026-07-28T16:19:42Z","2026-07-28T16:19:44Z","Open-Meteo arquivo de previsões atualizado: 31 linha(s). "
"2026-07-28T16:19:40Z","previous-runs","ok","2026-07-28T16:19:44Z","2026-07-28T16:19:47Z","Open-Meteo previous runs atualizados: 248 linha(s). "
"2026-07-28T16:19:40Z","errors","ok","2026-07-28T16:19:47Z","2026-07-28T16:19:48Z","Open-Meteo erros calculados: 7374 linha(s). "
"2026-07-29T11:01:29Z","history","ok","2026-07-29T11:01:29Z","2026-07-29T11:01:30Z","Open-Meteo histórico atualizado: 32 linha(s). "
"2026-07-29T11:01:29Z","forecast","ok","2026-07-29T11:01:30Z","2026-07-29T11:01:31Z","Open-Meteo previsão futura atualizada: 16 linha(s). "
"2026-07-29T11:01:29Z","historical-forecast","ok","2026-07-29T11:01:31Z","2026-07-29T11:01:35Z","Open-Meteo arquivo de previsões atualizado: 32 linha(s). "
"2026-07-29T11:01:29Z","previous-runs","ok","2026-07-29T11:01:35Z","2026-07-29T11:01:36Z","Open-Meteo previous runs atualizados: 248 linha(s). "
"2026-07-29T11:01:29Z","errors","ok","2026-07-29T11:01:36Z","2026-07-29T11:01:37Z","Open-Meteo erros calculados: 7382 linha(s). "
"2026-07-29T16:02:21Z","history","ok","2026-07-29T16:02:21Z","2026-07-29T16:02:22Z","Open-Meteo histórico atualizado: 31 linha(s). "
"2026-07-29T16:02:21Z","forecast","ok","2026-07-29T16:02:22Z","2026-07-29T16:02:23Z","Open-Meteo previsão futura atualizada: 16 linha(s). "
"2026-07-29T16:02:21Z","historical-forecast","ok","2026-07-29T16:02:23Z","2026-07-29T16:02:24Z","Open-Meteo arquivo de previsões atualizado: 31 linha(s). "
"2026-07-29T16:02:21Z","previous-runs","ok","2026-07-29T16:02:24Z","2026-07-29T16:02:25Z","Open-Meteo previous runs atualizados: 248 linha(s). "
"2026-07-29T16:02:21Z","errors","ok","2026-07-29T16:02:25Z","2026-07-29T16:02:25Z","Open-Meteo erros calculados: 7382 linha(s). "
"2026-07-30T10:38:11Z","history","ok","2026-07-30T10:38:11Z","2026-07-30T10:38:13Z","Open-Meteo histórico atualizado: 32 linha(s). "
"2026-07-30T10:38:11Z","forecast","ok","2026-07-30T10:38:13Z","2026-07-30T10:38:13Z","Open-Meteo previsão futura atualizada: 16 linha(s). "
"2026-07-30T10:38:11Z","historical-forecast","ok","2026-07-30T10:38:13Z","2026-07-30T10:38:14Z","Open-Meteo arquivo de previsões atualizado: 32 linha(s). "
"2026-07-30T10:38:11Z","previous-runs","ok","2026-07-30T10:38:14Z","2026-07-30T10:38:15Z","Open-Meteo previous runs atualizados: 248 linha(s). "
"2026-07-30T10:38:11Z","errors","ok","2026-07-30T10:38:15Z","2026-07-30T10:38:15Z","Open-Meteo erros calculados: 7390 linha(s). "
"2026-07-30T16:07:19Z","history","ok","2026-07-30T16:07:19Z","2026-07-30T16:07:22Z","Open-Meteo histórico atualizado: 31 linha(s). "
"2026-07-30T16:07:19Z","forecast","ok","2026-07-30T16:07:22Z","2026-07-30T16:07:22Z","Open-Meteo previsão futura atualizada: 16 linha(s). "
"2026-07-30T16:07:19Z","historical-forecast","ok","2026-07-30T16:07:22Z","2026-07-30T16:07:25Z","Open-Meteo arquivo de previsões atualizado: 31 linha(s). "
"2026-07-30T16:07:19Z","previous-runs","ok","2026-07-30T16:07:25Z","2026-07-30T16:07:27Z","Open-Meteo previous runs atualizados: 248 linha(s). "
"2026-07-30T16:07:19Z","errors","ok","2026-07-30T16:07:27Z","2026-07-30T16:07:27Z","Open-Meteo erros calculados: 7390 linha(s). "
"2026-07-31T11:06:03Z","history","ok","2026-07-31T11:06:03Z","2026-07-31T11:06:04Z","Open-Meteo histórico atualizado: 32 linha(s). "
"2026-07-31T11:06:03Z","forecast","ok","2026-07-31T11:06:04Z","2026-07-31T11:06:05Z","Open-Meteo previsão futura atualizada: 16 linha(s). "
"2026-07-31T11:06:03Z","historical-forecast","ok","2026-07-31T11:06:05Z","2026-07-31T11:06:10Z","Open-Meteo arquivo de previsões atualizado: 32 linha(s). "
"2026-07-31T11:06:03Z","previous-runs","ok","2026-07-31T11:06:10Z","2026-07-31T11:06:12Z","Open-Meteo previous runs atualizados: 248 linha(s). "
"2026-07-31T11:06:03Z","errors","ok","2026-07-31T11:06:12Z","2026-07-31T11:06:12Z","Open-Meteo erros calculados: 7398 linha(s). "
"2026-07-31T16:17:51Z","history","ok","2026-07-31T16:17:51Z","2026-07-31T16:17:52Z","Open-Meteo histórico atualizado: 31 linha(s). "
"2026-07-31T16:17:51Z","forecast","ok","2026-07-31T16:17:52Z","2026-07-31T16:17:53Z","Open-Meteo previsão futura atualizada: 16 linha(s). "
"2026-07-31T16:17:51Z","historical-forecast","ok","2026-07-31T16:17:53Z","2026-07-31T16:17:55Z","Open-Meteo arquivo de previsões atualizado: 31 linha(s). "
"2026-07-31T16:17:51Z","previous-runs","ok","2026-07-31T16:17:55Z","2026-07-31T16:17:59Z","Open-Meteo previous runs atualizados: 248 linha(s). "
"2026-07-31T16:17:51Z","errors","ok","2026-07-31T16:17:59Z","2026-07-31T16:17:59Z","Open-Meteo erros calculados: 7398 linha(s). "
"2026-08-01T10:15:46Z","history","ok","2026-08-01T10:15:46Z","2026-08-01T10:15:47Z","Open-Meteo histórico atualizado: 32 linha(s). "
"2026-08-01T10:15:46Z","forecast","ok","2026-08-01T10:15:47Z","2026-08-01T10:15:48Z","Open-Meteo previsão futura atualizada: 16 linha(s). "
"2026-08-01T10:15:46Z","historical-forecast","ok","2026-08-01T10:15:48Z","2026-08-01T10:15:48Z","Open-Meteo arquivo de previsões atualizado: 32 linha(s). "
"2026-08-01T10:15:46Z","previous-runs","ok","2026-08-01T10:15:48Z","2026-08-01T10:15:50Z","Open-Meteo previous runs atualizados: 248 linha(s). "
"2026-08-01T10:15:46Z","errors","ok","2026-08-01T10:15:50Z","2026-08-01T10:15:50Z","Open-Meteo erros calculados: 7406 linha(s). "
"2026-08-01T15:36:47Z","history","ok","2026-08-01T15:36:47Z","2026-08-01T15:36:50Z","Open-Meteo histórico atualizado: 31 linha(s). "
"2026-08-01T15:36:47Z","forecast","ok","2026-08-01T15:36:50Z","2026-08-01T15:36:51Z","Open-Meteo previsão futura atualizada: 16 linha(s). "
"2026-08-01T15:36:47Z","historical-forecast","ok","2026-08-01T15:36:51Z","2026-08-01T15:36:51Z","Open-Meteo arquivo de previsões atualizado: 31 linha(s). "
"2026-08-01T15:36:47Z","previous-runs","ok","2026-08-01T15:36:51Z","2026-08-01T15:36:56Z","Open-Meteo previous runs atualizados: 248 linha(s). "
"2026-08-01T15:36:47Z","errors","ok","2026-08-01T15:36:56Z","2026-08-01T15:36:56Z","Open-Meteo erros calculados: 7406 linha(s). "
"2026-08-02T10:14:23Z","history","ok","2026-08-02T10:14:23Z","2026-08-02T10:14:24Z","Open-Meteo histórico atualizado: 32 linha(s). "
"2026-08-02T10:14:23Z","forecast","ok","2026-08-02T10:14:24Z","2026-08-02T10:14:25Z","Open-Meteo previsão futura atualizada: 16 linha(s). "
"2026-08-02T10:14:23Z","historical-forecast","ok","2026-08-02T10:14:25Z","2026-08-02T10:14:26Z","Open-Meteo arquivo de previsões atualizado: 32 linha(s). "
"2026-08-02T10:14:23Z","previous-runs","ok","2026-08-02T10:14:26Z","2026-08-02T10:14:31Z","Open-Meteo previous runs atualizados: 248 linha(s). "
"2026-08-02T10:14:23Z","errors","ok","2026-08-02T10:14:31Z","2026-08-02T10:14:31Z","Open-Meteo erros calculados: 7414 linha(s). "
"2026-08-02T15:38:40Z","history","ok","2026-08-02T15:38:40Z","2026-08-02T15:38:41Z","Open-Meteo histórico atualizado: 31 linha(s). "
"2026-08-02T15:38:40Z","forecast","ok","2026-08-02T15:38:41Z","2026-08-02T15:38:42Z","Open-Meteo previsão futura atualizada: 16 linha(s). "
"2026-08-02T15:38:40Z","historical-forecast","ok","2026-08-02T15:38:42Z","2026-08-02T15:38:45Z","Open-Meteo arquivo de previsões atualizado: 31 linha(s). "
"2026-08-02T15:38:40Z","previous-runs","ok","2026-08-02T15:38:45Z","2026-08-02T15:38:46Z","Open-Meteo previous runs atualizados: 248 linha(s). "
"2026-08-02T15:38:40Z","errors","ok","2026-08-02T15:38:46Z","2026-08-02T15:38:46Z","Open-Meteo erros calculados: 7414 linha(s). "
"2026-08-03T11:54:50Z","history","ok","2026-08-03T11:54:50Z","2026-08-03T11:54:52Z","Open-Meteo histórico atualizado: 32 linha(s). "
"2026-08-03T11:54:50Z","forecast","ok","2026-08-03T11:54:52Z","2026-08-03T11:54:53Z","Open-Meteo previsão futura atualizada: 16 linha(s). "
"2026-08-03T11:54:50Z","historical-forecast","ok","2026-08-03T11:54:53Z","2026-08-03T11:54:55Z","Open-Meteo arquivo de previsões atualizado: 32 linha(s). "
"2026-08-03T11:54:50Z","previous-runs","ok","2026-08-03T11:54:55Z","2026-08-03T11:54:56Z","Open-Meteo previous runs atualizados: 248 linha(s). "
"2026-08-03T11:54:50Z","errors","ok","2026-08-03T11:54:56Z","2026-08-03T11:54:57Z","Open-Meteo erros calculados: 7422 linha(s). "
"2026-08-03T16:57:25Z","history","ok","2026-08-03T16:57:25Z","2026-08-03T16:57:26Z","Open-Meteo histórico atualizado: 31 linha(s). "
"2026-08-03T16:57:25Z","forecast","ok","2026-08-03T16:57:26Z","2026-08-03T16:57:27Z","Open-Meteo previsão futura atualizada: 16 linha(s). "
"2026-08-03T16:57:25Z","historical-forecast","ok","2026-08-03T16:57:27Z","2026-08-03T16:57:27Z","Open-Meteo arquivo de previsões atualizado: 31 linha(s). "
"2026-08-03T16:57:25Z","previous-runs","ok","2026-08-03T16:57:27Z","2026-08-03T16:57:33Z","Open-Meteo previous runs atualizados: 248 linha(s). "
"2026-08-03T16:57:25Z","errors","ok","2026-08-03T16:57:33Z","2026-08-03T16:57:33Z","Open-Meteo erros calculados: 7422 linha(s). "
"2026-08-04T11:02:55Z","history","ok","2026-08-04T11:02:55Z","2026-08-04T11:02:56Z","Open-Meteo histórico atualizado: 32 linha(s). "
"2026-08-04T11:02:55Z","forecast","ok","2026-08-04T11:02:56Z","2026-08-04T11:02:56Z","Open-Meteo previsão futura atualizada: 16 linha(s). "
"2026-08-04T11:02:55Z","historical-forecast","ok","2026-08-04T11:02:56Z","2026-08-04T11:02:57Z","Open-Meteo arquivo de previsões atualizado: 32 linha(s). "
"2026-08-04T11:02:55Z","previous-runs","ok","2026-08-04T11:02:57Z","2026-08-04T11:03:03Z","Open-Meteo previous runs atualizados: 248 linha(s). "
"2026-08-04T11:02:55Z","errors","ok","2026-08-04T11:03:03Z","2026-08-04T11:03:03Z","Open-Meteo erros calculados: 7430 linha(s). "
"2026-08-04T16:27:46Z","history","ok","2026-08-04T16:27:46Z","2026-08-04T16:27:47Z","Open-Meteo histórico atualizado: 31 linha(s). "
"2026-08-04T16:27:46Z","forecast","ok","2026-08-04T16:27:47Z","2026-08-04T16:27:48Z","Open-Meteo previsão futura atualizada: 16 linha(s). "
"2026-08-04T16:27:46Z","historical-forecast","ok","2026-08-04T16:27:48Z","2026-08-04T16:27:48Z","Open-Meteo arquivo de previsões atualizado: 31 linha(s). "
"2026-08-04T16:27:46Z","previous-runs","ok","2026-08-04T16:27:48Z","2026-08-04T16:27:50Z","Open-Meteo previous runs atualizados: 248 linha(s). "
"2026-08-04T16:27:46Z","errors","ok","2026-08-04T16:27:50Z","2026-08-04T16:27:50Z","Open-Meteo erros calculados: 7430 linha(s). "
"2026-08-05T10:58:56Z","history","ok","2026-08-05T10:58:56Z","2026-08-05T10:58:57Z","Open-Meteo histórico atualizado: 32 linha(s). "
"2026-08-05T10:58:56Z","forecast","ok","2026-08-05T10:58:57Z","2026-08-05T10:58:57Z","Open-Meteo previsão futura atualizada: 16 linha(s). "
"2026-08-05T10:58:56Z","historical-forecast","ok","2026-08-05T10:58:57Z","2026-08-05T10:58:59Z","Open-Meteo arquivo de previsões atualizado: 32 linha(s). "
"2026-08-05T10:58:56Z","previous-runs","ok","2026-08-05T10:58:59Z","2026-08-05T10:59:03Z","Open-Meteo previous runs atualizados: 248 linha(s). "
"2026-08-05T10:58:56Z","errors","ok","2026-08-05T10:59:03Z","2026-08-05T10:59:03Z","Open-Meteo erros calculados: 7438 linha(s). "
"2026-08-05T16:16:00Z","history","ok","2026-08-05T16:16:00Z","2026-08-05T16:16:01Z","Open-Meteo histórico atualizado: 31 linha(s). "
"2026-08-05T16:16:00Z","forecast","ok","2026-08-05T16:16:01Z","2026-08-05T16:16:02Z","Open-Meteo previsão futura atualizada: 16 linha(s). "
"2026-08-05T16:16:00Z","historical-forecast","ok","2026-08-05T16:16:02Z","2026-08-05T16:16:05Z","Open-Meteo arquivo de previsões atualizado: 31 linha(s). "
"2026-08-05T16:16:00Z","previous-runs","ok","2026-08-05T16:16:05Z","2026-08-05T16:16:06Z","Open-Meteo previous runs atualizados: 248 linha(s). "
"2026-08-05T16:16:00Z","errors","ok","2026-08-05T16:16:06Z","2026-08-05T16:16:07Z","Open-Meteo erros calculados: 7438 linha(s). "
"2026-08-06T10:59:55Z","history","ok","2026-08-06T10:59:55Z","2026-08-06T10:59:58Z","Open-Meteo histórico atualizado: 32 linha(s). "
"2026-08-06T10:59:55Z","forecast","ok","2026-08-06T10:59:58Z","2026-08-06T10:59:58Z","Open-Meteo previsão futura atualizada: 16 linha(s). "
"2026-08-06T10:59:55Z","historical-forecast","ok","2026-08-06T10:59:58Z","2026-08-06T10:59:59Z","Open-Meteo arquivo de previsões atualizado: 32 linha(s). "
"2026-08-06T10:59:55Z","previous-runs","ok","2026-08-06T10:59:59Z","2026-08-06T11:00:00Z","Open-Meteo previous runs atualizados: 248 linha(s). "
"2026-08-06T10:59:55Z","errors","ok","2026-08-06T11:00:00Z","2026-08-06T11:00:01Z","Open-Meteo erros calculados: 7446 linha(s). "
"2026-08-07T09:30:49Z","history","ok","2026-08-07T09:30:49Z","2026-08-07T09:30:52Z","Open-Meteo histórico atualizado: 32 linha(s). "
"2026-08-07T09:30:49Z","forecast","ok","2026-08-07T09:30:52Z","2026-08-07T09:30:53Z","Open-Meteo previsão futura atualizada: 16 linha(s). "
"2026-08-07T09:30:49Z","historical-forecast","ok","2026-08-07T09:30:53Z","2026-08-07T09:30:54Z","Open-Meteo arquivo de previsões atualizado: 32 linha(s). "
"2026-08-07T09:30:49Z","previous-runs","ok","2026-08-07T09:30:54Z","2026-08-07T09:30:55Z","Open-Meteo previous runs atualizados: 248 linha(s). "
"2026-08-07T09:30:49Z","errors","ok","2026-08-07T09:30:55Z","2026-08-07T09:30:55Z","Open-Meteo erros calculados: 7454 linha(s). "
"2026-08-07T15:25:51Z","history","ok","2026-08-07T15:25:51Z","2026-08-07T15:25:52Z","Open-Meteo histórico atualizado: 31 linha(s). "
"2026-08-07T15:25:51Z","forecast","ok","2026-08-07T15:25:52Z","2026-08-07T15:25:53Z","Open-Meteo previsão futura atualizada: 16 linha(s). "
"2026-08-07T15:25:51Z","historical-forecast","ok","2026-08-07T15:25:53Z","2026-08-07T15:25:57Z","Open-Meteo arquivo de previsões atualizado: 31 linha(s). "
"2026-08-07T15:25:51Z","previous-runs","ok","2026-08-07T15:25:57Z","2026-08-07T15:25:58Z","Open-Meteo previous runs atualizados: 248 linha(s). "
"2026-08-07T15:25:51Z","errors","ok","2026-08-07T15:25:58Z","2026-08-07T15:25:59Z","Open-Meteo erros calculados: 7454 linha(s). "
"2026-08-08T09:09:13Z","history","ok","2026-08-08T09:09:13Z","2026-08-08T09:09:16Z","Open-Meteo histórico atualizado: 32 linha(s). "
"2026-08-08T09:09:13Z","forecast","ok","2026-08-08T09:09:16Z","2026-08-08T09:09:16Z","Open-Meteo previsão futura atualizada: 16 linha(s). "
"2026-08-08T09:09:13Z","historical-forecast","ok","2026-08-08T09:09:16Z","2026-08-08T09:09:18Z","Open-Meteo arquivo de previsões atualizado: 32 linha(s). "
"2026-08-08T09:09:13Z","previous-runs","ok","2026-08-08T09:09:18Z","2026-08-08T09:09:19Z","Open-Meteo previous runs atualizados: 248 linha(s). "
"2026-08-08T09:09:13Z","errors","ok","2026-08-08T09:09:19Z","2026-08-08T09:09:20Z","Open-Meteo erros calculados: 7462 linha(s). "
"2026-08-08T14:59:17Z","history","ok","2026-08-08T14:59:17Z","2026-08-08T14:59:19Z","Open-Meteo histórico atualizado: 31 linha(s). "
"2026-08-08T14:59:17Z","forecast","ok","2026-08-08T14:59:19Z","2026-08-08T14:59:20Z","Open-Meteo previsão futura atualizada: 16 linha(s). "
"2026-08-08T14:59:17Z","historical-forecast","ok","2026-08-08T14:59:20Z","2026-08-08T14:59:22Z","Open-Meteo arquivo de previsões atualizado: 31 linha(s). "
"2026-08-08T14:59:17Z","previous-runs","ok","2026-08-08T14:59:22Z","2026-08-08T14:59:26Z","Open-Meteo previous runs atualizados: 248 linha(s). "
"2026-08-08T14:59:17Z","errors","ok","2026-08-08T14:59:26Z","2026-08-08T14:59:26Z","Open-Meteo erros calculados: 7462 linha(s). "
"2026-08-09T09:10:22Z","history","ok","2026-08-09T09:10:22Z","2026-08-09T09:10:24Z","Open-Meteo histórico atualizado: 32 linha(s). "
"2026-08-09T09:10:22Z","forecast","ok","2026-08-09T09:10:24Z","2026-08-09T09:10:24Z","Open-Meteo previsão futura atualizada: 16 linha(s). "
"2026-08-09T09:10:22Z","historical-forecast","ok","2026-08-09T09:10:24Z","2026-08-09T09:10:25Z","Open-Meteo arquivo de previsões atualizado: 32 linha(s). "
"2026-08-09T09:10:22Z","previous-runs","ok","2026-08-09T09:10:25Z","2026-08-09T09:10:26Z","Open-Meteo previous runs atualizados: 248 linha(s). "
"2026-08-09T09:10:22Z","errors","ok","2026-08-09T09:10:26Z","2026-08-09T09:10:26Z","Open-Meteo erros calculados: 7470 linha(s). "
"2026-08-09T15:02:10Z","history","ok","2026-08-09T15:02:10Z","2026-08-09T15:02:12Z","Open-Meteo histórico atualizado: 31 linha(s). "
"2026-08-09T15:02:10Z","forecast","ok","2026-08-09T15:02:12Z","2026-08-09T15:02:13Z","Open-Meteo previsão futura atualizada: 16 linha(s). "
"2026-08-09T15:02:10Z","historical-forecast","ok","2026-08-09T15:02:13Z","2026-08-09T15:02:15Z","Open-Meteo arquivo de previsões atualizado: 31 linha(s). "
"2026-08-09T15:02:10Z","previous-runs","ok","2026-08-09T15:02:15Z","2026-08-09T15:02:16Z","Open-Meteo previous runs atualizados: 248 linha(s). "
"2026-08-09T15:02:10Z","errors","ok","2026-08-09T15:02:16Z","2026-08-09T15:02:16Z","Open-Meteo erros calculados: 7470 linha(s). "
"2026-08-10T09:56:37Z","history","ok","2026-08-10T09:56:37Z","2026-08-10T09:56:38Z","Open-Meteo histórico atualizado: 32 linha(s). "
"2026-08-10T09:56:37Z","forecast","ok","2026-08-10T09:56:38Z","2026-08-10T09:56:39Z","Open-Meteo previsão futura atualizada: 16 linha(s). "
"2026-08-10T09:56:37Z","historical-forecast","ok","2026-08-10T09:56:39Z","2026-08-10T09:56:41Z","Open-Meteo arquivo de previsões atualizado: 32 linha(s). "
"2026-08-10T09:56:37Z","previous-runs","ok","2026-08-10T09:56:41Z","2026-08-10T09:56:42Z","Open-Meteo previous runs atualizados: 248 linha(s). "
"2026-08-10T09:56:37Z","errors","ok","2026-08-10T09:56:42Z","2026-08-10T09:56:43Z","Open-Meteo erros calculados: 7478 linha(s). "
"2026-08-10T15:31:59Z","history","ok","2026-08-10T15:31:59Z","2026-08-10T15:32:01Z","Open-Meteo histórico atualizado: 31 linha(s). "
"2026-08-10T15:31:59Z","forecast","ok","2026-08-10T15:32:01Z","2026-08-10T15:32:02Z","Open-Meteo previsão futura atualizada: 16 linha(s). "
"2026-08-10T15:31:59Z","historical-forecast","ok","2026-08-10T15:32:02Z","2026-08-10T15:32:02Z","Open-Meteo arquivo de previsões atualizado: 31 linha(s). "
"2026-08-10T15:31:59Z","previous-runs","ok","2026-08-10T15:32:02Z","2026-08-10T15:32:03Z","Open-Meteo previous runs atualizados: 248 linha(s). "
"2026-08-10T15:31:59Z","errors","ok","2026-08-10T15:32:03Z","2026-08-10T15:32:03Z","Open-Meteo erros calculados: 7478 linha(s). "
"2026-08-11T09:28:53Z","history","ok","2026-08-11T09:28:53Z","2026-08-11T09:28:55Z","Open-Meteo histórico atualizado: 32 linha(s). "
"2026-08-11T09:28:53Z","forecast","ok","2026-08-11T09:28:55Z","2026-08-11T09:28:56Z","Open-Meteo previsão futura atualizada: 16 linha(s). "
"2026-08-11T09:28:53Z","historical-forecast","ok","2026-08-11T09:28:56Z","2026-08-11T09:28:59Z","Open-Meteo arquivo de previsões atualizado: 32 linha(s). "
"2026-08-11T09:28:53Z","previous-runs","ok","2026-08-11T09:28:59Z","2026-08-11T09:29:00Z","Open-Meteo previous runs atualizados: 248 linha(s). "
"2026-08-11T09:28:53Z","errors","ok","2026-08-11T09:29:00Z","2026-08-11T09:29:00Z","Open-Meteo erros calculados: 7486 linha(s). "
"2026-08-11T15:29:32Z","history","ok","2026-08-11T15:29:33Z","2026-08-11T15:29:34Z","Open-Meteo histórico atualizado: 31 linha(s). "
"2026-08-11T15:29:32Z","forecast","ok","2026-08-11T15:29:34Z","2026-08-11T15:29:34Z","Open-Meteo previsão futura atualizada: 16 linha(s). "
"2026-08-11T15:29:32Z","historical-forecast","ok","2026-08-11T15:29:34Z","2026-08-11T15:29:37Z","Open-Meteo arquivo de previsões atualizado: 31 linha(s). "
"2026-08-11T15:29:32Z","previous-runs","ok","2026-08-11T15:29:37Z","2026-08-11T15:29:42Z","Open-Meteo previous runs atualizados: 248 linha(s). "
"2026-08-11T15:29:32Z","errors","ok","2026-08-11T15:29:42Z","2026-08-11T15:29:42Z","Open-Meteo erros calculados: 7486 linha(s). "
"2026-08-12T09:38:40Z","history","ok","2026-08-12T09:38:40Z","2026-08-12T09:38:41Z","Open-Meteo histórico atualizado: 32 linha(s). "
"2026-08-12T09:38:40Z","forecast","ok","2026-08-12T09:38:41Z","2026-08-12T09:38:42Z","Open-Meteo previsão futura atualizada: 16 linha(s). "
"2026-08-12T09:38:40Z","historical-forecast","ok","2026-08-12T09:38:42Z","2026-08-12T09:38:45Z","Open-Meteo arquivo de previsões atualizado: 32 linha(s). "
"2026-08-12T09:38:40Z","previous-runs","ok","2026-08-12T09:38:45Z","2026-08-12T09:38:46Z","Open-Meteo previous runs atualizados: 248 linha(s). "
"2026-08-12T09:38:40Z","errors","ok","2026-08-12T09:38:46Z","2026-08-12T09:38:47Z","Open-Meteo erros calculados: 7494 linha(s). "
"2026-08-12T15:30:03Z","history","ok","2026-08-12T15:30:03Z","2026-08-12T15:30:04Z","Open-Meteo histórico atualizado: 31 linha(s). "
"2026-08-12T15:30:03Z","forecast","ok","2026-08-12T15:30:04Z","2026-08-12T15:30:05Z","Open-Meteo previsão futura atualizada: 16 linha(s). "
"2026-08-12T15:30:03Z","historical-forecast","ok","2026-08-12T15:30:05Z","2026-08-12T15:30:06Z","Open-Meteo arquivo de previsões atualizado: 31 linha(s). "
"2026-08-12T15:30:03Z","previous-runs","ok","2026-08-12T15:30:06Z","2026-08-12T15:30:07Z","Open-Meteo previous runs atualizados: 248 linha(s). "
"2026-08-12T15:30:03Z","errors","ok","2026-08-12T15:30:07Z","2026-08-12T15:30:07Z","Open-Meteo erros calculados: 7494 linha(s). "
"2026-08-13T09:39:11Z","history","ok","2026-08-13T09:39:11Z","2026-08-13T09:39:12Z","Open-Meteo histórico atualizado: 32 linha(s). "
"2026-08-13T09:39:11Z","forecast","ok","2026-08-13T09:39:12Z","2026-08-13T09:39:13Z","Open-Meteo previsão futura atualizada: 16 linha(s). "
"2026-08-13T09:39:11Z","historical-forecast","ok","2026-08-13T09:39:13Z","2026-08-13T09:39:14Z","Open-Meteo arquivo de previsões atualizado: 32 linha(s). "
"2026-08-13T09:39:11Z","previous-runs","ok","2026-08-13T09:39:14Z","2026-08-13T09:39:15Z","Open-Meteo previous runs atualizados: 248 linha(s). "
"2026-08-13T09:39:11Z","errors","ok","2026-08-13T09:39:15Z","2026-08-13T09:39:15Z","Open-Meteo erros calculados: 7502 linha(s). "
"2026-08-13T15:32:21Z","history","ok","2026-08-13T15:32:21Z","2026-08-13T15:32:22Z","Open-Meteo histórico atualizado: 31 linha(s). "
"2026-08-13T15:32:21Z","forecast","ok","2026-08-13T15:32:22Z","2026-08-13T15:32:23Z","Open-Meteo previsão futura atualizada: 16 linha(s). "
"2026-08-13T15:32:21Z","historical-forecast","ok","2026-08-13T15:32:23Z","2026-08-13T15:32:26Z","Open-Meteo arquivo de previsões atualizado: 31 linha(s). "
"2026-08-13T15:32:21Z","previous-runs","ok","2026-08-13T15:32:26Z","2026-08-13T15:32:27Z","Open-Meteo previous runs atualizados: 248 linha(s). "
"2026-08-13T15:32:21Z","errors","ok","2026-08-13T15:32:27Z","2026-08-13T15:32:27Z","Open-Meteo erros calculados: 7502 linha(s). "
"2026-08-14T09:34:07Z","history","ok","2026-08-14T09:34:07Z","2026-08-14T09:34:08Z","Open-Meteo histórico atualizado: 32 linha(s). "
"2026-08-14T09:34:07Z","forecast","ok","2026-08-14T09:34:08Z","2026-08-14T09:34:08Z","Open-Meteo previsão futura atualizada: 16 linha(s). "
"2026-08-14T09:34:07Z","historical-forecast","ok","2026-08-14T09:34:08Z","2026-08-14T09:34:09Z","Open-Meteo arquivo de previsões atualizado: 32 linha(s). "
"2026-08-14T09:34:07Z","previous-runs","ok","2026-08-14T09:34:09Z","2026-08-14T09:34:11Z","Open-Meteo previous runs atualizados: 248 linha(s). "
"2026-08-14T09:34:07Z","errors","ok","2026-08-14T09:34:11Z","2026-08-14T09:34:11Z","Open-Meteo erros calculados: 7510 linha(s). "
"2026-08-14T15:18:07Z","history","ok","2026-08-14T15:18:07Z","2026-08-14T15:18:08Z","Open-Meteo histórico atualizado: 31 linha(s). "
"2026-08-14T15:18:07Z","forecast","ok","2026-08-14T15:18:08Z","2026-08-14T15:18:08Z","Open-Meteo previsão futura atualizada: 16 linha(s). "
"2026-08-14T15:18:07Z","historical-forecast","ok","2026-08-14T15:18:08Z","2026-08-14T15:18:09Z","Open-Meteo arquivo de previsões atualizado: 31 linha(s). "
"2026-08-14T15:18:07Z","previous-runs","ok","2026-08-14T15:18:09Z","2026-08-14T15:18:10Z","Open-Meteo previous runs atualizados: 248 linha(s). "
"2026-08-14T15:18:07Z","errors","ok","2026-08-14T15:18:10Z","2026-08-14T15:18:10Z","Open-Meteo erros calculados: 7510 linha(s). "
"2026-08-15T08:53:51Z","history","ok","2026-08-15T08:53:51Z","2026-08-15T08:53:53Z","Open-Meteo histórico atualizado: 32 linha(s). "
"2026-08-15T08:53:51Z","forecast","ok","2026-08-15T08:53:53Z","2026-08-15T08:53:54Z","Open-Meteo previsão futura atualizada: 16 linha(s). "
"2026-08-15T08:53:51Z","historical-forecast","ok","2026-08-15T08:53:54Z","2026-08-15T08:53:55Z","Open-Meteo arquivo de previsões atualizado: 32 linha(s). "
"2026-08-15T08:53:51Z","previous-runs","ok","2026-08-15T08:53:55Z","2026-08-15T08:53:57Z","Open-Meteo previous runs atualizados: 248 linha(s). "
"2026-08-15T08:53:51Z","errors","ok","2026-08-15T08:53:57Z","2026-08-15T08:53:57Z","Open-Meteo erros calculados: 7518 linha(s). "
"2026-08-15T14:48:50Z","history","ok","2026-08-15T14:48:50Z","2026-08-15T14:48:53Z","Open-Meteo histórico atualizado: 31 linha(s). "
"2026-08-15T14:48:50Z","forecast","ok","2026-08-15T14:48:53Z","2026-08-15T14:48:54Z","Open-Meteo previsão futura atualizada: 16 linha(s). "
"2026-08-15T14:48:50Z","historical-forecast","ok","2026-08-15T14:48:54Z","2026-08-15T14:48:55Z","Open-Meteo arquivo de previsões atualizado: 31 linha(s). "
"2026-08-15T14:48:50Z","previous-runs","ok","2026-08-15T14:48:55Z","2026-08-15T14:48:59Z","Open-Meteo previous runs atualizados: 248 linha(s). "
"2026-08-15T14:48:50Z","errors","ok","2026-08-15T14:48:59Z","2026-08-15T14:48:59Z","Open-Meteo erros calculados: 7518 linha(s). "
"2026-08-16T08:55:09Z","history","ok","2026-08-16T08:55:09Z","2026-08-16T08:55:11Z","Open-Meteo histórico atualizado: 32 linha(s). "
"2026-08-16T08:55:09Z","forecast","ok","2026-08-16T08:55:11Z","2026-08-16T08:55:11Z","Open-Meteo previsão futura atualizada: 16 linha(s). "
"2026-08-16T08:55:09Z","historical-forecast","ok","2026-08-16T08:55:11Z","2026-08-16T08:55:13Z","Open-Meteo arquivo de previsões atualizado: 32 linha(s). "
"2026-08-16T08:55:09Z","previous-runs","ok","2026-08-16T08:55:13Z","2026-08-16T08:55:14Z","Open-Meteo previous runs atualizados: 248 linha(s). "
"2026-08-16T08:55:09Z","errors","ok","2026-08-16T08:55:14Z","2026-08-16T08:55:14Z","Open-Meteo erros calculados: 7526 linha(s). "
