scope,segment,reference_id,reference_label,reference_role,issue_cycle,metric,horizon_days,horizon_label,n,high_quality_n,sample_status,first_collection_date,last_collection_date,first_target_date,last_target_date,observed_mean_c,ipma_mean_forecast_c,openmeteo_mean_forecast_c,ipma_bias_c,ipma_bias_ci95_low_c,ipma_bias_ci95_high_c,ipma_bias_signal,ipma_mae_c,ipma_rmse_c,ipma_p90_abs_error_c,ipma_correlation,openmeteo_bias_c,openmeteo_bias_ci95_low_c,openmeteo_bias_ci95_high_c,openmeteo_bias_signal,openmeteo_mae_c,openmeteo_rmse_c,openmeteo_p90_abs_error_c,openmeteo_correlation,ipma_minus_openmeteo_mae_c,ipma_better_n,openmeteo_better_n,tie_n,ipma_better_percent,openmeteo_better_percent,tie_percent,calculated_at
cycle_horizon,all,mean_complete_stations,Média das estações IPMA com dia completo,primary_actual_observation,afternoon,tmax,0,D+0,93,93,more_stable,2026-05-29,2026-10-08,2026-05-29,2026-10-08,24.603,22.224,22.831,-2.38,-2.676,-2.083,systematic_underforecast,2.471,2.777,4.24,0.947,-1.772,-1.988,-1.556,systematic_underforecast,1.818,2.057,3.1,0.959,0.653,19,70,4,20.43,75.269,4.301,2026-10-08T20:03:21Z
observed_tmax_band,25-29.9,mean_complete_stations,Média das estações IPMA com dia completo,primary_actual_observation,afternoon,tmax,0,D+0,27,27,limited,2026-06-11,2026-10-05,2026-06-11,2026-10-05,26.402,23.074,24.004,-3.328,-3.65,-3.005,systematic_underforecast,3.328,3.423,4.27,0.806,-2.398,-2.744,-2.052,systematic_underforecast,2.398,2.547,3.6,0.839,0.93,4,23,0,14.815,85.185,0,2026-10-06T15:20:59Z
observed_tmax_band,<25,mean_complete_stations,Média das estações IPMA com dia completo,primary_actual_observation,afternoon,tmax,0,D+0,58,58,preliminary,2026-05-29,2026-10-08,2026-05-29,2026-10-08,22.528,20.905,21.14,-1.623,-1.915,-1.331,systematic_underforecast,1.77,1.961,2.85,0.776,-1.389,-1.599,-1.179,systematic_underforecast,1.463,1.598,2.13,0.889,0.307,15,39,4,25.862,67.241,6.897,2026-10-08T20:03:21Z
observed_tmax_band,>=30,mean_complete_stations,Média das estações IPMA com dia completo,primary_actual_observation,afternoon,tmax,0,D+0,8,8,insufficient,2026-07-03,2026-09-22,2026-07-03,2026-09-22,33.575,28.913,31.137,-4.662,-5.274,-4.051,systematic_underforecast,4.662,4.712,5.56,0.922,-2.437,-3.944,-0.931,systematic_underforecast,2.437,2.963,4.415,0.851,2.225,0,8,0,0,100,0,2026-09-23T13:45:43Z
target_month,2026-05,mean_complete_stations,Média das estações IPMA com dia completo,primary_actual_observation,afternoon,tmax,0,D+0,1,1,insufficient,2026-05-29,2026-05-29,2026-05-29,2026-05-29,20.8,20.3,19.9,-0.5,,,inconclusive,0.5,0.5,0.5,,-0.9,,,inconclusive,0.9,0.9,0.9,,-0.4,1,0,0,100,0,0,2026-05-30T10:24:06Z
target_month,2026-06,mean_complete_stations,Média das estações IPMA com dia completo,primary_actual_observation,afternoon,tmax,0,D+0,18,18,limited,2026-06-01,2026-06-28,2026-06-01,2026-06-28,22.172,20.756,20.944,-1.417,-2.044,-0.789,systematic_underforecast,1.606,1.874,2.93,0.931,-1.228,-1.648,-0.808,systematic_underforecast,1.272,1.477,1.79,0.959,0.333,6,11,1,33.333,61.111,5.556,2026-06-29T12:46:53Z
target_month,2026-07,mean_complete_stations,Média das estações IPMA com dia completo,primary_actual_observation,afternoon,tmax,0,D+0,20,20,limited,2026-07-03,2026-07-31,2026-07-03,2026-07-31,25.657,22.575,23.63,-3.083,-3.706,-2.459,systematic_underforecast,3.113,3.344,4.47,0.975,-2.028,-2.541,-1.514,systematic_underforecast,2.108,2.292,2.9,0.966,1.005,1,18,1,5,90,5,2026-08-01T10:14:45Z
target_month,2026-08,mean_complete_stations,Média das estações IPMA com dia completo,primary_actual_observation,afternoon,tmax,0,D+0,25,25,limited,2026-08-01,2026-08-31,2026-08-01,2026-08-31,24.706,22.304,22.624,-2.402,-3.017,-1.787,systematic_underforecast,2.582,2.811,3.82,0.822,-2.082,-2.474,-1.69,systematic_underforecast,2.126,2.28,3.26,0.952,0.456,5,20,0,20,80,0,2026-09-01T13:35:24Z
target_month,2026-09,mean_complete_stations,Média das estações IPMA com dia completo,primary_actual_observation,afternoon,tmax,0,D+0,22,22,limited,2026-09-01,2026-09-30,2026-09-01,2026-09-30,25.905,23.136,24.036,-2.768,-3.304,-2.233,systematic_underforecast,2.768,3.009,4.34,0.973,-1.868,-2.403,-1.333,systematic_underforecast,1.905,2.209,3.62,0.956,0.864,3,17,2,13.636,77.273,9.091,2026-10-01T15:40:49Z
target_month,2026-10,mean_complete_stations,Média das estações IPMA com dia completo,primary_actual_observation,afternoon,tmax,0,D+0,7,7,insufficient,2026-10-01,2026-10-08,2026-10-01,2026-10-08,23.929,22.114,22.771,-1.814,-3.009,-0.62,systematic_underforecast,1.814,2.173,3.2,0.947,-1.157,-1.668,-0.646,systematic_underforecast,1.157,1.265,1.84,0.979,0.657,3,4,0,42.857,57.143,0,2026-10-08T20:03:21Z
cycle_horizon,all,mean_complete_stations,Média das estações IPMA com dia completo,primary_actual_observation,afternoon,tmax,1,D+1,91,91,more_stable,2026-05-29,2026-10-07,2026-05-30,2026-10-08,24.614,22.062,22.752,-2.553,-2.864,-2.242,systematic_underforecast,2.615,2.953,4.25,0.937,-1.863,-2.095,-1.63,systematic_underforecast,1.916,2.169,3.25,0.957,0.699,19,66,6,20.879,72.527,6.593,2026-10-08T20:02:33Z
observed_tmax_band,25-29.9,mean_complete_stations,Média das estações IPMA com dia completo,primary_actual_observation,afternoon,tmax,1,D+1,27,27,limited,2026-06-22,2026-10-04,2026-06-23,2026-10-05,26.263,22.83,23.907,-3.433,-3.743,-3.124,systematic_underforecast,3.433,3.518,4.39,0.809,-2.356,-2.699,-2.012,systematic_underforecast,2.356,2.505,3.57,0.791,1.078,3,24,0,11.111,88.889,0,2026-10-06T15:20:59Z
observed_tmax_band,<25,mean_complete_stations,Média das estações IPMA com dia completo,primary_actual_observation,afternoon,tmax,1,D+1,56,56,preliminary,2026-05-29,2026-10-07,2026-05-30,2026-10-08,22.6,20.871,21.232,-1.729,-1.993,-1.464,systematic_underforecast,1.83,1.986,2.85,0.793,-1.368,-1.58,-1.155,systematic_underforecast,1.455,1.578,2.375,0.873,0.375,14,36,6,25,64.286,10.714,2026-10-08T20:02:33Z
observed_tmax_band,>=30,mean_complete_stations,Média das estações IPMA com dia completo,primary_actual_observation,afternoon,tmax,1,D+1,8,8,insufficient,2026-06-30,2026-09-21,2026-07-01,2026-09-22,33.15,27.8,29.488,-5.35,-6.326,-4.374,systematic_underforecast,5.35,5.46,6.775,0.81,-3.662,-4.755,-2.57,systematic_underforecast,3.662,3.861,4.935,0.871,1.687,2,6,0,25,75,0,2026-09-23T13:45:43Z
target_month,2026-05,mean_complete_stations,Média das estações IPMA com dia completo,primary_actual_observation,afternoon,tmax,1,D+1,1,1,insufficient,2026-05-29,2026-05-29,2026-05-30,2026-05-30,21.1,20.8,20,-0.3,,,inconclusive,0.3,0.3,0.3,,-1.1,,,inconclusive,1.1,1.1,1.1,,-0.8,1,0,0,100,0,0,2026-05-31T10:31:32Z
target_month,2026-06,mean_complete_stations,Média das estações IPMA com dia completo,primary_actual_observation,afternoon,tmax,1,D+1,18,18,limited,2026-05-31,2026-06-28,2026-06-01,2026-06-29,21.833,20.144,20.583,-1.689,-2.23,-1.148,systematic_underforecast,1.689,1.992,2.76,0.892,-1.25,-1.575,-0.925,systematic_underforecast,1.317,1.402,1.83,0.957,0.372,5,9,4,27.778,50,22.222,2026-06-30T11:28:55Z
target_month,2026-07,mean_complete_stations,Média das estações IPMA com dia completo,primary_actual_observation,afternoon,tmax,1,D+1,21,21,limited,2026-06-30,2026-07-30,2026-07-01,2026-07-31,26.074,22.914,23.8,-3.16,-3.895,-2.424,systematic_underforecast,3.226,3.531,5.4,0.949,-2.274,-2.786,-1.762,systematic_underforecast,2.388,2.525,3.15,0.966,0.838,3,16,2,14.286,76.19,9.524,2026-08-01T10:14:45Z
target_month,2026-08,mean_complete_stations,Média das estações IPMA com dia completo,primary_actual_observation,afternoon,tmax,1,D+1,22,22,limited,2026-07-31,2026-08-30,2026-08-01,2026-08-31,24.739,22.15,22.714,-2.589,-3.277,-1.9,systematic_underforecast,2.784,3,3.54,0.747,-2.025,-2.534,-1.516,systematic_underforecast,2.084,2.315,3.765,0.885,0.7,3,19,0,13.636,86.364,0,2026-09-01T13:35:24Z
target_month,2026-09,mean_complete_stations,Média das estações IPMA com dia completo,primary_actual_observation,afternoon,tmax,1,D+1,22,22,limited,2026-08-31,2026-09-29,2026-09-01,2026-09-30,25.75,22.768,23.668,-2.982,-3.568,-2.396,systematic_underforecast,2.982,3.249,4.79,0.964,-2.082,-2.623,-1.54,systematic_underforecast,2.082,2.4,3.25,0.956,0.9,5,17,0,22.727,77.273,0,2026-10-01T15:40:49Z
target_month,2026-10,mean_complete_stations,Média das estações IPMA com dia completo,primary_actual_observation,afternoon,tmax,1,D+1,7,7,insufficient,2026-09-30,2026-10-07,2026-10-01,2026-10-08,23.929,22.114,22.814,-1.814,-2.815,-0.814,systematic_underforecast,1.814,2.072,3.1,0.964,-1.114,-1.895,-0.334,systematic_underforecast,1.114,1.361,2.1,0.952,0.7,2,5,0,28.571,71.429,0,2026-10-08T20:02:33Z
cycle_horizon,all,mean_complete_stations,Média das estações IPMA com dia completo,primary_actual_observation,afternoon,tmax,2,D+2,94,94,more_stable,2026-05-31,2026-10-06,2026-06-02,2026-10-08,24.949,22.316,23.03,-2.634,-3.001,-2.266,systematic_underforecast,2.749,3.18,4.375,0.909,-1.92,-2.202,-1.637,systematic_underforecast,1.989,2.36,3.79,0.944,0.761,18,73,3,19.149,77.66,3.191,2026-10-08T20:02:33Z
observed_tmax_band,25-29.9,mean_complete_stations,Média das estações IPMA com dia completo,primary_actual_observation,afternoon,tmax,2,D+2,31,31,preliminary,2026-06-09,2026-10-03,2026-06-11,2026-10-05,26.327,23.013,24.045,-3.315,-3.687,-2.942,systematic_underforecast,3.315,3.462,4.2,0.755,-2.282,-2.633,-1.932,systematic_underforecast,2.282,2.468,3.15,0.838,1.032,5,26,0,16.129,83.871,0,2026-10-06T15:20:59Z
observed_tmax_band,<25,mean_complete_stations,Média das estações IPMA com dia completo,primary_actual_observation,afternoon,tmax,2,D+2,53,53,preliminary,2026-05-31,2026-10-06,2026-06-02,2026-10-08,22.509,20.798,21.202,-1.711,-2.059,-1.364,systematic_underforecast,1.917,2.118,2.98,0.685,-1.308,-1.58,-1.035,systematic_underforecast,1.43,1.634,2.43,0.82,0.487,10,40,3,18.868,75.472,5.66,2026-10-08T20:02:33Z
observed_tmax_band,>=30,mean_complete_stations,Média das estações IPMA com dia completo,primary_actual_observation,afternoon,tmax,2,D+2,10,10,limited,2026-06-30,2026-09-20,2026-07-02,2026-09-22,33.61,28.2,29.57,-5.41,-7.075,-3.745,systematic_underforecast,5.41,5.843,8.115,0.461,-4.04,-5.348,-2.732,systematic_underforecast,4.04,4.397,6.025,0.664,1.37,3,7,0,30,70,0,2026-09-23T13:45:43Z
target_month,2026-06,mean_complete_stations,Média das estações IPMA com dia completo,primary_actual_observation,afternoon,tmax,2,D+2,17,17,limited,2026-05-31,2026-06-28,2026-06-02,2026-06-30,22.553,20.894,21.194,-1.659,-2.28,-1.037,systematic_underforecast,1.824,2.032,2.96,0.943,-1.359,-1.834,-0.883,systematic_underforecast,1.359,1.628,2.42,0.965,0.465,3,14,0,17.647,82.353,0,2026-07-01T11:39:31Z
target_month,2026-07,mean_complete_stations,Média das estações IPMA com dia completo,primary_actual_observation,afternoon,tmax,2,D+2,24,24,limited,2026-06-30,2026-07-29,2026-07-02,2026-07-31,25.8,22.796,23.458,-3.004,-3.831,-2.177,systematic_underforecast,3.154,3.564,4.11,0.913,-2.342,-2.938,-1.745,systematic_underforecast,2.425,2.719,3.575,0.969,0.729,4,19,1,16.667,79.167,4.167,2026-08-01T10:14:45Z
target_month,2026-08,mean_complete_stations,Média das estações IPMA com dia completo,primary_actual_observation,afternoon,tmax,2,D+2,24,24,limited,2026-07-30,2026-08-29,2026-08-01,2026-08-31,24.973,22.454,23.046,-2.519,-3.262,-1.775,systematic_underforecast,2.706,3.052,3.505,0.866,-1.927,-2.487,-1.367,systematic_underforecast,2.065,2.324,3.675,0.941,0.642,5,19,0,20.833,79.167,0,2026-09-01T13:35:24Z
target_month,2026-09,mean_complete_stations,Média das estações IPMA com dia completo,primary_actual_observation,afternoon,tmax,2,D+2,22,22,limited,2026-08-30,2026-09-28,2026-09-01,2026-09-30,26.173,22.732,24.018,-3.441,-4.218,-2.664,systematic_underforecast,3.441,3.844,5.29,0.918,-2.155,-2.869,-1.44,systematic_underforecast,2.155,2.669,3.895,0.915,1.286,2,18,2,9.091,81.818,9.091,2026-10-01T15:40:49Z
target_month,2026-10,mean_complete_stations,Média das estações IPMA com dia completo,primary_actual_observation,afternoon,tmax,2,D+2,7,7,insufficient,2026-09-29,2026-10-06,2026-10-01,2026-10-08,23.929,22.343,22.857,-1.586,-2.751,-0.421,systematic_underforecast,1.586,1.969,3.11,0.898,-1.071,-2.055,-0.088,systematic_underforecast,1.243,1.455,2.05,0.935,0.343,4,3,0,57.143,42.857,0,2026-10-08T20:02:33Z
cycle_horizon,all,mean_complete_stations,Média das estações IPMA com dia completo,primary_actual_observation,afternoon,tmax,3,D+3,93,93,more_stable,2026-05-29,2026-10-05,2026-06-01,2026-10-08,25.024,22.295,23.318,-2.73,-3.048,-2.411,systematic_underforecast,2.806,3.132,4.33,0.932,-1.706,-1.986,-1.426,systematic_underforecast,1.839,2.176,3.39,0.934,0.967,15,75,3,16.129,80.645,3.226,2026-10-08T20:02:33Z
observed_tmax_band,25-29.9,mean_complete_stations,Média das estações IPMA com dia completo,primary_actual_observation,afternoon,tmax,3,D+3,32,32,preliminary,2026-06-08,2026-10-02,2026-06-11,2026-10-05,26.416,22.947,24.469,-3.469,-3.835,-3.103,systematic_underforecast,3.469,3.61,4.34,0.767,-1.947,-2.331,-1.563,systematic_underforecast,1.947,2.212,3.25,0.838,1.522,3,29,0,9.375,90.625,0,2026-10-06T15:20:59Z
observed_tmax_band,<25,mean_complete_stations,Média das estações IPMA com dia completo,primary_actual_observation,afternoon,tmax,3,D+3,51,51,preliminary,2026-05-29,2026-10-05,2026-06-01,2026-10-08,22.531,20.696,21.3,-1.835,-2.169,-1.501,systematic_underforecast,1.975,2.18,3.05,0.698,-1.231,-1.56,-0.903,systematic_underforecast,1.475,1.69,2.55,0.73,0.5,10,39,2,19.608,76.471,3.922,2026-10-08T20:02:33Z
observed_tmax_band,>=30,mean_complete_stations,Média das estações IPMA com dia completo,primary_actual_observation,afternoon,tmax,3,D+3,10,10,limited,2026-06-09,2026-09-18,2026-06-12,2026-09-21,33.285,28.36,29.93,-4.925,-5.703,-4.147,systematic_underforecast,4.925,5.032,6.07,0.853,-3.355,-4.566,-2.144,systematic_underforecast,3.355,3.719,4.775,0.758,1.57,2,7,1,20,70,10,2026-09-22T13:31:58Z
target_month,2026-06,mean_complete_stations,Média das estações IPMA com dia completo,primary_actual_observation,afternoon,tmax,3,D+3,17,17,limited,2026-05-29,2026-06-27,2026-06-01,2026-06-30,22.947,21.206,21.794,-1.741,-2.374,-1.108,systematic_underforecast,1.741,2.112,3.2,0.97,-1.153,-1.678,-0.628,systematic_underforecast,1.2,1.52,1.72,0.984,0.541,5,12,0,29.412,70.588,0,2026-07-01T11:39:31Z
target_month,2026-07,mean_complete_stations,Média das estações IPMA com dia completo,primary_actual_observation,afternoon,tmax,3,D+3,23,23,limited,2026-06-28,2026-07-28,2026-07-01,2026-07-31,25.854,22.604,23.548,-3.25,-3.87,-2.63,systematic_underforecast,3.25,3.54,5.08,0.958,-2.307,-2.778,-1.835,systematic_underforecast,2.307,2.541,3.33,0.961,0.943,4,17,2,17.391,73.913,8.696,2026-08-01T10:14:45Z
target_month,2026-08,mean_complete_stations,Média das estações IPMA com dia completo,primary_actual_observation,afternoon,tmax,3,D+3,24,24,limited,2026-07-29,2026-08-28,2026-08-01,2026-08-31,24.769,22.1,22.908,-2.669,-3.371,-1.966,systematic_underforecast,2.965,3.127,3.935,0.79,-1.86,-2.492,-1.229,systematic_underforecast,2.115,2.367,3.385,0.805,0.85,4,19,1,16.667,79.167,4.167,2026-09-01T13:35:24Z
target_month,2026-09,mean_complete_stations,Média das estações IPMA com dia completo,primary_actual_observation,afternoon,tmax,3,D+3,22,22,limited,2026-08-29,2026-09-27,2026-09-01,2026-09-30,26.389,23.055,24.705,-3.334,-3.97,-2.698,systematic_underforecast,3.334,3.617,5.34,0.942,-1.684,-2.358,-1.01,systematic_underforecast,1.843,2.246,3.835,0.928,1.491,1,21,0,4.545,95.455,0,2026-10-01T15:40:49Z
target_month,2026-10,mean_complete_stations,Média das estações IPMA com dia completo,primary_actual_observation,afternoon,tmax,3,D+3,7,7,insufficient,2026-09-28,2026-10-05,2026-10-01,2026-10-08,23.929,22.2,23.314,-1.729,-2.582,-0.875,systematic_underforecast,1.729,1.928,3,0.958,-0.614,-1.425,0.197,inconclusive,0.9,1.018,1.44,0.959,0.829,1,6,0,14.286,85.714,0,2026-10-08T20:02:33Z
cycle_horizon,all,mean_complete_stations,Média das estações IPMA com dia completo,primary_actual_observation,afternoon,tmax,4,D+4,101,101,more_stable,2026-05-29,2026-10-04,2026-06-02,2026-10-08,25.239,22.271,23.064,-2.968,-3.354,-2.581,systematic_underforecast,3.097,3.55,5.15,0.898,-2.175,-2.529,-1.821,systematic_underforecast,2.334,2.813,4.3,0.895,0.762,25,75,1,24.752,74.257,0.99,2026-10-08T20:02:33Z
observed_tmax_band,25-29.9,mean_complete_stations,Média das estações IPMA com dia completo,primary_actual_observation,afternoon,tmax,4,D+4,35,35,preliminary,2026-06-07,2026-10-01,2026-06-11,2026-10-05,26.496,22.971,23.611,-3.524,-3.972,-3.077,systematic_underforecast,3.561,3.751,4.9,0.658,-2.884,-3.395,-2.374,systematic_underforecast,2.884,3.235,4.91,0.671,0.677,8,27,0,22.857,77.143,0,2026-10-06T15:20:59Z
observed_tmax_band,<25,mean_complete_stations,Média das estações IPMA com dia completo,primary_actual_observation,afternoon,tmax,4,D+4,54,54,preliminary,2026-05-29,2026-10-04,2026-06-02,2026-10-08,22.536,20.641,21.159,-1.895,-2.259,-1.532,systematic_underforecast,2.112,2.309,3.155,0.674,-1.377,-1.73,-1.024,systematic_underforecast,1.675,1.881,2.6,0.725,0.437,16,38,0,29.63,70.37,0,2026-10-08T20:02:33Z
observed_tmax_band,>=30,mean_complete_stations,Média das estações IPMA com dia completo,primary_actual_observation,afternoon,tmax,4,D+4,12,12,limited,2026-06-08,2026-09-18,2026-06-12,2026-09-22,33.737,27.567,30.042,-6.171,-7.311,-5.031,systematic_underforecast,6.171,6.406,8.335,0.75,-3.696,-5.387,-2.005,systematic_underforecast,3.696,4.489,7.78,0.648,2.475,1,10,1,8.333,83.333,8.333,2026-09-23T13:45:43Z
target_month,2026-06,mean_complete_stations,Média das estações IPMA com dia completo,primary_actual_observation,afternoon,tmax,4,D+4,19,19,limited,2026-05-29,2026-06-26,2026-06-02,2026-06-30,23.389,21.226,21.679,-2.163,-2.964,-1.362,systematic_underforecast,2.258,2.701,3.8,0.946,-1.711,-2.488,-0.933,systematic_underforecast,1.942,2.322,3.72,0.947,0.316,6,13,0,31.579,68.421,0,2026-07-01T11:39:31Z
target_month,2026-07,mean_complete_stations,Média das estações IPMA com dia completo,primary_actual_observation,afternoon,tmax,4,D+4,26,26,limited,2026-06-27,2026-07-26,2026-07-01,2026-07-30,25.723,22.662,23.792,-3.062,-3.829,-2.294,systematic_underforecast,3.223,3.584,4.3,0.938,-1.931,-2.46,-1.401,systematic_underforecast,1.992,2.32,3.2,0.953,1.231,5,21,0,19.231,80.769,0,2026-07-31T11:05:10Z
target_month,2026-08,mean_complete_stations,Média das estações IPMA com dia completo,primary_actual_observation,afternoon,tmax,4,D+4,27,27,limited,2026-07-28,2026-08-27,2026-08-01,2026-08-31,25.2,22.463,23.152,-2.737,-3.565,-1.909,systematic_underforecast,2.996,3.422,4.27,0.751,-2.048,-2.65,-1.446,systematic_underforecast,2.248,2.535,3.71,0.872,0.748,5,22,0,18.519,81.481,0,2026-09-01T13:35:24Z
target_month,2026-09,mean_complete_stations,Média das estações IPMA com dia completo,primary_actual_observation,afternoon,tmax,4,D+4,22,22,limited,2026-08-28,2026-09-26,2026-09-01,2026-09-30,26.73,22.673,23.768,-4.057,-4.868,-3.246,systematic_underforecast,4.057,4.433,6.61,0.914,-2.961,-4.005,-1.918,systematic_underforecast,3.057,3.749,5.98,0.832,1,5,16,1,22.727,72.727,4.545,2026-10-01T15:40:49Z
target_month,2026-10,mean_complete_stations,Média das estações IPMA com dia completo,primary_actual_observation,afternoon,tmax,4,D+4,7,7,insufficient,2026-09-27,2026-10-04,2026-10-01,2026-10-08,23.929,21.657,21.571,-2.271,-3.759,-0.784,systematic_underforecast,2.271,2.716,4.33,0.836,-2.357,-4.593,-0.122,systematic_underforecast,2.729,3.25,4.88,0.503,-0.457,4,3,0,57.143,42.857,0,2026-10-08T20:02:33Z
cycle_horizon,all,mean_complete_stations,Média das estações IPMA com dia completo,primary_actual_observation,afternoon,tmax,5,D+5,34,34,preliminary,2026-06-01,2026-10-03,2026-06-06,2026-10-08,25.734,22.574,25.338,-3.16,-3.741,-2.58,systematic_underforecast,3.16,3.56,5.29,0.919,-0.396,-1.215,0.424,inconclusive,1.913,2.346,4.105,0.819,1.247,9,25,0,26.471,73.529,0,2026-10-08T20:02:33Z
observed_tmax_band,25-29.9,mean_complete_stations,Média das estações IPMA com dia completo,primary_actual_observation,afternoon,tmax,5,D+5,13,13,limited,2026-08-18,2026-09-30,2026-08-23,2026-10-05,26.792,23.254,26.423,-3.538,-4.279,-2.798,systematic_underforecast,3.538,3.729,5.18,0.781,-0.369,-2.243,1.505,inconclusive,2.608,3.002,4.66,0.52,0.931,5,8,0,38.462,61.538,0,2026-10-06T15:20:59Z
observed_tmax_band,<25,mean_complete_stations,Média das estações IPMA com dia completo,primary_actual_observation,afternoon,tmax,5,D+5,16,16,limited,2026-06-01,2026-10-03,2026-06-06,2026-10-08,22.675,20.619,22.581,-2.056,-2.554,-1.558,systematic_underforecast,2.056,2.247,3.1,0.712,-0.094,-1.117,0.93,inconclusive,1.5,1.863,3.225,0.214,0.556,4,12,0,25,75,0,2026-10-08T20:02:33Z
observed_tmax_band,>=30,mean_complete_stations,Média das estações IPMA com dia completo,primary_actual_observation,afternoon,tmax,5,D+5,5,5,insufficient,2026-08-31,2026-09-17,2026-09-05,2026-09-22,32.77,27.06,31.34,-5.71,-7.27,-4.15,systematic_underforecast,5.71,5.819,7.09,0.878,-1.43,-2.716,-0.144,systematic_underforecast,1.43,1.704,2.37,0.885,4.28,0,5,0,0,100,0,2026-09-23T13:45:43Z
target_month,2026-06,mean_complete_stations,Média das estações IPMA com dia completo,primary_actual_observation,afternoon,tmax,5,D+5,4,4,insufficient,2026-06-01,2026-06-22,2026-06-06,2026-06-27,22.95,20.45,22.225,-2.5,-3.64,-1.36,systematic_underforecast,2.5,2.576,3.18,0.886,-0.725,-2.329,0.879,inconclusive,0.875,1.135,1.69,0.794,1.625,0,4,0,0,100,0,2026-06-28T10:40:55Z
target_month,2026-08,mean_complete_stations,Média das estações IPMA com dia completo,primary_actual_observation,afternoon,tmax,5,D+5,1,1,insufficient,2026-08-18,2026-08-18,2026-08-23,2026-08-23,25.05,21.9,20.3,-3.15,,,inconclusive,3.15,3.15,3.15,,-4.75,,,inconclusive,4.75,4.75,4.75,,-1.6,1,0,0,100,0,0,2026-08-24T09:11:12Z
target_month,2026-09,mean_complete_stations,Média das estações IPMA com dia completo,primary_actual_observation,afternoon,tmax,5,D+5,22,22,limited,2026-08-27,2026-09-25,2026-09-01,2026-09-30,26.845,23.241,26.882,-3.605,-4.384,-2.825,systematic_underforecast,3.605,3.993,5.98,0.914,0.036,-0.975,1.048,inconclusive,1.859,2.229,3.805,0.839,1.745,4,18,0,18.182,81.818,0,2026-10-01T15:40:49Z
target_month,2026-10,mean_complete_stations,Média das estações IPMA com dia completo,primary_actual_observation,afternoon,tmax,5,D+5,7,7,insufficient,2026-09-26,2026-10-03,2026-10-01,2026-10-08,23.929,21.786,22.986,-2.143,-3.422,-0.863,systematic_underforecast,2.143,2.496,3.57,0.897,-0.943,-3.447,1.561,inconclusive,2.271,2.678,4.21,0.405,-0.129,4,3,0,57.143,42.857,0,2026-10-08T20:02:33Z
cycle_horizon,all,mean_complete_stations,Média das estações IPMA com dia completo,primary_actual_observation,afternoon,tmax,6,D+6,33,33,preliminary,2026-06-01,2026-10-02,2026-06-07,2026-10-08,25.385,22.606,25.491,-2.779,-3.604,-1.953,systematic_underforecast,3.097,3.603,5.83,0.838,0.106,-0.864,1.077,inconclusive,2.167,2.697,4.47,0.769,0.93,11,22,0,33.333,66.667,0,2026-10-08T20:02:33Z
observed_tmax_band,25-29.9,mean_complete_stations,Média das estações IPMA com dia completo,primary_actual_observation,afternoon,tmax,6,D+6,10,10,limited,2026-08-27,2026-09-29,2026-09-02,2026-10-05,26.915,22.92,26.13,-3.995,-5.057,-2.933,systematic_underforecast,3.995,4.236,5.935,0.551,-0.785,-3.184,1.614,inconclusive,2.635,3.277,5.125,0.221,1.36,3,7,0,30,70,0,2026-10-06T15:20:59Z
observed_tmax_band,<25,mean_complete_stations,Média das estações IPMA com dia completo,primary_actual_observation,afternoon,tmax,6,D+6,18,18,limited,2026-06-01,2026-10-02,2026-06-07,2026-10-08,22.472,21.189,23.3,-1.283,-2.146,-0.421,systematic_underforecast,1.867,2.119,3.155,0.305,0.828,-0.182,1.838,inconclusive,1.728,2.14,3.62,0.426,0.139,8,10,0,44.444,55.556,0,2026-10-08T20:02:33Z
observed_tmax_band,>=30,mean_complete_stations,Média das estações IPMA com dia completo,primary_actual_observation,afternoon,tmax,6,D+6,5,5,insufficient,2026-08-30,2026-09-16,2026-09-05,2026-09-22,32.81,27.08,32.1,-5.73,-6.96,-4.5,systematic_underforecast,5.73,5.798,6.73,0.946,-0.71,-4.997,3.577,inconclusive,2.81,3.169,4.53,-0.282,2.92,0,5,0,0,100,0,2026-09-23T13:45:43Z
target_month,2026-06,mean_complete_stations,Média das estações IPMA com dia completo,primary_actual_observation,afternoon,tmax,6,D+6,4,4,insufficient,2026-06-01,2026-06-22,2026-06-07,2026-06-28,22.225,21.475,23.225,-0.75,-4.084,2.584,inconclusive,1.8,1.963,2.66,0.21,1,-2.455,4.455,inconclusive,1.9,2.13,2.99,0.099,-0.1,3,1,0,75,25,0,2026-06-29T12:46:53Z
target_month,2026-08,mean_complete_stations,Média das estações IPMA com dia completo,primary_actual_observation,afternoon,tmax,6,D+6,1,1,insufficient,2026-08-18,2026-08-18,2026-08-24,2026-08-24,20.15,20.8,22.9,0.65,,,inconclusive,0.65,0.65,0.65,,2.75,,,inconclusive,2.75,2.75,2.75,,-2.1,1,0,0,100,0,0,2026-08-25T09:06:02Z
target_month,2026-09,mean_complete_stations,Média das estações IPMA com dia completo,primary_actual_observation,afternoon,tmax,6,D+6,21,21,limited,2026-08-27,2026-09-24,2026-09-02,2026-09-30,26.721,23.133,26.881,-3.588,-4.507,-2.669,systematic_underforecast,3.588,4.094,5.95,0.894,0.16,-1.105,1.424,inconclusive,2.183,2.715,4.55,0.784,1.405,4,17,0,19.048,80.952,0,2026-10-01T15:40:49Z
target_month,2026-10,mean_complete_stations,Média das estações IPMA com dia completo,primary_actual_observation,afternoon,tmax,6,D+6,7,7,insufficient,2026-09-25,2026-10-02,2026-10-01,2026-10-08,23.929,21.929,22.986,-2,-4.154,0.154,inconclusive,2.714,2.941,3.9,0.527,-0.943,-3.701,1.815,inconclusive,2.186,2.918,4.03,0.307,0.529,3,4,0,42.857,57.143,0,2026-10-08T20:02:33Z
cycle_horizon,all,mean_complete_stations,Média das estações IPMA com dia completo,primary_actual_observation,afternoon,tmax,7,D+7,32,32,preliminary,2026-06-01,2026-10-01,2026-06-08,2026-10-08,25.295,22.469,25.209,-2.827,-3.798,-1.856,systematic_underforecast,3.192,3.875,6.115,0.723,-0.086,-1.293,1.121,inconclusive,2.48,3.295,5.4,0.591,0.713,10,21,1,31.25,65.625,3.125,2026-10-08T20:02:33Z
observed_tmax_band,25-29.9,mean_complete_stations,Média das estações IPMA com dia completo,primary_actual_observation,afternoon,tmax,7,D+7,11,11,limited,2026-06-16,2026-09-28,2026-06-23,2026-10-05,26.791,23.364,27.173,-3.427,-4.41,-2.445,systematic_underforecast,3.427,3.7,5.1,0.549,0.382,-1.493,2.256,inconclusive,2.273,2.688,4,0.313,1.155,4,7,0,36.364,63.636,0,2026-10-06T15:20:59Z
observed_tmax_band,<25,mean_complete_stations,Média das estações IPMA com dia completo,primary_actual_observation,afternoon,tmax,7,D+7,17,17,limited,2026-06-01,2026-10-01,2026-06-08,2026-10-08,22.509,21.2,23.353,-1.309,-2.321,-0.297,systematic_underforecast,1.997,2.315,3.69,0.152,0.844,-0.474,2.162,inconclusive,1.944,2.627,4.56,0.279,0.053,5,11,1,29.412,64.706,5.882,2026-10-08T20:02:33Z
observed_tmax_band,>=30,mean_complete_stations,Média das estações IPMA com dia completo,primary_actual_observation,afternoon,tmax,7,D+7,4,4,insufficient,2026-08-29,2026-09-15,2026-09-05,2026-09-22,33.025,25.4,27.7,-7.625,-9.929,-5.321,systematic_underforecast,7.625,7.727,9.03,0.847,-5.325,-10.932,0.282,inconclusive,5.325,6.137,7.99,0.843,2.3,1,3,0,25,75,0,2026-09-23T13:45:43Z
target_month,2026-06,mean_complete_stations,Média das estações IPMA com dia completo,primary_actual_observation,afternoon,tmax,7,D+7,4,4,insufficient,2026-06-01,2026-06-22,2026-06-08,2026-06-29,23.625,23.175,26.65,-0.45,-5.546,4.646,inconclusive,2.45,2.81,3.93,0.327,3.025,0.177,5.873,systematic_overforecast,3.025,3.399,4.21,0.838,-0.575,3,1,0,75,25,0,2026-06-30T11:28:55Z
target_month,2026-08,mean_complete_stations,Média das estações IPMA com dia completo,primary_actual_observation,afternoon,tmax,7,D+7,1,1,insufficient,2026-08-18,2026-08-18,2026-08-25,2026-08-25,23.75,20,21.6,-3.75,,,inconclusive,3.75,3.75,3.75,,-2.15,,,inconclusive,2.15,2.15,2.15,,1.6,0,1,0,0,100,0,2026-08-26T09:08:46Z
target_month,2026-09,mean_complete_stations,Média das estações IPMA com dia completo,primary_actual_observation,afternoon,tmax,7,D+7,20,20,limited,2026-08-27,2026-09-23,2026-09-03,2026-09-30,26.185,22.785,25.815,-3.4,-4.558,-2.242,systematic_underforecast,3.4,4.168,6.97,0.839,-0.37,-2.152,1.412,inconclusive,2.78,3.73,5.845,0.551,0.62,6,13,1,30,65,5,2026-10-01T15:40:49Z
target_month,2026-10,mean_complete_stations,Média das estações IPMA com dia completo,primary_actual_observation,afternoon,tmax,7,D+7,7,7,insufficient,2026-09-24,2026-10-01,2026-10-01,2026-10-08,23.929,21.514,23.171,-2.414,-4.991,0.162,inconclusive,2.943,3.533,5.38,0.149,-0.757,-2.184,0.669,inconclusive,1.357,1.616,2.4,0.827,1.586,1,6,0,14.286,85.714,0,2026-10-08T20:02:33Z
cycle_horizon,all,mean_complete_stations,Média das estações IPMA com dia completo,primary_actual_observation,afternoon,tmax,8,D+8,30,30,preliminary,2026-06-01,2026-09-30,2026-06-09,2026-10-08,24.91,22.433,23.53,-2.477,-3.634,-1.32,systematic_underforecast,2.97,3.926,7.175,0.483,-1.38,-2.774,0.014,inconclusive,3.303,3.921,6.255,0.422,-0.333,17,12,1,56.667,40,3.333,2026-10-08T20:02:33Z
observed_tmax_band,25-29.9,mean_complete_stations,Média das estações IPMA com dia completo,primary_actual_observation,afternoon,tmax,8,D+8,10,10,limited,2026-06-15,2026-09-27,2026-06-23,2026-10-05,26.53,22.62,24.7,-3.91,-5.885,-1.935,systematic_underforecast,4.07,4.706,6.905,-0.12,-1.83,-5.018,1.358,inconclusive,4.1,4.607,6.355,-0.298,-0.03,5,4,1,50,40,10,2026-10-06T15:20:59Z
observed_tmax_band,<25,mean_complete_stations,Média das estações IPMA com dia completo,primary_actual_observation,afternoon,tmax,8,D+8,17,17,limited,2026-06-01,2026-09-30,2026-06-09,2026-10-08,22.574,21.871,22.288,-0.703,-1.622,0.216,inconclusive,1.479,1.871,2.58,0.332,-0.285,-1.757,1.186,inconclusive,2.344,2.791,4.25,0.037,-0.865,11,6,0,64.706,35.294,0,2026-10-08T20:02:33Z
observed_tmax_band,>=30,mean_complete_stations,Média das estações IPMA com dia completo,primary_actual_observation,afternoon,tmax,8,D+8,3,3,insufficient,2026-08-28,2026-09-14,2026-09-05,2026-09-22,32.75,25,26.667,-7.75,-9.722,-5.778,systematic_underforecast,7.75,7.777,8.41,0.951,-6.083,-10.198,-1.969,systematic_underforecast,6.083,6.232,7.37,0.957,1.667,1,2,0,33.333,66.667,0,2026-09-23T13:45:43Z
target_month,2026-06,mean_complete_stations,Média das estações IPMA com dia completo,primary_actual_observation,afternoon,tmax,8,D+8,4,4,insufficient,2026-06-01,2026-06-22,2026-06-09,2026-06-30,23.9,24.6,26.575,0.7,-2.986,4.386,inconclusive,2,2.125,2.57,0.612,2.675,-0.058,5.408,inconclusive,2.675,3.061,4.28,0.868,-0.675,3,1,0,75,25,0,2026-07-01T11:39:31Z
target_month,2026-09,mean_complete_stations,Média das estações IPMA com dia completo,primary_actual_observation,afternoon,tmax,8,D+8,19,19,limited,2026-08-27,2026-09-22,2026-09-04,2026-09-30,25.484,22.521,23.926,-2.963,-4.363,-1.564,systematic_underforecast,3.105,4.095,7.41,0.7,-1.558,-3.303,0.187,inconclusive,3.189,3.852,6.21,0.528,-0.084,9,10,0,47.368,52.632,0,2026-10-01T15:40:49Z
target_month,2026-10,mean_complete_stations,Média das estações IPMA com dia completo,primary_actual_observation,afternoon,tmax,8,D+8,7,7,insufficient,2026-09-23,2026-09-30,2026-10-01,2026-10-08,23.929,20.957,20.714,-2.971,-5.991,0.048,inconclusive,3.157,4.239,6.64,-0.079,-3.214,-6.359,-0.07,systematic_underforecast,3.971,4.499,6.52,-0.229,-0.814,5,1,1,71.429,14.286,14.286,2026-10-08T20:02:33Z
cycle_horizon,all,mean_complete_stations,Média das estações IPMA com dia completo,primary_actual_observation,afternoon,tmax,9,D+9,30,30,preliminary,2026-06-01,2026-09-29,2026-06-10,2026-10-08,25.032,22.34,23.91,-2.692,-3.964,-1.419,systematic_underforecast,3.222,4.298,7.02,0.4,-1.122,-2.488,0.245,inconclusive,3.088,3.769,6.33,0.511,0.133,15,14,1,50,46.667,3.333,2026-10-08T20:02:33Z
observed_tmax_band,25-29.9,mean_complete_stations,Média das estações IPMA com dia completo,primary_actual_observation,afternoon,tmax,9,D+9,8,8,insufficient,2026-09-07,2026-09-26,2026-09-16,2026-10-05,26.594,21.762,24.325,-4.831,-6.681,-2.982,systematic_underforecast,4.831,5.256,6.99,-0.043,-2.269,-5.073,0.535,inconclusive,3.406,3.872,5.305,0.618,1.425,2,6,0,25,75,0,2026-10-06T15:20:59Z
observed_tmax_band,<25,mean_complete_stations,Média das estações IPMA com dia completo,primary_actual_observation,afternoon,tmax,9,D+9,18,18,limited,2026-06-01,2026-09-29,2026-06-10,2026-10-08,22.692,22.133,23,-0.558,-1.501,0.384,inconclusive,1.442,1.925,3.505,0.377,0.308,-1.316,1.932,inconclusive,2.464,3.189,4.825,0.344,-1.022,13,4,1,72.222,22.222,5.556,2026-10-08T20:02:33Z
observed_tmax_band,>=30,mean_complete_stations,Média das estações IPMA com dia completo,primary_actual_observation,afternoon,tmax,9,D+9,4,4,insufficient,2026-06-22,2026-09-13,2026-07-01,2026-09-22,32.438,24.425,27.175,-8.012,-10.887,-5.138,systematic_underforecast,8.012,8.164,9.79,0.257,-5.262,-8.508,-2.017,systematic_underforecast,5.262,5.551,6.965,0.691,2.75,0,4,0,0,100,0,2026-09-23T13:45:43Z
target_month,2026-06,mean_complete_stations,Média das estações IPMA com dia completo,primary_actual_observation,afternoon,tmax,9,D+9,3,3,insufficient,2026-06-01,2026-06-16,2026-06-10,2026-06-25,23.367,25.3,28.833,1.933,-3.651,7.518,inconclusive,1.933,2.666,3.8,-0.8,5.467,-1.975,12.908,inconclusive,5.467,5.989,7.96,0.913,-3.533,3,0,0,100,0,0,2026-06-26T11:24:44Z
target_month,2026-07,mean_complete_stations,Média das estações IPMA com dia completo,primary_actual_observation,afternoon,tmax,9,D+9,1,1,insufficient,2026-06-22,2026-06-22,2026-07-01,2026-07-01,31.9,24.9,25.6,-7,,,inconclusive,7,7,7,,-6.3,,,inconclusive,6.3,6.3,6.3,,0.7,0,1,0,0,100,0,2026-07-02T11:08:18Z
target_month,2026-08,mean_complete_stations,Média das estações IPMA com dia completo,primary_actual_observation,afternoon,tmax,9,D+9,1,1,insufficient,2026-08-18,2026-08-18,2026-08-27,2026-08-27,19.7,20.4,20.9,0.7,,,inconclusive,0.7,0.7,0.7,,1.2,,,inconclusive,1.2,1.2,1.2,,-0.5,1,0,0,100,0,0,2026-08-27T23:52:07Z
target_month,2026-09,mean_complete_stations,Média das estações IPMA com dia completo,primary_actual_observation,afternoon,tmax,9,D+9,18,18,limited,2026-08-27,2026-09-21,2026-09-05,2026-09-30,25.653,22.428,23.928,-3.225,-4.797,-1.653,systematic_underforecast,3.375,4.455,7.515,0.607,-1.725,-3.147,-0.303,systematic_underforecast,2.642,3.271,5.07,0.702,0.733,8,9,1,44.444,50,5.556,2026-10-01T15:40:49Z
target_month,2026-10,mean_complete_stations,Média das estações IPMA com dia completo,primary_actual_observation,afternoon,tmax,9,D+9,7,7,insufficient,2026-09-22,2026-09-29,2026-10-01,2026-10-08,23.929,20.757,21.943,-3.171,-5.994,-0.349,systematic_underforecast,3.2,4.247,6.63,-0.149,-1.986,-4.844,0.872,inconclusive,3.029,3.483,5.13,0.41,0.171,3,4,0,42.857,57.143,0,2026-10-08T20:02:33Z
cycle_horizon,all,mean_complete_stations,Média das estações IPMA com dia completo,primary_actual_observation,morning,tmax,0,D+0,39,39,preliminary,2026-05-30,2026-09-19,2026-05-30,2026-09-19,26.158,23.151,24.074,-3.006,-3.599,-2.414,systematic_underforecast,3.032,3.506,4.39,0.94,-2.083,-2.481,-1.686,systematic_underforecast,2.083,2.41,3.21,0.969,0.949,6,32,1,15.385,82.051,2.564,2026-09-20T13:07:39Z
observed_tmax_band,25-29.9,mean_complete_stations,Média das estações IPMA com dia completo,primary_actual_observation,morning,tmax,0,D+0,15,15,limited,2026-06-23,2026-09-19,2026-06-23,2026-09-19,26.573,23.333,24.473,-3.24,-3.753,-2.727,systematic_underforecast,3.24,3.361,4.15,0.773,-2.1,-2.475,-1.725,systematic_underforecast,2.1,2.199,2.97,0.901,1.14,1,14,0,6.667,93.333,0,2026-09-20T13:07:39Z
observed_tmax_band,<25,mean_complete_stations,Média das estações IPMA com dia completo,primary_actual_observation,morning,tmax,0,D+0,17,17,limited,2026-05-30,2026-09-08,2026-05-30,2026-09-08,22.662,20.841,21.153,-1.821,-2.296,-1.345,systematic_underforecast,1.879,2.029,2.79,0.781,-1.509,-1.908,-1.11,systematic_underforecast,1.509,1.686,2.39,0.87,0.371,4,12,1,23.529,70.588,5.882,2026-09-09T13:03:08Z
observed_tmax_band,>=30,mean_complete_stations,Média das estações IPMA com dia completo,primary_actual_observation,morning,tmax,0,D+0,7,7,insufficient,2026-06-12,2026-09-12,2026-06-12,2026-09-12,33.757,28.371,30.314,-5.386,-7.675,-3.097,systematic_underforecast,5.386,5.853,8.82,0.523,-3.443,-5.237,-1.648,systematic_underforecast,3.443,3.883,5.54,0.729,1.943,1,6,0,14.286,85.714,0,2026-09-13T13:23:19Z
target_month,2026-05,mean_complete_stations,Média das estações IPMA com dia completo,primary_actual_observation,morning,tmax,0,D+0,1,1,insufficient,2026-05-30,2026-05-30,2026-05-30,2026-05-30,21.1,20,20.5,-1.1,,,inconclusive,1.1,1.1,1.1,,-0.6,,,inconclusive,0.6,0.6,0.6,,0.5,0,1,0,0,100,0,2026-05-31T10:31:32Z
target_month,2026-06,mean_complete_stations,Média das estações IPMA com dia completo,primary_actual_observation,morning,tmax,0,D+0,11,11,limited,2026-06-08,2026-06-30,2026-06-08,2026-06-30,24.564,22.264,22.873,-2.3,-2.885,-1.715,systematic_underforecast,2.3,2.445,3.2,0.986,-1.691,-2.162,-1.22,systematic_underforecast,1.691,1.818,2.3,0.988,0.609,3,8,0,27.273,72.727,0,2026-07-01T11:39:31Z
target_month,2026-07,mean_complete_stations,Média das estações IPMA com dia completo,primary_actual_observation,morning,tmax,0,D+0,11,11,limited,2026-07-01,2026-07-30,2026-07-01,2026-07-30,26.809,23.509,24.345,-3.3,-4.857,-1.743,systematic_underforecast,3.391,3.972,5.25,0.956,-2.464,-3.353,-1.574,systematic_underforecast,2.464,2.768,4.6,0.986,0.927,2,8,1,18.182,72.727,9.091,2026-07-31T11:05:10Z
target_month,2026-08,mean_complete_stations,Média das estações IPMA com dia completo,primary_actual_observation,morning,tmax,0,D+0,8,8,insufficient,2026-08-03,2026-08-29,2026-08-03,2026-08-29,26.519,22.85,23.875,-3.669,-5.614,-1.724,systematic_underforecast,3.669,4.266,5.51,0.921,-2.644,-4.025,-1.262,systematic_underforecast,2.644,3.063,3.815,0.965,1.025,1,7,0,12.5,87.5,0,2026-08-30T13:53:39Z
target_month,2026-09,mean_complete_stations,Média das estações IPMA com dia completo,primary_actual_observation,morning,tmax,0,D+0,8,8,insufficient,2026-09-03,2026-09-19,2026-09-03,2026-09-19,27.725,24.575,26,-3.15,-4.325,-1.975,systematic_underforecast,3.15,3.413,4.46,0.916,-1.725,-2.537,-0.913,systematic_underforecast,1.725,1.95,3.18,0.949,1.425,0,8,0,0,100,0,2026-09-20T13:07:39Z
cycle_horizon,all,mean_complete_stations,Média das estações IPMA com dia completo,primary_actual_observation,morning,tmax,1,D+1,40,40,preliminary,2026-06-09,2026-09-19,2026-06-10,2026-09-20,26.139,23.232,24.038,-2.906,-3.545,-2.267,systematic_underforecast,3.051,3.513,5.375,0.947,-2.101,-2.612,-1.591,systematic_underforecast,2.271,2.626,3.795,0.958,0.78,8,32,0,20,80,0,2026-09-21T15:13:21Z
observed_tmax_band,25-29.9,mean_complete_stations,Média das estações IPMA com dia completo,primary_actual_observation,morning,tmax,1,D+1,13,13,limited,2026-06-10,2026-09-03,2026-06-11,2026-09-04,26.408,23.223,24.223,-3.185,-3.678,-2.691,systematic_underforecast,3.185,3.28,4.17,0.859,-2.185,-2.637,-1.732,systematic_underforecast,2.185,2.3,2.88,0.915,1,2,11,0,15.385,84.615,0,2026-09-05T11:54:14Z
observed_tmax_band,<25,mean_complete_stations,Média das estações IPMA com dia completo,primary_actual_observation,morning,tmax,1,D+1,19,19,limited,2026-06-09,2026-09-08,2026-06-10,2026-09-09,22.674,21.074,21.442,-1.6,-2.287,-0.913,systematic_underforecast,1.905,2.118,3.04,0.685,-1.232,-1.896,-0.568,systematic_underforecast,1.589,1.821,2.8,0.695,0.316,6,13,0,31.579,68.421,0,2026-09-10T13:00:04Z
observed_tmax_band,>=30,mean_complete_stations,Média das estações IPMA com dia completo,primary_actual_observation,morning,tmax,1,D+1,8,8,insufficient,2026-06-11,2026-09-19,2026-06-12,2026-09-20,33.931,28.375,29.9,-5.556,-7.022,-4.09,systematic_underforecast,5.556,5.793,7.795,0.731,-4.031,-5.221,-2.842,systematic_underforecast,4.031,4.245,5.515,0.833,1.525,0,8,0,0,100,0,2026-09-21T15:13:21Z
target_month,2026-06,mean_complete_stations,Média das estações IPMA com dia completo,primary_actual_observation,morning,tmax,1,D+1,11,11,limited,2026-06-09,2026-06-29,2026-06-10,2026-06-30,25.118,23.009,23.545,-2.109,-3.405,-0.814,systematic_underforecast,2.545,2.798,4,0.944,-1.573,-2.786,-0.36,systematic_underforecast,2.009,2.332,3.2,0.927,0.536,4,7,0,36.364,63.636,0,2026-07-01T11:39:31Z
target_month,2026-07,mean_complete_stations,Média das estações IPMA com dia completo,primary_actual_observation,morning,tmax,1,D+1,10,10,limited,2026-07-01,2026-07-27,2026-07-02,2026-07-28,26.05,22.7,23.68,-3.35,-5.147,-1.553,systematic_underforecast,3.45,4.111,6.46,0.976,-2.37,-3.811,-0.929,systematic_underforecast,2.57,3.045,5,0.986,0.88,1,9,0,10,90,0,2026-07-29T11:00:40Z
target_month,2026-08,mean_complete_stations,Média das estações IPMA com dia completo,primary_actual_observation,morning,tmax,1,D+1,11,11,limited,2026-08-02,2026-08-29,2026-08-03,2026-08-30,25.709,22.545,23.5,-3.164,-4.419,-1.908,systematic_underforecast,3.164,3.631,4.2,0.975,-2.209,-2.894,-1.524,systematic_underforecast,2.209,2.414,2.65,0.996,0.955,2,9,0,18.182,81.818,0,2026-08-31T16:15:47Z
target_month,2026-09,mean_complete_stations,Média das estações IPMA com dia completo,primary_actual_observation,morning,tmax,1,D+1,8,8,insufficient,2026-09-03,2026-09-19,2026-09-04,2026-09-20,28.244,25.15,25.9,-3.094,-4.39,-1.797,systematic_underforecast,3.094,3.417,4.58,0.946,-2.344,-3.584,-1.103,systematic_underforecast,2.344,2.724,4.09,0.94,0.75,1,7,0,12.5,87.5,0,2026-09-21T15:13:21Z
cycle_horizon,all,mean_complete_stations,Média das estações IPMA com dia completo,primary_actual_observation,morning,tmax,2,D+2,36,36,preliminary,2026-05-30,2026-09-19,2026-06-01,2026-09-21,25.576,22.864,23.514,-2.712,-3.232,-2.193,systematic_underforecast,2.785,3.107,4.5,0.961,-2.062,-2.565,-1.56,systematic_underforecast,2.279,2.53,3.675,0.939,0.506,10,26,0,27.778,72.222,0,2026-09-22T13:31:58Z
observed_tmax_band,25-29.9,mean_complete_stations,Média das estações IPMA com dia completo,primary_actual_observation,morning,tmax,2,D+2,9,9,insufficient,2026-06-21,2026-09-12,2026-06-23,2026-09-14,26.6,22.844,23.822,-3.756,-4.158,-3.353,systematic_underforecast,3.756,3.788,4.22,0.921,-2.778,-3.404,-2.152,systematic_underforecast,2.778,2.882,3.5,0.848,0.978,0,9,0,0,100,0,2026-09-15T13:43:27Z
observed_tmax_band,<25,mean_complete_stations,Média das estações IPMA com dia completo,primary_actual_observation,morning,tmax,2,D+2,21,21,limited,2026-05-30,2026-09-08,2026-06-01,2026-09-10,22.886,21.19,21.419,-1.695,-2.158,-1.232,systematic_underforecast,1.819,1.965,2.7,0.737,-1.467,-2.186,-0.747,systematic_underforecast,1.838,2.128,3.25,0.375,-0.019,10,11,0,47.619,52.381,0,2026-09-11T12:55:08Z
observed_tmax_band,>=30,mean_complete_stations,Média das estações IPMA com dia completo,primary_actual_observation,morning,tmax,2,D+2,6,6,insufficient,2026-06-10,2026-09-19,2026-06-12,2026-09-21,33.458,28.75,30.383,-4.708,-5.682,-3.734,systematic_underforecast,4.708,4.784,5.525,0.933,-3.075,-3.984,-2.166,systematic_underforecast,3.075,3.175,3.975,0.961,1.633,0,6,0,0,100,0,2026-09-22T13:31:58Z
target_month,2026-06,mean_complete_stations,Média das estações IPMA com dia completo,primary_actual_observation,morning,tmax,2,D+2,12,12,limited,2026-05-30,2026-06-27,2026-06-01,2026-06-29,23.825,21.992,22.317,-1.833,-2.886,-0.781,systematic_underforecast,2.05,2.424,4.05,0.952,-1.508,-2.879,-0.138,systematic_underforecast,2.158,2.557,3.94,0.871,-0.108,6,6,0,50,50,0,2026-06-30T11:28:55Z
target_month,2026-07,mean_complete_stations,Média das estações IPMA com dia completo,primary_actual_observation,morning,tmax,2,D+2,7,7,insufficient,2026-06-29,2026-07-27,2026-07-01,2026-07-29,26.979,23.7,24.5,-3.279,-4.801,-1.757,systematic_underforecast,3.279,3.615,4.94,0.977,-2.479,-3.325,-1.632,systematic_underforecast,2.479,2.62,3.31,0.985,0.8,2,5,0,28.571,71.429,0,2026-07-30T10:37:22Z
target_month,2026-08,mean_complete_stations,Média das estações IPMA com dia completo,primary_actual_observation,morning,tmax,2,D+2,9,9,insufficient,2026-08-03,2026-08-29,2026-08-05,2026-08-31,25.111,22.011,22.811,-3.1,-3.696,-2.504,systematic_underforecast,3.1,3.185,3.84,0.955,-2.3,-3.157,-1.443,systematic_underforecast,2.3,2.529,3.5,0.823,0.8,0,9,0,0,100,0,2026-09-01T13:35:24Z
target_month,2026-09,mean_complete_stations,Média das estações IPMA com dia completo,primary_actual_observation,morning,tmax,2,D+2,8,8,insufficient,2026-09-03,2026-09-19,2026-09-05,2026-09-21,27.5,24.4,25.238,-3.1,-4.415,-1.785,systematic_underforecast,3.1,3.431,5.15,0.966,-2.262,-2.992,-1.533,systematic_underforecast,2.262,2.405,3.25,0.987,0.837,2,6,0,25,75,0,2026-09-22T13:31:58Z
cycle_horizon,all,mean_complete_stations,Média das estações IPMA com dia completo,primary_actual_observation,morning,tmax,3,D+3,36,36,preliminary,2026-05-30,2026-09-19,2026-06-02,2026-09-22,25.286,22.853,23.228,-2.433,-3.057,-1.81,systematic_underforecast,2.639,3.037,4.025,0.914,-2.058,-2.605,-1.512,systematic_underforecast,2.175,2.603,3.575,0.936,0.464,11,25,0,30.556,69.444,0,2026-09-23T13:45:43Z
observed_tmax_band,25-29.9,mean_complete_stations,Média das estações IPMA com dia completo,primary_actual_observation,morning,tmax,3,D+3,10,10,limited,2026-06-10,2026-09-11,2026-06-13,2026-09-14,26.53,23.25,24.32,-3.28,-3.774,-2.786,systematic_underforecast,3.28,3.345,4.22,0.908,-2.21,-2.997,-1.423,systematic_underforecast,2.23,2.444,3.305,0.724,1.05,1,9,0,10,90,0,2026-09-15T13:43:27Z
observed_tmax_band,<25,mean_complete_stations,Média das estações IPMA com dia completo,primary_actual_observation,morning,tmax,3,D+3,22,22,limited,2026-05-30,2026-09-12,2026-06-02,2026-09-15,22.868,21.241,21.35,-1.627,-2.222,-1.032,systematic_underforecast,1.964,2.09,2.835,0.601,-1.518,-2.081,-0.955,systematic_underforecast,1.7,1.96,3.095,0.665,0.264,8,14,0,36.364,63.636,0,2026-09-16T13:37:33Z
observed_tmax_band,>=30,mean_complete_stations,Média das estações IPMA com dia completo,primary_actual_observation,morning,tmax,3,D+3,4,4,insufficient,2026-06-29,2026-09-19,2026-07-02,2026-09-22,35.475,30.725,30.825,-4.75,-10.088,0.588,inconclusive,4.75,5.568,7.685,0.107,-4.65,-7.98,-1.32,systematic_underforecast,4.65,4.991,6.665,0.786,0.1,2,2,0,50,50,0,2026-09-23T13:45:43Z
target_month,2026-06,mean_complete_stations,Média das estações IPMA com dia completo,primary_actual_observation,morning,tmax,3,D+3,11,11,limited,2026-05-30,2026-06-26,2026-06-02,2026-06-29,23.518,21.773,21.918,-1.745,-2.962,-0.529,systematic_underforecast,2.309,2.455,2.9,0.793,-1.6,-2.619,-0.581,systematic_underforecast,1.818,2.157,3.3,0.855,0.491,3,8,0,27.273,72.727,0,2026-06-30T11:28:55Z
target_month,2026-07,mean_complete_stations,Média das estações IPMA com dia completo,primary_actual_observation,morning,tmax,3,D+3,8,8,insufficient,2026-06-29,2026-07-27,2026-07-02,2026-07-30,26.675,23.825,24.462,-2.85,-5.026,-0.674,systematic_underforecast,3,3.748,5.48,0.919,-2.213,-3.732,-0.693,systematic_underforecast,2.438,2.79,4.04,0.98,0.562,2,6,0,25,75,0,2026-07-31T11:05:10Z
target_month,2026-08,mean_complete_stations,Média das estações IPMA com dia completo,primary_actual_observation,morning,tmax,3,D+3,8,8,insufficient,2026-08-03,2026-08-28,2026-08-06,2026-08-31,25.825,23.113,23.788,-2.713,-3.346,-2.079,systematic_underforecast,2.713,2.803,3.44,0.983,-2.037,-2.879,-1.196,systematic_underforecast,2.037,2.244,2.86,0.968,0.675,1,7,0,12.5,87.5,0,2026-09-01T13:35:24Z
target_month,2026-09,mean_complete_stations,Média das estações IPMA com dia completo,primary_actual_observation,morning,tmax,3,D+3,9,9,insufficient,2026-08-29,2026-09-19,2026-09-01,2026-09-22,25.733,23.078,23.233,-2.656,-4.066,-1.245,systematic_underforecast,2.656,3.169,4.47,0.935,-2.5,-4.083,-0.917,systematic_underforecast,2.5,3.165,4.03,0.888,0.156,5,4,0,55.556,44.444,0,2026-09-23T13:45:43Z
cycle_horizon,all,mean_complete_stations,Média das estações IPMA com dia completo,primary_actual_observation,morning,tmax,4,D+4,28,28,limited,2026-05-30,2026-09-19,2026-06-03,2026-09-23,24.741,22.632,23.139,-2.109,-2.762,-1.456,systematic_underforecast,2.38,2.68,4.255,0.878,-1.602,-2.264,-0.94,systematic_underforecast,2.045,2.319,3.39,0.88,0.336,12,16,0,42.857,57.143,0,2026-09-24T13:40:48Z
observed_tmax_band,25-29.9,mean_complete_stations,Média das estações IPMA com dia completo,primary_actual_observation,morning,tmax,4,D+4,7,7,insufficient,2026-06-19,2026-09-19,2026-06-23,2026-09-23,25.786,22.571,24.671,-3.214,-4.628,-1.8,systematic_underforecast,3.214,3.512,4.51,0.927,-1.114,-3.202,0.974,inconclusive,2.143,2.369,3.09,0.71,1.071,2,5,0,28.571,71.429,0,2026-09-24T13:40:48Z
observed_tmax_band,<25,mean_complete_stations,Média das estações IPMA com dia completo,primary_actual_observation,morning,tmax,4,D+4,18,18,limited,2026-05-30,2026-09-11,2026-06-03,2026-09-15,22.9,21.417,21.367,-1.483,-2.147,-0.82,systematic_underforecast,1.906,1.97,2.76,0.435,-1.533,-2.21,-0.857,systematic_underforecast,1.822,2.024,2.845,0.259,0.083,9,9,0,50,50,0,2026-09-16T13:37:33Z
observed_tmax_band,>=30,mean_complete_stations,Média das estações IPMA com dia completo,primary_actual_observation,morning,tmax,4,D+4,3,3,insufficient,2026-06-29,2026-09-08,2026-07-03,2026-09-12,33.35,30.067,30.2,-3.283,-9.511,2.945,inconclusive,3.283,3.869,4.86,0.637,-3.15,-8.057,1.757,inconclusive,3.15,3.539,4.79,0.946,0.133,1,2,0,33.333,66.667,0,2026-09-13T13:23:19Z
target_month,2026-06,mean_complete_stations,Média das estações IPMA com dia completo,primary_actual_observation,morning,tmax,4,D+4,9,9,insufficient,2026-05-30,2026-06-23,2026-06-03,2026-06-27,22.722,21.944,22.5,-0.778,-2.015,0.46,inconclusive,1.622,1.706,2.12,0.735,-0.222,-1.814,1.37,inconclusive,1.6,1.965,3.6,0.786,0.022,3,6,0,33.333,66.667,0,2026-06-28T10:40:55Z
target_month,2026-07,mean_complete_stations,Média das estações IPMA com dia completo,primary_actual_observation,morning,tmax,4,D+4,5,5,insufficient,2026-06-29,2026-07-27,2026-07-03,2026-07-31,27.85,25.1,25.1,-2.75,-4.874,-0.626,systematic_underforecast,2.75,3.147,4.36,0.961,-2.75,-4.787,-0.713,systematic_underforecast,2.75,3.117,4.56,0.964,0,3,2,0,60,40,0,2026-08-01T10:14:45Z
target_month,2026-08,mean_complete_stations,Média das estações IPMA com dia completo,primary_actual_observation,morning,tmax,4,D+4,4,4,insufficient,2026-08-03,2026-08-26,2026-08-07,2026-08-30,24.5,21.45,22.325,-3.05,-4.354,-1.746,systematic_underforecast,3.05,3.131,3.685,0.834,-2.175,-3.513,-0.837,systematic_underforecast,2.175,2.294,2.735,0.771,0.875,0,4,0,0,100,0,2026-08-31T16:15:47Z
target_month,2026-09,mean_complete_stations,Média das estações IPMA com dia completo,primary_actual_observation,morning,tmax,4,D+4,10,10,limited,2026-08-28,2026-09-19,2026-09-01,2026-09-23,25.1,22.49,23.06,-2.61,-3.624,-1.596,systematic_underforecast,2.61,2.936,4.96,0.85,-2.04,-2.551,-1.529,systematic_underforecast,2.04,2.15,2.56,0.965,0.57,6,4,0,60,40,0,2026-09-24T13:40:48Z
cycle_horizon,all,mean_complete_stations,Média das estações IPMA com dia completo,primary_actual_observation,morning,tmax,5,D+5,93,93,more_stable,2026-05-29,2026-09-19,2026-06-03,2026-09-24,25.121,22.592,25.234,-2.528,-2.997,-2.06,systematic_underforecast,2.853,3.394,4.66,0.826,0.113,-0.481,0.708,inconclusive,1.97,2.871,3.96,0.732,0.883,21,71,1,22.581,76.344,1.075,2026-09-25T13:59:55Z
observed_tmax_band,25-29.9,mean_complete_stations,Média das estações IPMA com dia completo,primary_actual_observation,morning,tmax,5,D+5,32,32,preliminary,2026-06-06,2026-09-11,2026-06-11,2026-09-16,26.259,23.103,25.694,-3.156,-3.688,-2.625,systematic_underforecast,3.216,3.474,4.035,0.587,-0.566,-1.446,0.315,inconclusive,2.034,2.47,3.98,0.603,1.181,7,25,0,21.875,78.125,0,2026-09-17T13:39:28Z
observed_tmax_band,<25,mean_complete_stations,Média das estações IPMA com dia completo,primary_actual_observation,morning,tmax,5,D+5,51,51,preliminary,2026-05-29,2026-09-19,2026-06-03,2026-09-24,22.645,21.196,23.549,-1.449,-1.927,-0.971,systematic_underforecast,2.004,2.221,3.15,0.474,0.904,0.052,1.756,systematic_overforecast,1.825,3.133,3.4,0.25,0.178,14,36,1,27.451,70.588,1.961,2026-09-25T13:59:55Z
observed_tmax_band,>=30,mean_complete_stations,Média das estações IPMA com dia completo,primary_actual_observation,morning,tmax,5,D+5,10,10,limited,2026-06-07,2026-09-08,2026-06-12,2026-09-13,34.105,28.08,32.36,-6.025,-8.03,-4.02,systematic_underforecast,6.025,6.586,9.805,0.342,-1.745,-3.262,-0.228,systematic_underforecast,2.505,2.663,3.69,0.642,3.52,0,10,0,0,100,0,2026-09-14T15:08:18Z
target_month,2026-06,mean_complete_stations,Média das estações IPMA com dia completo,primary_actual_observation,morning,tmax,5,D+5,22,22,limited,2026-05-29,2026-06-25,2026-06-03,2026-06-30,23.468,21.827,24.709,-1.641,-2.912,-0.37,systematic_underforecast,2.314,3.245,3.83,0.711,1.241,-0.363,2.845,inconclusive,2.486,3.745,4.45,0.659,-0.173,10,12,0,45.455,54.545,0,2026-07-01T11:39:31Z
target_month,2026-07,mean_complete_stations,Média das estações IPMA com dia completo,primary_actual_observation,morning,tmax,5,D+5,31,31,preliminary,2026-06-26,2026-07-26,2026-07-01,2026-07-31,26.066,23.232,25.794,-2.834,-3.67,-1.998,systematic_underforecast,3.221,3.613,5,0.883,-0.273,-1.393,0.848,inconclusive,2.131,3.018,2.9,0.776,1.09,5,26,0,16.129,83.871,0,2026-08-01T10:14:45Z
target_month,2026-08,mean_complete_stations,Média das estações IPMA com dia completo,primary_actual_observation,morning,tmax,5,D+5,30,30,preliminary,2026-07-27,2026-08-26,2026-08-01,2026-08-31,25.167,22.303,24.467,-2.863,-3.622,-2.104,systematic_underforecast,2.977,3.492,3.96,0.735,-0.7,-1.417,0.017,inconclusive,1.523,2.013,3.64,0.789,1.453,4,26,0,13.333,86.667,0,2026-09-01T13:35:24Z
target_month,2026-09,mean_complete_stations,Média das estações IPMA com dia completo,primary_actual_observation,morning,tmax,5,D+5,10,10,limited,2026-08-28,2026-09-19,2026-09-02,2026-09-24,25.69,23.16,26.96,-2.53,-3.075,-1.985,systematic_underforecast,2.53,2.631,3.615,0.981,1.27,-0.199,2.739,inconclusive,1.68,2.326,3.395,0.769,0.85,2,7,1,20,70,10,2026-09-25T13:59:55Z
cycle_horizon,all,mean_complete_stations,Média das estações IPMA com dia completo,primary_actual_observation,morning,tmax,6,D+6,93,93,more_stable,2026-05-29,2026-09-19,2026-06-04,2026-09-25,25.205,22.739,24.906,-2.467,-3.024,-1.909,systematic_underforecast,2.942,3.652,4.94,0.724,-0.299,-0.914,0.316,inconclusive,2.283,2.984,4.68,0.714,0.659,31,62,0,33.333,66.667,0,2026-09-26T13:16:04Z
observed_tmax_band,25-29.9,mean_complete_stations,Média das estações IPMA com dia completo,primary_actual_observation,morning,tmax,6,D+6,33,33,preliminary,2026-06-05,2026-09-12,2026-06-11,2026-09-18,26.326,23.191,25.415,-3.135,-3.748,-2.521,systematic_underforecast,3.195,3.568,4.65,0.461,-0.911,-1.979,0.157,inconclusive,2.708,3.103,4.63,0.431,0.488,13,20,0,39.394,60.606,0,2026-09-19T12:36:22Z
observed_tmax_band,<25,mean_complete_stations,Média das estações IPMA com dia completo,primary_actual_observation,morning,tmax,6,D+6,50,50,preliminary,2026-05-29,2026-09-19,2026-06-04,2026-09-25,22.69,21.512,23.138,-1.178,-1.744,-0.612,systematic_underforecast,2.022,2.297,3.31,0.382,0.448,-0.297,1.193,inconclusive,1.88,2.635,3.425,0.217,0.142,16,34,0,32,68,0,2026-09-26T13:16:04Z
observed_tmax_band,>=30,mean_complete_stations,Média das estações IPMA com dia completo,primary_actual_observation,morning,tmax,6,D+6,10,10,limited,2026-06-06,2026-09-06,2026-06-12,2026-09-12,34.085,27.38,32.07,-6.705,-9.172,-4.238,systematic_underforecast,6.705,7.461,10.575,0.097,-2.015,-4.658,0.628,inconclusive,2.895,4.043,7.375,0.449,3.81,2,8,0,20,80,0,2026-09-13T13:23:19Z
target_month,2026-06,mean_complete_stations,Média das estações IPMA com dia completo,primary_actual_observation,morning,tmax,6,D+6,21,21,limited,2026-05-29,2026-06-24,2026-06-04,2026-06-30,23.581,22.076,23.814,-1.505,-3.129,0.12,inconclusive,2.533,3.794,4.1,0.529,0.233,-1.235,1.701,inconclusive,2.671,3.156,4.8,0.66,-0.138,10,11,0,47.619,52.381,0,2026-07-01T11:39:31Z
target_month,2026-07,mean_complete_stations,Média das estações IPMA com dia completo,primary_actual_observation,morning,tmax,6,D+6,31,31,preliminary,2026-06-25,2026-07-25,2026-07-01,2026-07-31,26.066,23.435,25.994,-2.631,-3.663,-1.598,systematic_underforecast,3.256,3.82,5.7,0.801,-0.073,-1.207,1.061,inconclusive,2.211,3.042,3.2,0.787,1.045,8,23,0,25.806,74.194,0,2026-08-01T10:14:45Z
target_month,2026-08,mean_complete_stations,Média das estações IPMA com dia completo,primary_actual_observation,morning,tmax,6,D+6,30,30,preliminary,2026-07-26,2026-08-25,2026-08-01,2026-08-31,25.167,22.277,23.99,-2.89,-3.7,-2.08,systematic_underforecast,2.997,3.591,4.885,0.694,-1.177,-2.268,-0.086,systematic_underforecast,2.34,3.105,5.175,0.506,0.657,10,20,0,33.333,66.667,0,2026-09-01T13:35:24Z
target_month,2026-09,mean_complete_stations,Média das estações IPMA com dia completo,primary_actual_observation,morning,tmax,6,D+6,11,11,limited,2026-08-26,2026-09-19,2026-09-01,2026-09-25,25.986,23.3,26.427,-2.686,-3.633,-1.74,systematic_underforecast,2.686,3.003,4.45,0.89,0.441,-0.919,1.8,inconclusive,1.586,1.979,3.75,0.827,1.1,3,8,0,27.273,72.727,0,2026-09-26T13:16:04Z
cycle_horizon,all,mean_complete_stations,Média das estações IPMA com dia completo,primary_actual_observation,morning,tmax,7,D+7,93,93,more_stable,2026-05-29,2026-09-19,2026-06-05,2026-09-26,25.288,22.749,24.688,-2.538,-3.184,-1.892,systematic_underforecast,3.178,4.021,6.45,0.599,-0.599,-1.273,0.074,inconclusive,2.417,3.306,4.9,0.595,0.761,27,64,2,29.032,68.817,2.151,2026-09-27T14:09:28Z
observed_tmax_band,25-29.9,mean_complete_stations,Média das estações IPMA com dia completo,primary_actual_observation,morning,tmax,7,D+7,31,31,preliminary,2026-06-06,2026-09-19,2026-06-13,2026-09-26,26.106,22.797,24.426,-3.31,-3.796,-2.823,systematic_underforecast,3.31,3.558,4.3,0.441,-1.681,-2.275,-1.086,systematic_underforecast,2.026,2.316,3.85,0.447,1.284,3,28,0,9.677,90.323,0,2026-09-27T14:09:28Z
observed_tmax_band,<25,mean_complete_stations,Média das estações IPMA com dia completo,primary_actual_observation,morning,tmax,7,D+7,50,50,preliminary,2026-05-29,2026-09-08,2026-06-05,2026-09-15,22.79,21.918,23.754,-0.872,-1.542,-0.202,systematic_underforecast,2.062,2.492,3.555,0.176,0.964,0.139,1.789,systematic_overforecast,2.07,3.03,4.91,0.198,-0.008,21,27,2,42,54,4,2026-09-16T13:37:33Z
observed_tmax_band,>=30,mean_complete_stations,Média das estações IPMA com dia completo,primary_actual_observation,morning,tmax,7,D+7,12,12,limited,2026-06-05,2026-09-06,2026-06-12,2026-09-13,33.579,26.092,29.258,-7.488,-9.657,-5.318,systematic_underforecast,7.488,8.17,10.585,0.187,-4.321,-6.796,-1.846,systematic_underforecast,4.871,5.708,8.415,0.43,2.617,3,9,0,25,75,0,2026-09-14T15:08:18Z
target_month,2026-06,mean_complete_stations,Média das estações IPMA com dia completo,primary_actual_observation,morning,tmax,7,D+7,20,20,limited,2026-05-29,2026-06-23,2026-06-05,2026-06-30,23.195,21.945,23.82,-1.25,-2.947,0.447,inconclusive,2.46,3.748,3.64,0.349,0.625,-0.814,2.064,inconclusive,2.195,3.062,5.09,0.592,0.265,9,11,0,45,55,0,2026-07-01T11:39:31Z
target_month,2026-07,mean_complete_stations,Média das estações IPMA com dia completo,primary_actual_observation,morning,tmax,7,D+7,31,31,preliminary,2026-06-24,2026-07-24,2026-07-01,2026-07-31,26.066,23.506,25.758,-2.56,-3.85,-1.269,systematic_underforecast,3.592,4.305,8,0.646,-0.308,-1.659,1.042,inconclusive,2.708,3.635,4.9,0.647,0.884,7,24,0,22.581,77.419,0,2026-08-01T10:14:45Z
target_month,2026-08,mean_complete_stations,Média das estações IPMA com dia completo,primary_actual_observation,morning,tmax,7,D+7,30,30,preliminary,2026-07-25,2026-08-24,2026-08-01,2026-08-31,25.167,22.367,23.897,-2.8,-3.66,-1.94,systematic_underforecast,2.91,3.6,4.515,0.635,-1.27,-2.361,-0.179,systematic_underforecast,2.227,3.141,4.04,0.369,0.683,8,21,1,26.667,70,3.333,2026-09-01T13:35:24Z
target_month,2026-09,mean_complete_stations,Média das estações IPMA com dia completo,primary_actual_observation,morning,tmax,7,D+7,12,12,limited,2026-08-25,2026-09-19,2026-09-01,2026-09-26,27.067,23.092,25.35,-3.975,-5.576,-2.374,systematic_underforecast,3.975,4.65,6.99,0.591,-1.717,-3.51,0.077,inconclusive,2.508,3.202,4.255,0.577,1.467,3,8,1,25,66.667,8.333,2026-09-27T14:09:28Z
cycle_horizon,all,mean_complete_stations,Média das estações IPMA com dia completo,primary_actual_observation,morning,tmax,8,D+8,93,93,more_stable,2026-05-29,2026-09-19,2026-06-06,2026-09-27,25.453,22.923,24.848,-2.531,-3.189,-1.872,systematic_underforecast,3.288,4.063,6.92,0.568,-0.605,-1.422,0.213,inconclusive,2.789,3.994,6.04,0.448,0.499,32,59,2,34.409,63.441,2.151,2026-09-28T16:51:47Z
observed_tmax_band,25-29.9,mean_complete_stations,Média das estações IPMA com dia completo,primary_actual_observation,morning,tmax,8,D+8,32,32,preliminary,2026-06-03,2026-09-11,2026-06-11,2026-09-19,26.445,22.816,24.894,-3.63,-4.06,-3.199,systematic_underforecast,3.63,3.815,4.44,0.615,-1.552,-2.216,-0.887,systematic_underforecast,1.967,2.387,3.4,0.489,1.662,3,28,1,9.375,87.5,3.125,2026-09-20T13:07:39Z
observed_tmax_band,<25,mean_complete_stations,Média das estações IPMA com dia completo,primary_actual_observation,morning,tmax,8,D+8,49,49,preliminary,2026-05-29,2026-09-19,2026-06-06,2026-09-27,22.853,22.259,23.898,-0.594,-1.313,0.125,inconclusive,2.031,2.548,4.22,0.004,1.045,-0.143,2.233,inconclusive,2.771,4.226,5.58,-0.065,-0.741,26,22,1,53.061,44.898,2.041,2026-09-28T16:51:47Z
observed_tmax_band,>=30,mean_complete_stations,Média das estações IPMA com dia completo,primary_actual_observation,morning,tmax,8,D+8,12,12,limited,2026-06-23,2026-09-12,2026-07-01,2026-09-20,33.425,25.917,28.608,-7.508,-9.168,-5.849,systematic_underforecast,7.508,7.914,10.67,0.393,-4.817,-7.147,-2.487,systematic_underforecast,5.05,5.96,7.73,0.625,2.458,3,9,0,25,75,0,2026-09-21T15:13:21Z
target_month,2026-06,mean_complete_stations,Média das estações IPMA com dia completo,primary_actual_observation,morning,tmax,8,D+8,19,19,limited,2026-05-29,2026-06-21,2026-06-06,2026-06-29,23.063,21.974,23.726,-1.089,-2.43,0.251,inconclusive,2.247,2.918,4.76,0.314,0.663,-0.787,2.113,inconclusive,2.179,3.003,4.36,0.539,0.068,9,10,0,47.368,52.632,0,2026-06-30T11:28:55Z
target_month,2026-07,mean_complete_stations,Média das estações IPMA com dia completo,primary_actual_observation,morning,tmax,8,D+8,31,31,preliminary,2026-06-23,2026-07-23,2026-07-01,2026-07-31,26.066,23.745,26.335,-2.321,-3.747,-0.895,systematic_underforecast,3.721,4.474,8.3,0.537,0.269,-1.649,2.188,inconclusive,3.369,5.152,6.3,0.36,0.352,9,22,0,29.032,70.968,0,2026-08-01T10:14:45Z
target_month,2026-08,mean_complete_stations,Média das estações IPMA com dia completo,primary_actual_observation,morning,tmax,8,D+8,30,30,preliminary,2026-07-24,2026-08-23,2026-08-01,2026-08-31,25.167,22.51,24.07,-2.657,-3.532,-1.781,systematic_underforecast,2.823,3.517,4.215,0.62,-1.097,-2.123,-0.07,systematic_underforecast,2.12,2.917,4.705,0.45,0.703,10,18,2,33.333,60,6.667,2026-09-01T13:35:24Z
target_month,2026-09,mean_complete_stations,Média das estações IPMA com dia completo,primary_actual_observation,morning,tmax,8,D+8,13,13,limited,2026-08-24,2026-09-19,2026-09-01,2026-09-27,28.146,23.3,24.738,-4.846,-6.375,-3.318,systematic_underforecast,4.846,5.421,7.25,0.695,-3.408,-5,-1.815,systematic_underforecast,3.838,4.245,6.01,0.709,1.008,4,9,0,30.769,69.231,0,2026-09-28T16:51:47Z
cycle_horizon,all,mean_complete_stations,Média das estações IPMA com dia completo,primary_actual_observation,morning,tmax,9,D+9,88,88,more_stable,2026-05-29,2026-09-19,2026-06-07,2026-09-28,25.48,23.072,25.3,-2.408,-3.15,-1.666,systematic_underforecast,3.23,4.235,7.075,0.463,-0.18,-1.177,0.818,inconclusive,3.284,4.684,8.12,0.29,-0.055,37,50,1,42.045,56.818,1.136,2026-09-29T14:56:00Z
observed_tmax_band,25-29.9,mean_complete_stations,Média das estações IPMA com dia completo,primary_actual_observation,morning,tmax,9,D+9,31,31,preliminary,2026-06-02,2026-09-05,2026-06-11,2026-09-14,26.234,23.052,24.932,-3.182,-3.61,-2.755,systematic_underforecast,3.182,3.383,4.5,0.55,-1.302,-2.291,-0.312,systematic_underforecast,2.44,2.956,4.8,0.198,0.742,7,23,1,22.581,74.194,3.226,2026-09-15T13:43:27Z
observed_tmax_band,<25,mean_complete_stations,Média das estações IPMA com dia completo,primary_actual_observation,morning,tmax,9,D+9,46,46,preliminary,2026-05-29,2026-09-19,2026-06-07,2026-09-28,22.909,22.561,24.689,-0.348,-1.083,0.387,inconclusive,1.92,2.472,3.625,-0.044,1.78,0.435,3.126,systematic_overforecast,3.117,4.823,7.1,-0.128,-1.198,27,19,0,58.696,41.304,0,2026-09-29T14:56:00Z
observed_tmax_band,>=30,mean_complete_stations,Média das estações IPMA com dia completo,primary_actual_observation,morning,tmax,9,D+9,11,11,limited,2026-06-03,2026-09-12,2026-06-12,2026-09-21,34.105,25.264,28.891,-8.841,-10.773,-6.908,systematic_underforecast,8.841,9.257,11.65,0.285,-5.214,-8.837,-1.59,systematic_underforecast,6.359,7.323,11.05,0.058,2.482,3,8,0,27.273,72.727,0,2026-09-22T13:31:58Z
target_month,2026-06,mean_complete_stations,Média das estações IPMA com dia completo,primary_actual_observation,morning,tmax,9,D+9,18,18,limited,2026-05-29,2026-06-21,2026-06-07,2026-06-30,23.867,22.272,24.783,-1.594,-3.478,0.289,inconclusive,2.583,4.012,5.83,0.327,0.917,-1.613,3.447,inconclusive,3.394,5.028,7.98,0.244,-0.811,11,7,0,61.111,38.889,0,2026-07-01T11:39:31Z
target_month,2026-07,mean_complete_stations,Média das estações IPMA com dia completo,primary_actual_observation,morning,tmax,9,D+9,30,30,preliminary,2026-06-23,2026-07-22,2026-07-02,2026-07-31,25.872,23.903,27.083,-1.968,-3.521,-0.415,systematic_underforecast,3.662,4.538,7.62,0.417,1.212,-0.903,3.326,inconclusive,3.948,5.698,9.655,0.226,-0.287,9,21,0,30,70,0,2026-08-01T10:14:45Z
target_month,2026-08,mean_complete_stations,Média das estações IPMA com dia completo,primary_actual_observation,morning,tmax,9,D+9,29,29,limited,2026-07-23,2026-08-22,2026-08-01,2026-08-31,25.355,22.621,23.962,-2.734,-3.612,-1.857,systematic_underforecast,2.862,3.552,4.42,0.584,-1.393,-2.416,-0.37,systematic_underforecast,2.186,2.988,3.31,0.477,0.676,10,19,0,34.483,65.517,0,2026-09-01T13:35:24Z
target_month,2026-09,mean_complete_stations,Média das estações IPMA com dia completo,primary_actual_observation,morning,tmax,9,D+9,11,11,limited,2026-08-23,2026-09-19,2026-09-01,2026-09-28,27.377,23.3,24.809,-4.077,-6.426,-1.729,systematic_underforecast,4.077,5.266,8.45,0.554,-2.568,-5.339,0.203,inconclusive,4.186,4.697,6.15,0.443,-0.109,7,3,1,63.636,27.273,9.091,2026-09-29T14:56:00Z
cycle_horizon,all,mean_complete_stations,Média das estações IPMA com dia completo,primary_actual_observation,afternoon,tmin,0,D+0,93,93,more_stable,2026-05-29,2026-10-08,2026-05-29,2026-10-08,16.967,15.916,17.497,-1.051,-1.244,-0.858,systematic_underforecast,1.155,1.405,2.07,0.942,0.53,0.311,0.748,systematic_overforecast,0.946,1.18,2.1,0.905,0.21,34,54,5,36.559,58.065,5.376,2026-10-08T20:03:21Z
target_month,2026-05,mean_complete_stations,Média das estações IPMA com dia completo,primary_actual_observation,afternoon,tmin,0,D+0,1,1,insufficient,2026-05-29,2026-05-29,2026-05-29,2026-05-29,16.2,15.4,16.8,-0.8,,,inconclusive,0.8,0.8,0.8,,0.6,,,inconclusive,0.6,0.6,0.6,,0.2,0,1,0,0,100,0,2026-05-30T10:24:06Z
target_month,2026-06,mean_complete_stations,Média das estações IPMA com dia completo,primary_actual_observation,afternoon,tmin,0,D+0,18,18,limited,2026-06-01,2026-06-28,2026-06-01,2026-06-28,16.128,15.211,16.283,-0.917,-1.259,-0.575,systematic_underforecast,0.972,1.135,1.63,0.97,0.156,-0.279,0.59,inconclusive,0.678,0.864,1.24,0.931,0.294,6,12,0,33.333,66.667,0,2026-06-29T12:46:53Z
target_month,2026-07,mean_complete_stations,Média das estações IPMA com dia completo,primary_actual_observation,afternoon,tmin,0,D+0,20,20,limited,2026-07-03,2026-07-31,2026-07-03,2026-07-31,18.215,16.665,18.755,-1.55,-1.979,-1.121,systematic_underforecast,1.55,1.789,2.21,0.945,0.54,0.065,1.015,systematic_overforecast,0.95,1.127,1.9,0.935,0.6,4,13,3,20,65,15,2026-08-01T10:14:45Z
target_month,2026-08,mean_complete_stations,Média das estações IPMA com dia completo,primary_actual_observation,afternoon,tmin,0,D+0,25,25,limited,2026-08-01,2026-08-31,2026-08-01,2026-08-31,17.614,16.676,18.328,-0.938,-1.316,-0.56,systematic_underforecast,1.134,1.297,1.89,0.923,0.714,0.368,1.06,systematic_overforecast,0.894,1.088,1.74,0.916,0.24,9,15,1,36,60,4,2026-09-01T13:35:24Z
target_month,2026-09,mean_complete_stations,Média das estações IPMA com dia completo,primary_actual_observation,afternoon,tmin,0,D+0,22,22,limited,2026-09-01,2026-09-30,2026-09-01,2026-09-30,16.261,15.318,16.795,-0.943,-1.431,-0.456,systematic_underforecast,1.043,1.43,2.49,0.923,0.534,-0.116,1.184,inconclusive,1.261,1.529,2.4,0.857,-0.218,12,9,1,54.545,40.909,4.545,2026-10-01T15:40:49Z
target_month,2026-10,mean_complete_stations,Média das estações IPMA com dia completo,primary_actual_observation,afternoon,tmin,0,D+0,7,7,insufficient,2026-10-01,2026-10-08,2026-10-01,2026-10-08,15.579,14.829,16.357,-0.75,-1.572,0.072,inconclusive,0.979,1.114,1.61,0.944,0.779,-0.074,1.631,inconclusive,0.864,1.155,1.75,0.914,0.114,3,4,0,42.857,57.143,0,2026-10-08T20:03:21Z
cycle_horizon,all,mean_complete_stations,Média das estações IPMA com dia completo,primary_actual_observation,afternoon,tmin,1,D+1,91,91,more_stable,2026-05-29,2026-10-07,2026-05-30,2026-10-08,16.75,15.688,17.327,-1.062,-1.286,-0.838,systematic_underforecast,1.183,1.507,2.2,0.925,0.577,0.323,0.832,systematic_overforecast,1.064,1.345,2.5,0.866,0.119,38,51,2,41.758,56.044,2.198,2026-10-08T20:02:33Z
target_month,2026-05,mean_complete_stations,Média das estações IPMA com dia completo,primary_actual_observation,afternoon,tmin,1,D+1,1,1,insufficient,2026-05-29,2026-05-29,2026-05-30,2026-05-30,15.9,14.5,16.5,-1.4,,,inconclusive,1.4,1.4,1.4,,0.6,,,inconclusive,0.6,0.6,0.6,,0.8,0,1,0,0,100,0,2026-05-31T10:31:32Z
target_month,2026-06,mean_complete_stations,Média das estações IPMA com dia completo,primary_actual_observation,afternoon,tmin,1,D+1,18,18,limited,2026-05-31,2026-06-28,2026-06-01,2026-06-29,15.367,14.661,15.85,-0.706,-1.098,-0.313,systematic_underforecast,0.828,1.043,1.82,0.969,0.483,0.111,0.856,systematic_overforecast,0.739,0.874,1.33,0.951,0.089,8,9,1,44.444,50,5.556,2026-06-30T11:28:55Z
target_month,2026-07,mean_complete_stations,Média das estações IPMA com dia completo,primary_actual_observation,afternoon,tmin,1,D+1,21,21,limited,2026-06-30,2026-07-30,2026-07-01,2026-07-31,18.002,16.671,18.538,-1.331,-1.876,-0.786,systematic_underforecast,1.398,1.771,2.15,0.937,0.536,-0.135,1.206,inconclusive,1.169,1.534,2.5,0.875,0.229,8,13,0,38.095,61.905,0,2026-08-01T10:14:45Z
target_month,2026-08,mean_complete_stations,Média das estações IPMA com dia completo,primary_actual_observation,afternoon,tmin,1,D+1,22,22,limited,2026-07-31,2026-08-30,2026-08-01,2026-08-31,17.741,16.577,18.441,-1.164,-1.609,-0.718,systematic_underforecast,1.314,1.523,2.3,0.882,0.7,0.309,1.091,systematic_overforecast,0.895,1.11,1.295,0.89,0.418,5,16,1,22.727,72.727,4.545,2026-09-01T13:35:24Z
target_month,2026-09,mean_complete_stations,Média das estações IPMA com dia completo,primary_actual_observation,afternoon,tmin,1,D+1,22,22,limited,2026-08-31,2026-09-29,2026-09-01,2026-09-30,16.107,15.118,16.677,-0.989,-1.544,-0.433,systematic_underforecast,1.134,1.573,2.955,0.851,0.57,-0.151,1.292,inconclusive,1.461,1.688,2.6,0.704,-0.327,14,8,0,63.636,36.364,0,2026-10-01T15:40:49Z
target_month,2026-10,mean_complete_stations,Média das estações IPMA com dia completo,primary_actual_observation,afternoon,tmin,1,D+1,7,7,insufficient,2026-09-30,2026-10-07,2026-10-01,2026-10-08,15.579,14.543,16.157,-1.036,-1.987,-0.084,systematic_underforecast,1.164,1.407,2,0.904,0.579,-0.543,1.7,inconclusive,0.936,1.263,1.83,0.777,0.229,3,4,0,42.857,57.143,0,2026-10-08T20:02:33Z
cycle_horizon,all,mean_complete_stations,Média das estações IPMA com dia completo,primary_actual_observation,afternoon,tmin,2,D+2,94,94,more_stable,2026-05-31,2026-10-06,2026-06-02,2026-10-08,16.91,15.924,17.522,-0.985,-1.246,-0.724,systematic_underforecast,1.228,1.606,2.385,0.847,0.613,0.328,0.897,systematic_overforecast,1.235,1.512,2.635,0.806,-0.007,47,42,5,50,44.681,5.319,2026-10-08T20:02:33Z
target_month,2026-06,mean_complete_stations,Média das estações IPMA com dia completo,primary_actual_observation,afternoon,tmin,2,D+2,17,17,limited,2026-05-31,2026-06-28,2026-06-02,2026-06-30,15.582,14.824,15.818,-0.759,-1.298,-0.22,systematic_underforecast,0.971,1.269,2.1,0.944,0.235,-0.516,0.987,inconclusive,1.165,1.438,2.26,0.805,-0.194,11,6,0,64.706,35.294,0,2026-07-01T11:39:31Z
target_month,2026-07,mean_complete_stations,Média das estações IPMA com dia completo,primary_actual_observation,afternoon,tmin,2,D+2,24,24,limited,2026-06-30,2026-07-29,2026-07-02,2026-07-31,17.877,16.704,18.421,-1.173,-1.784,-0.562,systematic_underforecast,1.448,1.839,2.195,0.711,0.544,-0.051,1.139,inconclusive,1.26,1.483,2.155,0.729,0.188,12,11,1,50,45.833,4.167,2026-08-01T10:14:45Z
target_month,2026-08,mean_complete_stations,Média das estações IPMA com dia completo,primary_actual_observation,afternoon,tmin,2,D+2,24,24,limited,2026-07-30,2026-08-29,2026-08-01,2026-08-31,17.9,16.812,18.858,-1.088,-1.567,-0.608,systematic_underforecast,1.342,1.556,2.09,0.852,0.958,0.622,1.295,systematic_overforecast,1,1.236,1.725,0.943,0.342,8,15,1,33.333,62.5,4.167,2026-09-01T13:35:24Z
target_month,2026-09,mean_complete_stations,Média das estações IPMA com dia completo,primary_actual_observation,afternoon,tmin,2,D+2,22,22,limited,2026-08-30,2026-09-28,2026-09-01,2026-09-30,16.223,15.341,16.727,-0.882,-1.553,-0.211,systematic_underforecast,1.164,1.722,3.2,0.725,0.505,-0.306,1.315,inconclusive,1.6,1.856,2.69,0.6,-0.436,13,7,2,59.091,31.818,9.091,2026-10-01T15:40:49Z
target_month,2026-10,mean_complete_stations,Média das estações IPMA com dia completo,primary_actual_observation,afternoon,tmin,2,D+2,7,7,insufficient,2026-09-29,2026-10-06,2026-10-01,2026-10-08,15.579,14.714,16.5,-0.864,-1.75,0.021,inconclusive,0.907,1.238,2.08,0.876,0.921,-0.181,2.024,inconclusive,0.979,1.438,2.23,0.806,-0.071,3,3,1,42.857,42.857,14.286,2026-10-08T20:02:33Z
cycle_horizon,all,mean_complete_stations,Média das estações IPMA com dia completo,primary_actual_observation,afternoon,tmin,3,D+3,93,93,more_stable,2026-05-29,2026-10-05,2026-06-01,2026-10-08,16.959,15.852,17.585,-1.108,-1.366,-0.849,systematic_underforecast,1.311,1.668,3,0.892,0.626,0.318,0.933,systematic_overforecast,1.331,1.612,2.6,0.807,-0.02,46,44,3,49.462,47.312,3.226,2026-10-08T20:02:33Z
target_month,2026-06,mean_complete_stations,Média das estações IPMA com dia completo,primary_actual_observation,afternoon,tmin,3,D+3,17,17,limited,2026-05-29,2026-06-27,2026-06-01,2026-06-30,15.624,14.929,16,-0.694,-1.156,-0.232,systematic_underforecast,0.906,1.114,1.82,0.975,0.376,-0.416,1.169,inconclusive,1.235,1.542,2.14,0.881,-0.329,9,7,1,52.941,41.176,5.882,2026-07-01T11:39:31Z
target_month,2026-07,mean_complete_stations,Média das estações IPMA com dia completo,primary_actual_observation,afternoon,tmin,3,D+3,23,23,limited,2026-06-28,2026-07-28,2026-07-01,2026-07-31,17.867,16.504,18.487,-1.363,-1.94,-0.786,systematic_underforecast,1.554,1.888,2.6,0.861,0.62,-0.136,1.375,inconclusive,1.498,1.818,3.08,0.673,0.057,11,12,0,47.826,52.174,0,2026-08-01T10:14:45Z
target_month,2026-08,mean_complete_stations,Média das estações IPMA com dia completo,primary_actual_observation,afternoon,tmin,3,D+3,24,24,limited,2026-07-29,2026-08-28,2026-08-01,2026-08-31,17.779,16.646,18.779,-1.133,-1.622,-0.645,systematic_underforecast,1.325,1.602,2.72,0.81,1,0.608,1.392,systematic_overforecast,1.15,1.352,2.09,0.898,0.175,12,12,0,50,50,0,2026-09-01T13:35:24Z
target_month,2026-09,mean_complete_stations,Média das estações IPMA com dia completo,primary_actual_observation,afternoon,tmin,3,D+3,22,22,limited,2026-08-29,2026-09-27,2026-09-01,2026-09-30,16.586,15.355,16.959,-1.232,-1.918,-0.546,systematic_underforecast,1.436,1.95,3.28,0.836,0.373,-0.429,1.174,inconclusive,1.555,1.805,3.075,0.803,-0.118,10,10,2,45.455,45.455,9.091,2026-10-01T15:40:49Z
target_month,2026-10,mean_complete_stations,Média das estações IPMA com dia completo,primary_actual_observation,afternoon,tmin,3,D+3,7,7,insufficient,2026-09-28,2026-10-05,2026-10-01,2026-10-08,15.579,14.786,16.343,-0.793,-1.726,0.141,inconclusive,1.05,1.225,1.96,0.862,0.764,-0.128,1.656,inconclusive,0.936,1.175,1.81,0.866,0.114,4,3,0,57.143,42.857,0,2026-10-08T20:02:33Z
cycle_horizon,all,mean_complete_stations,Média das estações IPMA com dia completo,primary_actual_observation,afternoon,tmin,4,D+4,101,101,more_stable,2026-05-29,2026-10-04,2026-06-02,2026-10-08,17.083,15.853,17.582,-1.229,-1.483,-0.975,systematic_underforecast,1.445,1.774,2.7,0.874,0.5,0.185,0.814,systematic_overforecast,1.341,1.663,2.8,0.769,0.104,45,56,0,44.554,55.446,0,2026-10-08T20:02:33Z
target_month,2026-06,mean_complete_stations,Média das estações IPMA com dia completo,primary_actual_observation,afternoon,tmin,4,D+4,19,19,limited,2026-05-29,2026-06-26,2026-06-02,2026-06-30,15.637,14.568,15.784,-1.068,-1.785,-0.352,systematic_underforecast,1.332,1.799,2.54,0.94,0.147,-0.587,0.882,inconclusive,1.242,1.491,1.96,0.887,0.089,10,9,0,52.632,47.368,0,2026-07-01T11:39:31Z
target_month,2026-07,mean_complete_stations,Média das estações IPMA com dia completo,primary_actual_observation,afternoon,tmin,4,D+4,26,26,limited,2026-06-27,2026-07-26,2026-07-01,2026-07-30,17.742,16.631,18.381,-1.112,-1.603,-0.62,systematic_underforecast,1.435,1.631,2.4,0.788,0.638,0.006,1.271,systematic_overforecast,1.319,1.663,2.75,0.694,0.115,12,14,0,46.154,53.846,0,2026-07-31T11:05:10Z
target_month,2026-08,mean_complete_stations,Média das estações IPMA com dia completo,primary_actual_observation,afternoon,tmin,4,D+4,27,27,limited,2026-07-28,2026-08-27,2026-08-01,2026-08-31,17.937,16.619,18.944,-1.319,-1.689,-0.948,systematic_underforecast,1.437,1.607,2.49,0.89,1.007,0.596,1.419,systematic_overforecast,1.122,1.434,2.2,0.854,0.315,10,17,0,37.037,62.963,0,2026-09-01T13:35:24Z
target_month,2026-09,mean_complete_stations,Média das estações IPMA com dia completo,primary_actual_observation,afternoon,tmin,4,D+4,22,22,limited,2026-08-28,2026-09-26,2026-09-01,2026-09-30,16.982,15.405,17.014,-1.577,-2.298,-0.856,systematic_underforecast,1.745,2.239,3.86,0.844,0.032,-0.886,0.95,inconclusive,1.714,2.023,3.37,0.628,0.032,9,13,0,40.909,59.091,0,2026-10-01T15:40:49Z
target_month,2026-10,mean_complete_stations,Média das estações IPMA com dia completo,primary_actual_observation,afternoon,tmin,4,D+4,7,7,insufficient,2026-09-27,2026-10-04,2026-10-01,2026-10-08,15.579,14.914,16.029,-0.664,-1.419,0.09,inconclusive,0.879,1.006,1.37,0.932,0.45,-1.173,2.073,inconclusive,1.364,1.686,2.68,0.604,-0.486,4,3,0,57.143,42.857,0,2026-10-08T20:02:33Z
cycle_horizon,all,mean_complete_stations,Média das estações IPMA com dia completo,primary_actual_observation,afternoon,tmin,5,D+5,34,34,preliminary,2026-06-01,2026-10-03,2026-06-06,2026-10-08,16.632,15.241,16.706,-1.391,-1.786,-0.996,systematic_underforecast,1.424,1.783,3.34,0.857,0.074,-0.47,0.617,inconclusive,1.206,1.537,2.4,0.688,0.218,11,22,1,32.353,64.706,2.941,2026-10-08T20:02:33Z
target_month,2026-06,mean_complete_stations,Média das estações IPMA com dia completo,primary_actual_observation,afternoon,tmin,5,D+5,4,4,insufficient,2026-06-01,2026-06-22,2026-06-06,2026-06-27,16.075,14.675,16.575,-1.4,-2.355,-0.445,systematic_underforecast,1.4,1.493,1.98,0.907,0.5,-0.123,1.123,inconclusive,0.5,0.604,0.88,0.96,0.9,0,4,0,0,100,0,2026-06-28T10:40:55Z
target_month,2026-08,mean_complete_stations,Média das estações IPMA com dia completo,primary_actual_observation,afternoon,tmin,5,D+5,1,1,insufficient,2026-08-18,2026-08-18,2026-08-23,2026-08-23,16.85,15.6,16.3,-1.25,,,inconclusive,1.25,1.25,1.25,,-0.55,,,inconclusive,0.55,0.55,0.55,,0.7,0,1,0,0,100,0,2026-08-24T09:11:12Z
target_month,2026-09,mean_complete_stations,Média das estações IPMA com dia completo,primary_actual_observation,afternoon,tmin,5,D+5,22,22,limited,2026-08-27,2026-09-25,2026-09-01,2026-09-30,17.059,15.464,16.868,-1.595,-2.139,-1.052,systematic_underforecast,1.623,1.995,3.4,0.865,-0.191,-0.962,0.581,inconclusive,1.391,1.711,2.4,0.655,0.232,7,14,1,31.818,63.636,4.545,2026-10-01T15:40:49Z
target_month,2026-10,mean_complete_stations,Média das estações IPMA com dia completo,primary_actual_observation,afternoon,tmin,5,D+5,7,7,insufficient,2026-09-26,2026-10-03,2026-10-01,2026-10-08,15.579,14.814,16.329,-0.764,-1.689,0.16,inconclusive,0.836,1.2,1.85,0.863,0.75,-0.459,1.959,inconclusive,1.121,1.423,2.17,0.743,-0.286,4,3,0,57.143,42.857,0,2026-10-08T20:02:33Z
cycle_horizon,all,mean_complete_stations,Média das estações IPMA com dia completo,primary_actual_observation,afternoon,tmin,6,D+6,33,33,preliminary,2026-06-01,2026-10-02,2026-06-07,2026-10-08,16.721,15.312,16.815,-1.409,-1.968,-0.85,systematic_underforecast,1.661,2.096,3.58,0.766,0.094,-0.705,0.893,inconclusive,1.818,2.222,3.5,0.415,-0.158,16,15,2,48.485,45.455,6.061,2026-10-08T20:02:33Z
target_month,2026-06,mean_complete_stations,Média das estações IPMA com dia completo,primary_actual_observation,afternoon,tmin,6,D+6,4,4,insufficient,2026-06-01,2026-06-22,2026-06-07,2026-06-28,16.075,14.95,15.95,-1.125,-3.958,1.708,inconclusive,1.425,1.909,2.82,0.631,-0.125,-3.33,3.08,inconclusive,1.375,1.749,2.61,0.485,0.05,1,3,0,25,75,0,2026-06-29T12:46:53Z
target_month,2026-08,mean_complete_stations,Média das estações IPMA com dia completo,primary_actual_observation,afternoon,tmin,6,D+6,1,1,insufficient,2026-08-18,2026-08-18,2026-08-24,2026-08-24,18,14.8,14.4,-3.2,,,inconclusive,3.2,3.2,3.2,,-3.6,,,inconclusive,3.6,3.6,3.6,,-0.4,1,0,0,100,0,0,2026-08-25T09:06:02Z
target_month,2026-09,mean_complete_stations,Média das estações IPMA com dia completo,primary_actual_observation,afternoon,tmin,6,D+6,21,21,limited,2026-08-27,2026-09-24,2026-09-02,2026-09-30,17.164,15.538,17.19,-1.626,-2.395,-0.857,systematic_underforecast,1.902,2.316,3.9,0.76,0.026,-1.063,1.115,inconclusive,1.883,2.335,3.65,0.39,0.019,9,10,2,42.857,47.619,9.524,2026-10-01T15:40:49Z
target_month,2026-10,mean_complete_stations,Média das estações IPMA com dia completo,primary_actual_observation,afternoon,tmin,6,D+6,7,7,insufficient,2026-09-25,2026-10-02,2026-10-01,2026-10-08,15.579,14.914,16.529,-0.664,-1.465,0.136,inconclusive,0.85,1.041,1.44,0.9,0.95,-0.603,2.503,inconclusive,1.621,1.822,2.4,0.573,-0.771,5,2,0,71.429,28.571,0,2026-10-08T20:02:33Z
cycle_horizon,all,mean_complete_stations,Média das estações IPMA com dia completo,primary_actual_observation,afternoon,tmin,7,D+7,32,32,preliminary,2026-06-01,2026-10-01,2026-06-08,2026-10-08,16.442,15.125,17.006,-1.317,-1.997,-0.637,systematic_underforecast,1.708,2.276,4.245,0.555,0.564,-0.245,1.373,inconclusive,1.839,2.281,3.795,0.378,-0.131,17,14,1,53.125,43.75,3.125,2026-10-08T20:02:33Z
target_month,2026-06,mean_complete_stations,Média das estações IPMA com dia completo,primary_actual_observation,afternoon,tmin,7,D+7,4,4,insufficient,2026-06-01,2026-06-22,2026-06-08,2026-06-29,15.775,15.825,16.975,0.05,-0.155,0.255,inconclusive,0.1,0.122,0.17,0.999,1.2,-0.572,2.972,inconclusive,1.2,1.539,2.28,0.906,-1.1,3,0,1,75,0,25,2026-06-30T11:28:55Z
target_month,2026-08,mean_complete_stations,Média das estações IPMA com dia completo,primary_actual_observation,afternoon,tmin,7,D+7,1,1,insufficient,2026-08-18,2026-08-18,2026-08-25,2026-08-25,18.35,14.1,14.3,-4.25,,,inconclusive,4.25,4.25,4.25,,-4.05,,,inconclusive,4.05,4.05,4.05,,0.2,0,1,0,0,100,0,2026-08-26T09:08:46Z
target_month,2026-09,mean_complete_stations,Média das estações IPMA com dia completo,primary_actual_observation,afternoon,tmin,7,D+7,20,20,limited,2026-08-27,2026-09-23,2026-09-03,2026-09-30,16.782,15.24,17.37,-1.542,-2.449,-0.636,systematic_underforecast,1.987,2.437,4.21,0.593,0.588,-0.531,1.706,inconclusive,1.957,2.403,3.855,0.361,0.03,10,10,0,50,50,0,2026-10-01T15:40:49Z
target_month,2026-10,mean_complete_stations,Média das estações IPMA com dia completo,primary_actual_observation,afternoon,tmin,7,D+7,7,7,insufficient,2026-09-24,2026-10-01,2026-10-01,2026-10-08,15.579,14.543,16.371,-1.036,-2.781,0.71,inconclusive,1.464,2.031,3.07,0.448,0.793,-0.925,2.511,inconclusive,1.55,1.894,2.6,0.526,-0.086,4,3,0,57.143,42.857,0,2026-10-08T20:02:33Z
cycle_horizon,all,mean_complete_stations,Média das estações IPMA com dia completo,primary_actual_observation,afternoon,tmin,8,D+8,30,30,preliminary,2026-06-01,2026-09-30,2026-06-09,2026-10-08,16.232,15.07,16.303,-1.162,-1.951,-0.373,systematic_underforecast,1.855,2.38,4.14,0.456,0.072,-0.842,0.985,inconclusive,1.822,2.406,3.5,0.392,0.033,15,14,1,50,46.667,3.333,2026-10-08T20:02:33Z
target_month,2026-06,mean_complete_stations,Média das estações IPMA com dia completo,primary_actual_observation,afternoon,tmin,8,D+8,4,4,insufficient,2026-06-01,2026-06-22,2026-06-09,2026-06-30,15.975,16.55,17.725,0.575,-0.802,1.952,inconclusive,0.675,0.945,1.41,0.98,1.75,-0.015,3.515,inconclusive,1.75,1.996,2.75,0.893,-1.075,4,0,0,100,0,0,2026-07-01T11:39:31Z
target_month,2026-09,mean_complete_stations,Média das estações IPMA com dia completo,primary_actual_observation,afternoon,tmin,8,D+8,19,19,limited,2026-08-27,2026-09-22,2026-09-04,2026-09-30,16.526,15.068,16.705,-1.458,-2.504,-0.412,systematic_underforecast,2.053,2.567,4.18,0.495,0.179,-1.14,1.498,inconclusive,2.037,2.67,3.95,0.218,0.016,9,9,1,47.368,47.368,5.263,2026-10-01T15:40:49Z
target_month,2026-10,mean_complete_stations,Média das estações IPMA com dia completo,primary_actual_observation,afternoon,tmin,8,D+8,7,7,insufficient,2026-09-23,2026-09-30,2026-10-01,2026-10-08,15.579,14.229,14.4,-1.35,-3.363,0.663,inconclusive,1.993,2.425,3.8,0.21,-1.179,-2.513,0.156,inconclusive,1.279,1.782,3.11,0.737,0.714,2,5,0,28.571,71.429,0,2026-10-08T20:02:33Z
cycle_horizon,all,mean_complete_stations,Média das estações IPMA com dia completo,primary_actual_observation,afternoon,tmin,9,D+9,30,30,preliminary,2026-06-01,2026-09-29,2026-06-10,2026-10-08,15.975,15.07,16.317,-0.905,-1.704,-0.106,systematic_underforecast,1.825,2.291,4.1,0.299,0.342,-0.658,1.342,inconclusive,2.175,2.655,4.315,0.271,-0.35,18,11,1,60,36.667,3.333,2026-10-08T20:02:33Z
target_month,2026-06,mean_complete_stations,Média das estações IPMA com dia completo,primary_actual_observation,afternoon,tmin,9,D+9,3,3,insufficient,2026-06-01,2026-06-16,2026-06-10,2026-06-25,16.167,17.033,18.4,0.867,-5.27,7.004,inconclusive,1.8,2.195,3.08,0.858,2.233,-8.231,12.697,inconclusive,3.233,4.101,5.74,-0.572,-1.433,3,0,0,100,0,0,2026-06-26T11:24:44Z
target_month,2026-07,mean_complete_stations,Média das estações IPMA com dia completo,primary_actual_observation,afternoon,tmin,9,D+9,1,1,insufficient,2026-06-22,2026-06-22,2026-07-01,2026-07-01,16.4,17.5,18.4,1.1,,,inconclusive,1.1,1.1,1.1,,2,,,inconclusive,2,2,2,,-0.9,1,0,0,100,0,0,2026-07-02T11:08:18Z
target_month,2026-08,mean_complete_stations,Média das estações IPMA com dia completo,primary_actual_observation,afternoon,tmin,9,D+9,1,1,insufficient,2026-08-18,2026-08-18,2026-08-27,2026-08-27,14.3,13.9,14.6,-0.4,,,inconclusive,0.4,0.4,0.4,,0.3,,,inconclusive,0.3,0.3,0.3,,0.1,0,1,0,0,100,0,2026-08-27T23:52:07Z
target_month,2026-09,mean_complete_stations,Média das estações IPMA com dia completo,primary_actual_observation,afternoon,tmin,9,D+9,18,18,limited,2026-08-27,2026-09-21,2026-09-05,2026-09-30,16.167,15.05,16.539,-1.117,-2.134,-0.099,systematic_underforecast,1.794,2.281,4.03,0.315,0.372,-0.72,1.465,inconclusive,1.872,2.167,3.305,0.506,-0.078,8,9,1,44.444,50,5.556,2026-10-01T15:40:49Z
target_month,2026-10,mean_complete_stations,Média das estações IPMA com dia completo,primary_actual_observation,afternoon,tmin,9,D+9,7,7,insufficient,2026-09-22,2026-09-29,2026-10-01,2026-10-08,15.579,14.1,14.8,-1.479,-3.638,0.681,inconclusive,2.221,2.619,4.2,-0.117,-0.779,-3.897,2.339,inconclusive,2.793,3.217,4.96,-0.351,-0.571,6,1,0,85.714,14.286,0,2026-10-08T20:02:33Z
cycle_horizon,all,mean_complete_stations,Média das estações IPMA com dia completo,primary_actual_observation,morning,tmin,0,D+0,39,39,preliminary,2026-05-30,2026-09-19,2026-05-30,2026-09-19,17.312,16.292,17.844,-1.019,-1.375,-0.664,systematic_underforecast,1.078,1.487,2.35,0.94,0.532,0.102,0.962,systematic_overforecast,1.132,1.415,2.26,0.865,-0.054,22,16,1,56.41,41.026,2.564,2026-09-20T13:07:39Z
target_month,2026-05,mean_complete_stations,Média das estações IPMA com dia completo,primary_actual_observation,morning,tmin,0,D+0,1,1,insufficient,2026-05-30,2026-05-30,2026-05-30,2026-05-30,15.9,15.7,16.8,-0.2,,,inconclusive,0.2,0.2,0.2,,0.9,,,inconclusive,0.9,0.9,0.9,,-0.7,1,0,0,100,0,0,2026-05-31T10:31:32Z
target_month,2026-06,mean_complete_stations,Média das estações IPMA com dia completo,primary_actual_observation,morning,tmin,0,D+0,11,11,limited,2026-06-08,2026-06-30,2026-06-08,2026-06-30,15.736,14.845,16.2,-0.891,-1.542,-0.24,systematic_underforecast,0.891,1.283,1.7,0.978,0.464,-0.614,1.542,inconclusive,1.227,1.599,1.5,0.901,-0.336,7,4,0,63.636,36.364,0,2026-07-01T11:39:31Z
target_month,2026-07,mean_complete_stations,Média das estações IPMA com dia completo,primary_actual_observation,morning,tmin,0,D+0,11,11,limited,2026-07-01,2026-07-30,2026-07-01,2026-07-30,17.723,16.873,18.618,-0.85,-1.778,0.078,inconclusive,1.041,1.567,1.55,0.917,0.895,-0.032,1.823,inconclusive,1.323,1.592,2.2,0.877,-0.282,6,4,1,54.545,36.364,9.091,2026-07-31T11:05:10Z
target_month,2026-08,mean_complete_stations,Média das estações IPMA com dia completo,primary_actual_observation,morning,tmin,0,D+0,8,8,insufficient,2026-08-03,2026-08-29,2026-08-03,2026-08-29,18.531,17.2,18.938,-1.331,-2.226,-0.437,systematic_underforecast,1.331,1.665,2.79,0.918,0.406,-0.225,1.037,inconclusive,0.756,0.815,1.055,0.945,0.575,3,5,0,37.5,62.5,0,2026-08-30T13:53:39Z
target_month,2026-09,mean_complete_stations,Média das estações IPMA com dia completo,primary_actual_observation,morning,tmin,0,D+0,8,8,insufficient,2026-09-03,2026-09-19,2026-09-03,2026-09-19,17.869,16.65,18.075,-1.219,-2.051,-0.386,systematic_underforecast,1.244,1.534,2.3,0.925,0.206,-1.041,1.454,inconclusive,1.144,1.411,2.5,0.674,0.1,5,3,0,62.5,37.5,0,2026-09-20T13:07:39Z
cycle_horizon,all,mean_complete_stations,Média das estações IPMA com dia completo,primary_actual_observation,morning,tmin,1,D+1,40,40,preliminary,2026-06-09,2026-09-19,2026-06-10,2026-09-20,17.856,16.585,18.055,-1.271,-1.667,-0.875,systematic_underforecast,1.404,1.764,3.105,0.897,0.199,-0.314,0.712,inconclusive,1.276,1.596,2.41,0.755,0.127,17,20,3,42.5,50,7.5,2026-09-21T15:13:21Z
target_month,2026-06,mean_complete_stations,Média das estações IPMA com dia completo,primary_actual_observation,morning,tmin,1,D+1,11,11,limited,2026-06-09,2026-06-29,2026-06-10,2026-06-30,16.982,15.818,16.709,-1.164,-1.885,-0.442,systematic_underforecast,1.164,1.55,1.8,0.948,-0.273,-1.687,1.141,inconclusive,1.527,2.025,2.4,0.629,-0.364,6,4,1,54.545,36.364,9.091,2026-07-01T11:39:31Z
target_month,2026-07,mean_complete_stations,Média das estações IPMA com dia completo,primary_actual_observation,morning,tmin,1,D+1,10,10,limited,2026-07-01,2026-07-27,2026-07-02,2026-07-28,18.12,16.76,18.49,-1.36,-2.209,-0.511,systematic_underforecast,1.47,1.765,2.12,0.916,0.37,-0.614,1.354,inconclusive,1.17,1.357,1.96,0.869,0.3,4,5,1,40,50,10,2026-07-29T11:00:40Z
target_month,2026-08,mean_complete_stations,Média das estações IPMA com dia completo,primary_actual_observation,morning,tmin,1,D+1,11,11,limited,2026-08-02,2026-08-29,2026-08-03,2026-08-30,18.009,16.955,18.9,-1.055,-1.891,-0.218,systematic_underforecast,1.327,1.588,2.85,0.88,0.891,0.279,1.503,systematic_overforecast,0.991,1.244,1.9,0.905,0.336,3,8,0,27.273,72.727,0,2026-08-31T16:15:47Z
target_month,2026-09,mean_complete_stations,Média das estações IPMA com dia completo,primary_actual_observation,morning,tmin,1,D+1,8,8,insufficient,2026-09-03,2026-09-19,2026-09-04,2026-09-20,18.519,16.913,18.2,-1.606,-2.963,-0.249,systematic_underforecast,1.756,2.21,3.66,0.849,-0.319,-1.752,1.114,inconclusive,1.456,1.635,2.3,0.724,0.3,4,3,1,50,37.5,12.5,2026-09-21T15:13:21Z
cycle_horizon,all,mean_complete_stations,Média das estações IPMA com dia completo,primary_actual_observation,morning,tmin,2,D+2,36,36,preliminary,2026-05-30,2026-09-19,2026-06-01,2026-09-21,17.501,16.142,17.683,-1.36,-1.742,-0.978,systematic_underforecast,1.429,1.757,3.2,0.96,0.182,-0.447,0.811,inconclusive,1.39,1.843,3.025,0.749,0.039,14,22,0,38.889,61.111,0,2026-09-22T13:31:58Z
target_month,2026-06,mean_complete_stations,Média das estações IPMA com dia completo,primary_actual_observation,morning,tmin,2,D+2,12,12,limited,2026-05-30,2026-06-27,2026-06-01,2026-06-29,16.542,15.483,16.55,-1.058,-1.676,-0.441,systematic_underforecast,1.175,1.409,1.67,0.972,0.008,-1.106,1.123,inconclusive,1.092,1.679,2.21,0.769,0.083,4,8,0,33.333,66.667,0,2026-06-30T11:28:55Z
target_month,2026-07,mean_complete_stations,Média das estações IPMA com dia completo,primary_actual_observation,morning,tmin,2,D+2,7,7,insufficient,2026-06-29,2026-07-27,2026-07-01,2026-07-29,18.6,16.986,18.686,-1.614,-2.953,-0.275,systematic_underforecast,1.729,2.098,2.96,0.965,0.086,-1.749,1.92,inconclusive,1.3,1.839,3.16,0.892,0.429,1,6,0,14.286,85.714,0,2026-07-30T10:37:22Z
target_month,2026-08,mean_complete_stations,Média das estações IPMA com dia completo,primary_actual_observation,morning,tmin,2,D+2,9,9,insufficient,2026-08-03,2026-08-29,2026-08-05,2026-08-31,17.272,16.167,18.367,-1.106,-1.783,-0.428,systematic_underforecast,1.139,1.383,1.99,0.829,1.094,0.281,1.908,systematic_overforecast,1.306,1.481,2.04,0.715,-0.167,5,4,0,55.556,44.444,0,2026-09-01T13:35:24Z
target_month,2026-09,mean_complete_stations,Média das estações IPMA com dia completo,primary_actual_observation,morning,tmin,2,D+2,8,8,insufficient,2026-09-03,2026-09-19,2026-09-05,2026-09-21,18.238,16.363,17.738,-1.875,-2.93,-0.82,systematic_underforecast,1.875,2.216,3.245,0.984,-0.5,-2.574,1.574,inconclusive,2.013,2.374,3.535,0.736,-0.138,4,4,0,50,50,0,2026-09-22T13:31:58Z
cycle_horizon,all,mean_complete_stations,Média das estações IPMA com dia completo,primary_actual_observation,morning,tmin,3,D+3,36,36,preliminary,2026-05-30,2026-09-19,2026-06-02,2026-09-22,17.197,16.444,17.914,-0.753,-1.109,-0.397,systematic_underforecast,1.072,1.282,1.9,0.882,0.717,0.264,1.169,systematic_overforecast,1.239,1.5,2.575,0.801,-0.167,17,17,2,47.222,47.222,5.556,2026-09-23T13:45:43Z
target_month,2026-06,mean_complete_stations,Média das estações IPMA com dia completo,primary_actual_observation,morning,tmin,3,D+3,11,11,limited,2026-05-30,2026-06-26,2026-06-02,2026-06-29,16.818,15.927,16.873,-0.891,-1.381,-0.4,systematic_underforecast,0.964,1.131,1.7,0.932,0.055,-0.774,0.884,inconclusive,0.945,1.178,1.3,0.654,0.018,4,6,1,36.364,54.545,9.091,2026-06-30T11:28:55Z
target_month,2026-07,mean_complete_stations,Média das estações IPMA com dia completo,primary_actual_observation,morning,tmin,3,D+3,8,8,insufficient,2026-06-29,2026-07-27,2026-07-02,2026-07-30,18.538,17.637,19.188,-0.9,-2.213,0.413,inconclusive,1.45,1.723,2.29,0.852,0.65,-0.326,1.626,inconclusive,1.025,1.271,2.095,0.919,0.425,3,5,0,37.5,62.5,0,2026-07-31T11:05:10Z
target_month,2026-08,mean_complete_stations,Média das estações IPMA com dia completo,primary_actual_observation,morning,tmin,3,D+3,8,8,insufficient,2026-08-03,2026-08-28,2026-08-06,2026-08-31,17.219,16.65,18.85,-0.569,-1.449,0.312,inconclusive,0.956,1.138,1.605,0.926,1.631,0.72,2.542,systematic_overforecast,1.631,1.924,2.83,0.908,-0.675,5,2,1,62.5,25,12.5,2026-09-01T13:35:24Z
target_month,2026-09,mean_complete_stations,Média das estações IPMA com dia completo,primary_actual_observation,morning,tmin,3,D+3,9,9,insufficient,2026-08-29,2026-09-19,2026-09-01,2026-09-22,16.45,15.833,17.222,-0.617,-1.366,0.132,inconclusive,0.972,1.106,1.66,0.879,0.772,-0.377,1.922,inconclusive,1.439,1.608,2.54,0.463,-0.467,5,4,0,55.556,44.444,0,2026-09-23T13:45:43Z
cycle_horizon,all,mean_complete_stations,Média das estações IPMA com dia completo,primary_actual_observation,morning,tmin,4,D+4,28,28,limited,2026-05-30,2026-09-19,2026-06-03,2026-09-23,16.825,16.132,17.85,-0.693,-1.126,-0.26,systematic_underforecast,0.939,1.297,1.81,0.897,1.025,0.405,1.645,systematic_overforecast,1.621,1.876,3.065,0.759,-0.682,19,8,1,67.857,28.571,3.571,2026-09-24T13:40:48Z
target_month,2026-06,mean_complete_stations,Média das estações IPMA com dia completo,primary_actual_observation,morning,tmin,4,D+4,9,9,insufficient,2026-05-30,2026-06-23,2026-06-03,2026-06-27,16.833,16.178,17.078,-0.656,-1.233,-0.078,systematic_underforecast,0.878,0.966,1.44,0.849,0.244,-0.65,1.139,inconclusive,1,1.124,1.5,0.658,-0.122,5,3,1,55.556,33.333,11.111,2026-06-28T10:40:55Z
target_month,2026-07,mean_complete_stations,Média das estações IPMA com dia completo,primary_actual_observation,morning,tmin,4,D+4,5,5,insufficient,2026-06-29,2026-07-27,2026-07-03,2026-07-31,19.59,18.32,19.62,-1.27,-3.716,1.176,inconclusive,1.47,2.172,3.42,0.903,0.03,-2.321,2.381,inconclusive,1.55,1.694,2.3,0.947,-0.08,3,2,0,60,40,0,2026-08-01T10:14:45Z
target_month,2026-08,mean_complete_stations,Média das estações IPMA com dia completo,primary_actual_observation,morning,tmin,4,D+4,4,4,insufficient,2026-08-03,2026-08-26,2026-08-07,2026-08-30,16.488,16.025,18.425,-0.463,-2.09,1.165,inconclusive,0.813,0.999,1.465,0.691,1.938,-0.026,3.901,inconclusive,1.938,2.213,3.04,0.504,-1.125,3,1,0,75,25,0,2026-08-31T16:15:47Z
target_month,2026-09,mean_complete_stations,Média das estações IPMA com dia completo,primary_actual_observation,morning,tmin,4,D+4,10,10,limited,2026-08-28,2026-09-19,2026-09-01,2026-09-23,15.57,15.04,17.43,-0.53,-1.217,0.157,inconclusive,0.78,1.055,1.81,0.748,1.86,0.831,2.889,systematic_overforecast,2.09,2.307,3.41,0.438,-1.31,8,2,0,80,20,0,2026-09-24T13:40:48Z
cycle_horizon,all,mean_complete_stations,Média das estações IPMA com dia completo,primary_actual_observation,morning,tmin,5,D+5,93,93,more_stable,2026-05-29,2026-09-19,2026-06-03,2026-09-24,17.3,16.181,17.949,-1.119,-1.402,-0.837,systematic_underforecast,1.391,1.766,2.66,0.85,0.649,0.292,1.007,systematic_overforecast,1.424,1.843,2.9,0.732,-0.032,43,47,3,46.237,50.538,3.226,2026-09-25T13:59:55Z
target_month,2026-06,mean_complete_stations,Média das estações IPMA com dia completo,primary_actual_observation,morning,tmin,5,D+5,22,22,limited,2026-05-29,2026-06-25,2026-06-03,2026-06-30,16.195,15.214,16.382,-0.982,-1.735,-0.229,systematic_underforecast,1.282,1.928,2.68,0.812,0.186,-0.771,1.144,inconclusive,1.45,2.117,3.32,0.631,-0.168,14,8,0,63.636,36.364,0,2026-07-01T11:39:31Z
target_month,2026-07,mean_complete_stations,Média das estações IPMA com dia completo,primary_actual_observation,morning,tmin,5,D+5,31,31,preliminary,2026-06-26,2026-07-26,2026-07-01,2026-07-31,18.04,16.81,18.735,-1.231,-1.753,-0.708,systematic_underforecast,1.55,1.864,2.5,0.822,0.695,0.134,1.256,systematic_overforecast,1.376,1.658,2.7,0.782,0.174,13,17,1,41.935,54.839,3.226,2026-08-01T10:14:45Z
target_month,2026-08,mean_complete_stations,Média das estações IPMA com dia completo,primary_actual_observation,morning,tmin,5,D+5,30,30,preliminary,2026-07-27,2026-08-26,2026-08-01,2026-08-31,17.858,16.557,18.67,-1.302,-1.698,-0.905,systematic_underforecast,1.468,1.669,2.23,0.842,0.812,0.259,1.364,systematic_overforecast,1.318,1.666,2.85,0.721,0.15,10,20,0,33.333,66.667,0,2026-09-01T13:35:24Z
target_month,2026-09,mean_complete_stations,Média das estações IPMA com dia completo,primary_actual_observation,morning,tmin,5,D+5,10,10,limited,2026-08-28,2026-09-19,2026-09-02,2026-09-24,15.76,15.23,16.8,-0.53,-1.422,0.362,inconclusive,0.91,1.296,1.34,0.881,1.04,-0.432,2.512,inconclusive,1.83,2.212,3.175,0.474,-0.92,6,2,2,60,20,20,2026-09-25T13:59:55Z
cycle_horizon,all,mean_complete_stations,Média das estações IPMA com dia completo,primary_actual_observation,morning,tmin,6,D+6,93,93,more_stable,2026-05-29,2026-09-19,2026-06-04,2026-09-25,17.335,16.18,18.089,-1.155,-1.484,-0.826,systematic_underforecast,1.489,1.965,2.79,0.758,0.754,0.33,1.179,systematic_overforecast,1.661,2.185,3.56,0.604,-0.172,45,47,1,48.387,50.538,1.075,2026-09-26T13:16:04Z
target_month,2026-06,mean_complete_stations,Média das estações IPMA com dia completo,primary_actual_observation,morning,tmin,6,D+6,21,21,limited,2026-05-29,2026-06-24,2026-06-04,2026-06-30,16.305,15.286,16.562,-1.019,-1.925,-0.113,systematic_underforecast,1.438,2.193,2.8,0.668,0.257,-0.901,1.415,inconclusive,1.629,2.495,3.4,0.457,-0.19,9,11,1,42.857,52.381,4.762,2026-07-01T11:39:31Z
target_month,2026-07,mean_complete_stations,Média das estações IPMA com dia completo,primary_actual_observation,morning,tmin,6,D+6,31,31,preliminary,2026-06-25,2026-07-25,2026-07-01,2026-07-31,18.04,16.861,18.855,-1.179,-1.723,-0.635,systematic_underforecast,1.427,1.876,2.5,0.82,0.815,0.118,1.511,systematic_overforecast,1.569,2.037,2.9,0.646,-0.142,16,15,0,51.613,48.387,0,2026-08-01T10:14:45Z
target_month,2026-08,mean_complete_stations,Média das estações IPMA com dia completo,primary_actual_observation,morning,tmin,6,D+6,30,30,preliminary,2026-07-26,2026-08-25,2026-08-01,2026-08-31,17.858,16.31,18.63,-1.548,-2.084,-1.013,systematic_underforecast,1.772,2.094,3.215,0.664,0.772,0.06,1.484,systematic_overforecast,1.708,2.027,3.195,0.54,0.063,12,18,0,40,60,0,2026-09-01T13:35:24Z
target_month,2026-09,mean_complete_stations,Média das estações IPMA com dia completo,primary_actual_observation,morning,tmin,6,D+6,11,11,limited,2026-08-26,2026-09-19,2026-09-01,2026-09-25,15.886,15.609,17.373,-0.277,-1.14,0.586,inconclusive,0.986,1.256,1.85,0.789,1.486,0.194,2.779,systematic_overforecast,1.85,2.361,3.75,0.532,-0.864,8,3,0,72.727,27.273,0,2026-09-26T13:16:04Z
cycle_horizon,all,mean_complete_stations,Média das estações IPMA com dia completo,primary_actual_observation,morning,tmin,7,D+7,93,93,more_stable,2026-05-29,2026-09-19,2026-06-05,2026-09-26,17.462,16.131,17.678,-1.331,-1.709,-0.952,systematic_underforecast,1.761,2.262,3.19,0.683,0.217,-0.204,0.638,inconclusive,1.519,2.045,3.1,0.61,0.242,31,62,0,33.333,66.667,0,2026-09-27T14:09:28Z
target_month,2026-06,mean_complete_stations,Média das estações IPMA com dia completo,primary_actual_observation,morning,tmin,7,D+7,20,20,limited,2026-05-29,2026-06-23,2026-06-05,2026-06-30,16.24,15.245,16.35,-0.995,-2.07,0.08,inconclusive,1.665,2.449,2.93,0.613,0.11,-1.139,1.359,inconclusive,1.81,2.604,3.2,0.434,-0.145,8,12,0,40,60,0,2026-07-01T11:39:31Z
target_month,2026-07,mean_complete_stations,Média das estações IPMA com dia completo,primary_actual_observation,morning,tmin,7,D+7,31,31,preliminary,2026-06-24,2026-07-24,2026-07-01,2026-07-31,18.04,16.865,18.539,-1.176,-1.807,-0.544,systematic_underforecast,1.573,2.061,2.45,0.723,0.498,-0.197,1.194,inconclusive,1.55,1.93,3.1,0.637,0.023,13,18,0,41.935,58.065,0,2026-08-01T10:14:45Z
target_month,2026-08,mean_complete_stations,Média das estações IPMA com dia completo,primary_actual_observation,morning,tmin,7,D+7,30,30,preliminary,2026-07-25,2026-08-24,2026-08-01,2026-08-31,17.858,16.193,17.957,-1.665,-2.228,-1.102,systematic_underforecast,1.932,2.229,3.075,0.618,0.098,-0.582,0.779,inconclusive,1.322,1.794,2.745,0.542,0.61,7,23,0,23.333,76.667,0,2026-09-01T13:35:24Z
target_month,2026-09,mean_complete_stations,Média das estações IPMA com dia completo,primary_actual_observation,morning,tmin,7,D+7,12,12,limited,2026-08-25,2026-09-19,2026-09-01,2026-09-26,17.012,15.558,16.975,-1.454,-2.803,-0.105,systematic_underforecast,1.979,2.499,4.32,0.659,-0.038,-1.27,1.195,inconclusive,1.446,1.858,2.99,0.721,0.533,3,9,0,25,75,0,2026-09-27T14:09:28Z
cycle_horizon,all,mean_complete_stations,Média das estações IPMA com dia completo,primary_actual_observation,morning,tmin,8,D+8,93,93,more_stable,2026-05-29,2026-09-19,2026-06-06,2026-09-27,17.534,16.2,17.54,-1.334,-1.697,-0.972,systematic_underforecast,1.765,2.202,3.66,0.632,0.005,-0.496,0.506,inconclusive,1.801,2.419,3.64,0.478,-0.037,45,47,1,48.387,50.538,1.075,2026-09-28T16:51:47Z
target_month,2026-06,mean_complete_stations,Média das estações IPMA com dia completo,primary_actual_observation,morning,tmin,8,D+8,19,19,limited,2026-05-29,2026-06-21,2026-06-06,2026-06-29,16.126,15.232,17.005,-0.895,-1.644,-0.145,systematic_underforecast,1.411,1.759,2.68,0.67,0.879,-0.173,1.931,inconclusive,1.626,2.299,3.94,0.533,-0.216,12,7,0,63.158,36.842,0,2026-06-30T11:28:55Z
target_month,2026-07,mean_complete_stations,Média das estações IPMA com dia completo,primary_actual_observation,morning,tmin,8,D+8,31,31,preliminary,2026-06-23,2026-07-23,2026-07-01,2026-07-31,18.04,16.958,18.584,-1.082,-1.716,-0.449,systematic_underforecast,1.537,2.014,2.95,0.727,0.544,-0.445,1.532,inconclusive,1.882,2.707,3.7,0.521,-0.345,15,16,0,48.387,51.613,0,2026-08-01T10:14:45Z
target_month,2026-08,mean_complete_stations,Média das estações IPMA com dia completo,primary_actual_observation,morning,tmin,8,D+8,30,30,preliminary,2026-07-24,2026-08-23,2026-08-01,2026-08-31,17.858,16.267,17.117,-1.592,-2.213,-0.97,systematic_underforecast,1.985,2.283,3.385,0.503,-0.742,-1.478,-0.005,systematic_underforecast,1.632,2.077,3.56,0.427,0.353,12,17,1,40,56.667,3.333,2026-09-01T13:35:24Z
target_month,2026-09,mean_complete_stations,Média das estações IPMA com dia completo,primary_actual_observation,morning,tmin,8,D+8,13,13,limited,2026-08-24,2026-09-19,2026-09-01,2026-09-27,17.638,15.654,16.808,-1.985,-3.322,-0.647,systematic_underforecast,2.315,2.909,4.64,0.312,-0.831,-2.375,0.713,inconclusive,2.254,2.592,3.6,0.318,0.062,6,7,0,46.154,53.846,0,2026-09-28T16:51:47Z
cycle_horizon,all,mean_complete_stations,Média das estações IPMA com dia completo,primary_actual_observation,morning,tmin,9,D+9,88,88,more_stable,2026-05-29,2026-09-19,2026-06-07,2026-09-28,17.699,16.32,17.976,-1.378,-1.775,-0.982,systematic_underforecast,1.755,2.314,3.395,0.59,0.277,-0.35,0.905,inconclusive,2.05,2.958,4.28,0.408,-0.295,42,45,1,47.727,51.136,1.136,2026-09-29T14:56:00Z
target_month,2026-06,mean_complete_stations,Média das estações IPMA com dia completo,primary_actual_observation,morning,tmin,9,D+9,18,18,limited,2026-05-29,2026-06-21,2026-06-07,2026-06-30,16.583,15.472,17.111,-1.111,-2.059,-0.164,systematic_underforecast,1.289,2.159,2.34,0.559,0.528,-0.918,1.973,inconclusive,1.894,2.873,3.59,0.432,-0.606,10,8,0,55.556,44.444,0,2026-07-01T11:39:31Z
target_month,2026-07,mean_complete_stations,Média das estações IPMA com dia completo,primary_actual_observation,morning,tmin,9,D+9,30,30,preliminary,2026-06-23,2026-07-22,2026-07-02,2026-07-31,18.095,17.04,19.21,-1.055,-1.706,-0.404,systematic_underforecast,1.555,2.012,2.87,0.736,1.115,-0.204,2.434,inconclusive,2.332,3.648,6.575,0.359,-0.777,15,14,1,50,46.667,3.333,2026-08-01T10:14:45Z
target_month,2026-08,mean_complete_stations,Média das estações IPMA com dia completo,primary_actual_observation,morning,tmin,9,D+9,29,29,limited,2026-07-23,2026-08-22,2026-08-01,2026-08-31,17.981,16.348,17.428,-1.633,-2.267,-0.998,systematic_underforecast,2.012,2.314,3.53,0.429,-0.553,-1.407,0.301,inconclusive,1.902,2.274,3.77,0.45,0.11,13,16,0,44.828,55.172,0,2026-09-01T13:35:24Z
target_month,2026-09,mean_complete_stations,Média das estações IPMA com dia completo,primary_actual_observation,morning,tmin,9,D+9,11,11,limited,2026-08-23,2026-09-19,2026-09-01,2026-09-28,17.7,15.673,17.473,-2.027,-3.746,-0.308,systematic_underforecast,2.382,3.172,5.4,0.383,-0.227,-2.021,1.567,inconclusive,1.927,2.556,4.7,0.416,0.455,4,7,0,36.364,63.636,0,2026-09-29T14:56:00Z
cycle_horizon,all,operational_station_fallback,Fallback operacional Pedras Rubras/S. Gens,operational_reference_with_incomplete_days,afternoon,tmax,0,D+0,94,65,more_stable,2026-05-29,2026-10-07,2026-05-29,2026-10-07,24.4,22.203,22.854,-2.197,-2.539,-1.855,systematic_underforecast,2.377,2.755,4.235,0.927,-1.546,-1.838,-1.253,systematic_underforecast,1.816,2.099,3.525,0.926,0.561,24,66,4,25.532,70.213,4.255,2026-10-08T15:45:58Z
observed_tmax_band,25-29.9,operational_station_fallback,Fallback operacional Pedras Rubras/S. Gens,operational_reference_with_incomplete_days,afternoon,tmax,0,D+0,29,25,limited,2026-06-11,2026-10-05,2026-06-11,2026-10-05,26.243,23.003,24.031,-3.24,-3.651,-2.829,systematic_underforecast,3.267,3.409,4.31,0.602,-2.212,-2.801,-1.624,systematic_underforecast,2.522,2.684,3.66,0.42,0.745,5,24,0,17.241,82.759,0,2026-10-06T15:20:59Z
observed_tmax_band,<25,operational_station_fallback,Fallback operacional Pedras Rubras/S. Gens,operational_reference_with_incomplete_days,afternoon,tmax,0,D+0,57,35,preliminary,2026-05-29,2026-10-07,2026-05-29,2026-10-07,22.175,20.854,21.093,-1.32,-1.673,-0.967,systematic_underforecast,1.603,1.866,2.79,0.739,-1.082,-1.375,-0.788,systematic_underforecast,1.369,1.539,2.2,0.822,0.233,19,34,4,33.333,59.649,7.018,2026-10-08T15:45:58Z
observed_tmax_band,>=30,operational_station_fallback,Fallback operacional Pedras Rubras/S. Gens,operational_reference_with_incomplete_days,afternoon,tmax,0,D+0,8,5,insufficient,2026-07-03,2026-09-22,2026-07-03,2026-09-22,33.575,28.913,31.137,-4.663,-5.274,-4.051,systematic_underforecast,4.663,4.712,5.56,0.922,-2.438,-3.944,-0.931,systematic_underforecast,2.438,2.963,4.415,0.851,2.225,0,8,0,0,100,0,2026-09-23T13:45:43Z
target_month,2026-05,operational_station_fallback,Fallback operacional Pedras Rubras/S. Gens,operational_reference_with_incomplete_days,afternoon,tmax,0,D+0,2,0,insufficient,2026-05-29,2026-05-31,2026-05-29,2026-05-31,20.425,20.6,20.65,0.175,-0.778,1.128,inconclusive,0.175,0.19,0.235,,0.225,-6.446,6.896,inconclusive,0.525,0.571,0.705,,-0.35,2,0,0,100,0,0,2026-06-01T14:38:04Z
target_month,2026-06,operational_station_fallback,Fallback operacional Pedras Rubras/S. Gens,operational_reference_with_incomplete_days,afternoon,tmax,0,D+0,18,0,limited,2026-06-01,2026-06-28,2026-06-01,2026-06-28,21.089,20.756,20.944,-0.333,-0.939,0.272,inconclusive,0.95,1.229,1.76,0.885,-0.144,-1.002,0.714,inconclusive,1.278,1.683,2.62,0.802,-0.328,10,7,1,55.556,38.889,5.556,2026-06-29T12:46:53Z
target_month,2026-07,operational_station_fallback,Fallback operacional Pedras Rubras/S. Gens,operational_reference_with_incomplete_days,afternoon,tmax,0,D+0,20,14,limited,2026-07-03,2026-07-31,2026-07-03,2026-07-31,25.657,22.575,23.63,-3.083,-3.706,-2.459,systematic_underforecast,3.113,3.344,4.47,0.975,-2.028,-2.541,-1.514,systematic_underforecast,2.108,2.292,2.9,0.966,1.005,1,18,1,5,90,5,2026-08-01T10:14:45Z
target_month,2026-08,operational_station_fallback,Fallback operacional Pedras Rubras/S. Gens,operational_reference_with_incomplete_days,afternoon,tmax,0,D+0,25,23,limited,2026-08-01,2026-08-31,2026-08-01,2026-08-31,24.774,22.304,22.624,-2.47,-3.095,-1.845,systematic_underforecast,2.65,2.881,4.04,0.814,-2.15,-2.562,-1.738,systematic_underforecast,2.194,2.362,3.63,0.941,0.456,5,20,0,20,80,0,2026-09-01T13:35:24Z
target_month,2026-09,operational_station_fallback,Fallback operacional Pedras Rubras/S. Gens,operational_reference_with_incomplete_days,afternoon,tmax,0,D+0,22,22,limited,2026-09-01,2026-09-30,2026-09-01,2026-09-30,25.905,23.136,24.036,-2.768,-3.304,-2.233,systematic_underforecast,2.768,3.009,4.34,0.973,-1.868,-2.403,-1.333,systematic_underforecast,1.905,2.209,3.62,0.956,0.864,3,17,2,13.636,77.273,9.091,2026-10-01T15:40:49Z
target_month,2026-10,operational_station_fallback,Fallback operacional Pedras Rubras/S. Gens,operational_reference_with_incomplete_days,afternoon,tmax,0,D+0,7,6,insufficient,2026-10-01,2026-10-07,2026-10-01,2026-10-07,24.393,22.029,23.286,-2.364,-3.896,-0.833,systematic_underforecast,2.364,2.818,4.31,0.892,-1.107,-1.666,-0.549,systematic_underforecast,1.107,1.24,1.84,0.98,1.257,3,4,0,42.857,57.143,0,2026-10-08T15:45:58Z
cycle_horizon,all,operational_station_fallback,Fallback operacional Pedras Rubras/S. Gens,operational_reference_with_incomplete_days,afternoon,tmax,1,D+1,92,65,more_stable,2026-05-29,2026-10-06,2026-05-30,2026-10-07,24.342,22.037,22.735,-2.305,-2.669,-1.941,systematic_underforecast,2.491,2.893,4.34,0.899,-1.607,-1.896,-1.318,systematic_underforecast,1.846,2.122,3.15,0.928,0.645,22,65,5,23.913,70.652,5.435,2026-10-08T15:45:58Z
observed_tmax_band,25-29.9,operational_station_fallback,Fallback operacional Pedras Rubras/S. Gens,operational_reference_with_incomplete_days,afternoon,tmax,1,D+1,28,25,limited,2026-06-30,2026-10-04,2026-07-01,2026-10-05,26.239,22.993,24.021,-3.246,-3.782,-2.711,systematic_underforecast,3.439,3.518,4.425,0.566,-2.218,-2.692,-1.744,systematic_underforecast,2.375,2.522,3.54,0.651,1.064,3,25,0,10.714,89.286,0,2026-10-06T15:20:59Z
observed_tmax_band,<25,operational_station_fallback,Fallback operacional Pedras Rubras/S. Gens,operational_reference_with_incomplete_days,afternoon,tmax,1,D+1,57,35,preliminary,2026-05-29,2026-10-06,2026-05-30,2026-10-07,22.306,20.868,21.244,-1.438,-1.755,-1.12,systematic_underforecast,1.643,1.863,2.85,0.772,-1.062,-1.358,-0.767,systematic_underforecast,1.371,1.532,2.37,0.8,0.272,18,34,5,31.579,59.649,8.772,2026-10-08T15:45:58Z
observed_tmax_band,>=30,operational_station_fallback,Fallback operacional Pedras Rubras/S. Gens,operational_reference_with_incomplete_days,afternoon,tmax,1,D+1,7,5,insufficient,2026-07-02,2026-09-21,2026-07-03,2026-09-22,33.329,27.729,29.729,-5.6,-6.529,-4.671,systematic_underforecast,5.6,5.677,6.8,0.877,-3.6,-4.894,-2.306,systematic_underforecast,3.6,3.826,5.08,0.86,2,1,6,0,14.286,85.714,0,2026-09-23T13:45:43Z
target_month,2026-05,operational_station_fallback,Fallback operacional Pedras Rubras/S. Gens,operational_reference_with_incomplete_days,afternoon,tmax,1,D+1,1,0,insufficient,2026-05-29,2026-05-29,2026-05-30,2026-05-30,19.85,20.8,20,0.95,,,inconclusive,0.95,0.95,0.95,,0.15,,,inconclusive,0.15,0.15,0.15,,0.8,0,1,0,0,100,0,2026-05-31T10:31:32Z
target_month,2026-06,operational_station_fallback,Fallback operacional Pedras Rubras/S. Gens,operational_reference_with_incomplete_days,afternoon,tmax,1,D+1,18,0,limited,2026-05-31,2026-06-28,2026-06-01,2026-06-29,20.856,20.144,20.583,-0.711,-1.041,-0.381,systematic_underforecast,0.833,0.96,1.565,0.92,-0.272,-0.845,0.301,inconclusive,1.028,1.152,1.8,0.801,-0.194,10,5,3,55.556,27.778,16.667,2026-06-30T11:28:55Z
target_month,2026-07,operational_station_fallback,Fallback operacional Pedras Rubras/S. Gens,operational_reference_with_incomplete_days,afternoon,tmax,1,D+1,21,16,limited,2026-06-30,2026-07-30,2026-07-01,2026-07-31,25.814,22.914,23.8,-2.9,-3.83,-1.97,systematic_underforecast,3.224,3.519,5.4,0.841,-2.014,-2.648,-1.38,systematic_underforecast,2.338,2.43,2.75,0.928,0.886,2,17,2,9.524,80.952,9.524,2026-08-01T10:14:45Z
target_month,2026-08,operational_station_fallback,Fallback operacional Pedras Rubras/S. Gens,operational_reference_with_incomplete_days,afternoon,tmax,1,D+1,23,21,limited,2026-07-31,2026-08-30,2026-08-01,2026-08-31,24.559,22.057,22.539,-2.502,-3.251,-1.753,systematic_underforecast,2.772,3.022,4.19,0.76,-2.02,-2.538,-1.501,systematic_underforecast,2.076,2.335,3.73,0.909,0.696,3,20,0,13.043,86.957,0,2026-09-01T13:35:24Z
target_month,2026-09,operational_station_fallback,Fallback operacional Pedras Rubras/S. Gens,operational_reference_with_incomplete_days,afternoon,tmax,1,D+1,22,22,limited,2026-08-31,2026-09-29,2026-09-01,2026-09-30,25.75,22.768,23.668,-2.982,-3.568,-2.396,systematic_underforecast,2.982,3.249,4.79,0.964,-2.082,-2.623,-1.54,systematic_underforecast,2.082,2.4,3.25,0.956,0.9,5,17,0,22.727,77.273,0,2026-10-01T15:40:49Z
target_month,2026-10,operational_station_fallback,Fallback operacional Pedras Rubras/S. Gens,operational_reference_with_incomplete_days,afternoon,tmax,1,D+1,7,6,insufficient,2026-09-30,2026-10-06,2026-10-01,2026-10-07,24.393,22.086,23.171,-2.307,-3.668,-0.946,systematic_underforecast,2.307,2.679,3.99,0.913,-1.221,-1.961,-0.482,systematic_underforecast,1.221,1.428,2.1,0.963,1.086,2,5,0,28.571,71.429,0,2026-10-08T15:45:58Z
cycle_horizon,all,operational_station_fallback,Fallback operacional Pedras Rubras/S. Gens,operational_reference_with_incomplete_days,afternoon,tmax,2,D+2,97,67,more_stable,2026-05-29,2026-10-05,2026-05-31,2026-10-07,24.662,22.268,22.968,-2.394,-2.791,-1.997,systematic_underforecast,2.573,3.093,4.33,0.893,-1.694,-2.02,-1.367,systematic_underforecast,1.94,2.338,3.73,0.923,0.633,25,69,3,25.773,71.134,3.093,2026-10-08T15:45:58Z
observed_tmax_band,25-29.9,operational_station_fallback,Fallback operacional Pedras Rubras/S. Gens,operational_reference_with_incomplete_days,afternoon,tmax,2,D+2,32,28,preliminary,2026-06-09,2026-10-03,2026-06-11,2026-10-05,26.208,22.972,24.066,-3.236,-3.667,-2.805,systematic_underforecast,3.273,3.443,4.245,0.627,-2.142,-2.64,-1.645,systematic_underforecast,2.348,2.537,3.285,0.626,0.925,6,26,0,18.75,81.25,0,2026-10-06T15:20:59Z
observed_tmax_band,<25,operational_station_fallback,Fallback operacional Pedras Rubras/S. Gens,operational_reference_with_incomplete_days,afternoon,tmax,2,D+2,55,32,preliminary,2026-05-29,2026-10-05,2026-05-31,2026-10-07,22.135,20.78,21.129,-1.355,-1.735,-0.976,systematic_underforecast,1.65,1.941,2.9,0.659,-1.006,-1.325,-0.687,systematic_underforecast,1.321,1.543,2.35,0.774,0.329,16,36,3,29.091,65.455,5.455,2026-10-08T15:45:58Z
observed_tmax_band,>=30,operational_station_fallback,Fallback operacional Pedras Rubras/S. Gens,operational_reference_with_incomplete_days,afternoon,tmax,2,D+2,10,7,limited,2026-06-30,2026-09-20,2026-07-02,2026-09-22,33.61,28.2,29.57,-5.41,-7.075,-3.745,systematic_underforecast,5.41,5.843,8.115,0.461,-4.04,-5.348,-2.732,systematic_underforecast,4.04,4.397,6.025,0.664,1.37,3,7,0,30,70,0,2026-09-23T13:45:43Z
target_month,2026-05,operational_station_fallback,Fallback operacional Pedras Rubras/S. Gens,operational_reference_with_incomplete_days,afternoon,tmax,2,D+2,1,0,insufficient,2026-05-29,2026-05-29,2026-05-31,2026-05-31,20.65,21.3,22,0.65,,,inconclusive,0.65,0.65,0.65,,1.35,,,inconclusive,1.35,1.35,1.35,,-0.7,1,0,0,100,0,0,2026-06-01T14:38:04Z
target_month,2026-06,operational_station_fallback,Fallback operacional Pedras Rubras/S. Gens,operational_reference_with_incomplete_days,afternoon,tmax,2,D+2,18,0,limited,2026-05-31,2026-06-28,2026-06-02,2026-06-30,21.381,20.8,21.078,-0.581,-1.057,-0.104,systematic_underforecast,0.853,1.098,1.7,0.925,-0.303,-1.044,0.438,inconclusive,1.058,1.479,2.285,0.828,-0.206,9,9,0,50,50,0,2026-07-01T11:39:31Z
target_month,2026-07,operational_station_fallback,Fallback operacional Pedras Rubras/S. Gens,operational_reference_with_incomplete_days,afternoon,tmax,2,D+2,24,17,limited,2026-06-30,2026-07-29,2026-07-02,2026-07-31,25.835,22.796,23.458,-3.04,-3.859,-2.221,systematic_underforecast,3.19,3.584,4.11,0.912,-2.377,-2.956,-1.798,systematic_underforecast,2.46,2.73,3.575,0.97,0.729,4,19,1,16.667,79.167,4.167,2026-08-01T10:14:45Z
target_month,2026-08,operational_station_fallback,Fallback operacional Pedras Rubras/S. Gens,operational_reference_with_incomplete_days,afternoon,tmax,2,D+2,25,22,limited,2026-07-30,2026-08-29,2026-08-01,2026-08-31,24.804,22.38,22.932,-2.424,-3.223,-1.625,systematic_underforecast,2.728,3.078,3.85,0.853,-1.872,-2.471,-1.273,systematic_underforecast,2.096,2.351,3.65,0.938,0.632,5,20,0,20,80,0,2026-09-01T13:35:24Z
target_month,2026-09,operational_station_fallback,Fallback operacional Pedras Rubras/S. Gens,operational_reference_with_incomplete_days,afternoon,tmax,2,D+2,22,22,limited,2026-08-30,2026-09-28,2026-09-01,2026-09-30,26.173,22.732,24.018,-3.441,-4.218,-2.664,systematic_underforecast,3.441,3.844,5.29,0.918,-2.155,-2.869,-1.44,systematic_underforecast,2.155,2.669,3.895,0.915,1.286,2,18,2,9.091,81.818,9.091,2026-10-01T15:40:49Z
target_month,2026-10,operational_station_fallback,Fallback operacional Pedras Rubras/S. Gens,operational_reference_with_incomplete_days,afternoon,tmax,2,D+2,7,6,insufficient,2026-09-29,2026-10-05,2026-10-01,2026-10-07,24.393,22.514,23.114,-1.879,-3.138,-0.619,systematic_underforecast,1.879,2.263,3.53,0.903,-1.279,-2.008,-0.549,systematic_underforecast,1.279,1.472,2.05,0.97,0.6,4,3,0,57.143,42.857,0,2026-10-08T15:45:58Z
cycle_horizon,all,operational_station_fallback,Fallback operacional Pedras Rubras/S. Gens,operational_reference_with_incomplete_days,afternoon,tmax,3,D+3,95,67,more_stable,2026-05-29,2026-10-04,2026-06-01,2026-10-07,24.725,22.279,23.271,-2.446,-2.816,-2.077,systematic_underforecast,2.657,3.041,4.31,0.894,-1.455,-1.785,-1.124,systematic_underforecast,1.807,2.173,3.4,0.905,0.849,19,72,4,20,75.789,4.211,2026-10-08T15:45:58Z
observed_tmax_band,25-29.9,operational_station_fallback,Fallback operacional Pedras Rubras/S. Gens,operational_reference_with_incomplete_days,afternoon,tmax,3,D+3,34,30,preliminary,2026-06-08,2026-10-02,2026-06-11,2026-10-05,26.276,23.079,24.603,-3.197,-3.712,-2.683,systematic_underforecast,3.35,3.512,4.32,0.574,-1.674,-2.254,-1.093,systematic_underforecast,2.065,2.343,3.385,0.597,1.285,3,30,1,8.824,88.235,2.941,2026-10-06T15:20:59Z
observed_tmax_band,<25,operational_station_fallback,Fallback operacional Pedras Rubras/S. Gens,operational_reference_with_incomplete_days,afternoon,tmax,3,D+3,52,31,preliminary,2026-05-29,2026-10-04,2026-06-01,2026-10-07,22.203,20.7,21.213,-1.503,-1.897,-1.109,systematic_underforecast,1.787,2.054,3.04,0.656,-0.989,-1.352,-0.627,systematic_underforecast,1.378,1.625,2.54,0.724,0.41,14,35,3,26.923,67.308,5.769,2026-10-08T15:45:58Z
observed_tmax_band,>=30,operational_station_fallback,Fallback operacional Pedras Rubras/S. Gens,operational_reference_with_incomplete_days,afternoon,tmax,3,D+3,9,6,insufficient,2026-06-09,2026-09-18,2026-06-12,2026-09-21,33.439,28.378,30.122,-5.061,-5.875,-4.247,systematic_underforecast,5.061,5.159,6.09,0.877,-3.317,-4.693,-1.94,systematic_underforecast,3.317,3.722,4.9,0.743,1.744,2,7,0,22.222,77.778,0,2026-09-22T13:31:58Z
target_month,2026-06,operational_station_fallback,Fallback operacional Pedras Rubras/S. Gens,operational_reference_with_incomplete_days,afternoon,tmax,3,D+3,18,0,limited,2026-05-29,2026-06-27,2026-06-01,2026-06-30,21.892,21.111,21.678,-0.781,-1.338,-0.223,systematic_underforecast,1.019,1.34,2.325,0.967,-0.214,-1.016,0.588,inconclusive,1.131,1.582,2.28,0.914,-0.111,8,9,1,44.444,50,5.556,2026-07-01T11:39:31Z
target_month,2026-07,operational_station_fallback,Fallback operacional Pedras Rubras/S. Gens,operational_reference_with_incomplete_days,afternoon,tmax,3,D+3,23,17,limited,2026-06-28,2026-07-28,2026-07-01,2026-07-31,25.58,22.604,23.548,-2.976,-3.788,-2.164,systematic_underforecast,3.202,3.497,5.08,0.868,-2.033,-2.661,-1.404,systematic_underforecast,2.259,2.481,3,0.924,0.943,4,17,2,17.391,73.913,8.696,2026-08-01T10:14:45Z
target_month,2026-08,operational_station_fallback,Fallback operacional Pedras Rubras/S. Gens,operational_reference_with_incomplete_days,afternoon,tmax,3,D+3,25,22,limited,2026-07-29,2026-08-28,2026-08-01,2026-08-31,24.608,22.052,22.772,-2.556,-3.337,-1.775,systematic_underforecast,2.976,3.158,4.25,0.767,-1.836,-2.489,-1.183,systematic_underforecast,2.116,2.403,3.67,0.814,0.86,5,19,1,20,76,4,2026-09-01T13:35:24Z
target_month,2026-09,operational_station_fallback,Fallback operacional Pedras Rubras/S. Gens,operational_reference_with_incomplete_days,afternoon,tmax,3,D+3,22,22,limited,2026-08-29,2026-09-27,2026-09-01,2026-09-30,26.389,23.055,24.705,-3.334,-3.97,-2.698,systematic_underforecast,3.334,3.617,5.34,0.942,-1.684,-2.358,-1.01,systematic_underforecast,1.843,2.246,3.835,0.928,1.491,1,21,0,4.545,95.455,0,2026-10-01T15:40:49Z
target_month,2026-10,operational_station_fallback,Fallback operacional Pedras Rubras/S. Gens,operational_reference_with_incomplete_days,afternoon,tmax,3,D+3,7,6,insufficient,2026-09-28,2026-10-04,2026-10-01,2026-10-07,24.393,22.586,23.729,-1.807,-2.633,-0.981,systematic_underforecast,1.807,1.987,3,0.964,-0.664,-1.38,0.051,inconclusive,0.85,0.977,1.44,0.981,0.957,1,6,0,14.286,85.714,0,2026-10-08T15:45:58Z
cycle_horizon,all,operational_station_fallback,Fallback operacional Pedras Rubras/S. Gens,operational_reference_with_incomplete_days,afternoon,tmax,4,D+4,103,72,more_stable,2026-05-29,2026-10-03,2026-06-02,2026-10-07,24.933,22.255,23.014,-2.678,-3.089,-2.267,systematic_underforecast,2.88,3.398,4.9,0.876,-1.919,-2.308,-1.531,systematic_underforecast,2.208,2.757,4.26,0.87,0.672,26,76,1,25.243,73.786,0.971,2026-10-08T15:45:58Z
observed_tmax_band,25-29.9,operational_station_fallback,Fallback operacional Pedras Rubras/S. Gens,operational_reference_with_incomplete_days,afternoon,tmax,4,D+4,36,31,preliminary,2026-06-07,2026-10-01,2026-06-11,2026-10-05,26.365,23.122,23.828,-3.243,-3.779,-2.708,systematic_underforecast,3.413,3.599,4.725,0.569,-2.538,-3.225,-1.85,systematic_underforecast,2.854,3.233,4.875,0.523,0.558,9,27,0,25,75,0,2026-10-06T15:20:59Z
observed_tmax_band,<25,operational_station_fallback,Fallback operacional Pedras Rubras/S. Gens,operational_reference_with_incomplete_days,afternoon,tmax,4,D+4,56,33,preliminary,2026-05-29,2026-10-03,2026-06-02,2026-10-07,22.25,20.663,21.132,-1.588,-1.957,-1.218,systematic_underforecast,1.85,2.095,3.05,0.687,-1.118,-1.471,-0.765,systematic_underforecast,1.445,1.719,2.5,0.736,0.405,16,40,0,28.571,71.429,0,2026-10-08T15:45:58Z
observed_tmax_band,>=30,operational_station_fallback,Fallback operacional Pedras Rubras/S. Gens,operational_reference_with_incomplete_days,afternoon,tmax,4,D+4,11,8,limited,2026-06-08,2026-09-18,2026-06-12,2026-09-22,33.905,27.527,29.927,-6.377,-7.537,-5.218,systematic_underforecast,6.377,6.586,8.35,0.795,-3.977,-5.722,-2.232,systematic_underforecast,3.977,4.685,8.05,0.71,2.4,1,9,1,9.091,81.818,9.091,2026-09-23T13:45:43Z
target_month,2026-06,operational_station_fallback,Fallback operacional Pedras Rubras/S. Gens,operational_reference_with_incomplete_days,afternoon,tmax,4,D+4,20,0,limited,2026-05-29,2026-06-26,2026-06-02,2026-06-30,22.282,21.14,21.575,-1.143,-1.658,-0.627,systematic_underforecast,1.233,1.568,2.115,0.981,-0.708,-1.349,-0.066,systematic_underforecast,1.053,1.511,2.35,0.951,0.18,7,13,0,35,65,0,2026-07-01T11:39:31Z
target_month,2026-07,operational_station_fallback,Fallback operacional Pedras Rubras/S. Gens,operational_reference_with_incomplete_days,afternoon,tmax,4,D+4,26,19,limited,2026-06-27,2026-07-26,2026-07-01,2026-07-30,25.481,22.662,23.792,-2.819,-3.696,-1.942,systematic_underforecast,3.165,3.533,4.3,0.867,-1.688,-2.488,-0.889,systematic_underforecast,2.188,2.572,3.45,0.886,0.977,6,20,0,23.077,76.923,0,2026-07-31T11:05:10Z
target_month,2026-08,operational_station_fallback,Fallback operacional Pedras Rubras/S. Gens,operational_reference_with_incomplete_days,afternoon,tmax,4,D+4,28,25,limited,2026-07-28,2026-08-27,2026-08-01,2026-08-31,25.041,22.4,23.046,-2.641,-3.508,-1.774,systematic_underforecast,2.998,3.434,4.655,0.744,-1.995,-2.627,-1.362,systematic_underforecast,2.27,2.558,3.645,0.867,0.729,5,23,0,17.857,82.143,0,2026-09-01T13:35:24Z
target_month,2026-09,operational_station_fallback,Fallback operacional Pedras Rubras/S. Gens,operational_reference_with_incomplete_days,afternoon,tmax,4,D+4,22,22,limited,2026-08-28,2026-09-26,2026-09-01,2026-09-30,26.73,22.673,23.768,-4.057,-4.868,-3.246,systematic_underforecast,4.057,4.433,6.61,0.914,-2.961,-4.005,-1.918,systematic_underforecast,3.057,3.749,5.98,0.832,1,5,16,1,22.727,72.727,4.545,2026-10-01T15:40:49Z
target_month,2026-10,operational_station_fallback,Fallback operacional Pedras Rubras/S. Gens,operational_reference_with_incomplete_days,afternoon,tmax,4,D+4,7,6,insufficient,2026-09-27,2026-10-03,2026-10-01,2026-10-07,24.393,22.043,21.729,-2.35,-3.787,-0.913,systematic_underforecast,2.35,2.755,4.33,0.856,-2.664,-4.486,-0.842,systematic_underforecast,2.664,3.229,4.88,0.741,-0.314,3,4,0,42.857,57.143,0,2026-10-08T15:45:58Z
cycle_horizon,all,operational_station_fallback,Fallback operacional Pedras Rubras/S. Gens,operational_reference_with_incomplete_days,afternoon,tmax,5,D+5,34,29,preliminary,2026-06-01,2026-10-02,2026-06-06,2026-10-07,25.669,22.632,25.332,-3.037,-3.655,-2.418,systematic_underforecast,3.037,3.503,5.29,0.917,-0.337,-1.157,0.484,inconclusive,1.91,2.341,4.105,0.823,1.126,10,23,1,29.412,67.647,2.941,2026-10-08T15:45:58Z
observed_tmax_band,25-29.9,operational_station_fallback,Fallback operacional Pedras Rubras/S. Gens,operational_reference_with_incomplete_days,afternoon,tmax,5,D+5,14,13,limited,2026-08-18,2026-09-30,2026-08-23,2026-10-05,26.796,23.279,26.321,-3.518,-4.199,-2.837,systematic_underforecast,3.518,3.697,5.095,0.78,-0.475,-2.21,1.26,inconclusive,2.554,2.935,4.615,0.516,0.964,5,9,0,35.714,64.286,0,2026-10-06T15:20:59Z
observed_tmax_band,<25,operational_station_fallback,Fallback operacional Pedras Rubras/S. Gens,operational_reference_with_incomplete_days,afternoon,tmax,5,D+5,15,11,limited,2026-06-01,2026-10-02,2026-06-06,2026-10-07,22.25,20.553,22.407,-1.697,-2.236,-1.157,systematic_underforecast,1.697,1.94,2.63,0.687,0.157,-0.899,1.212,inconclusive,1.47,1.849,3.26,0.167,0.227,5,9,1,33.333,60,6.667,2026-10-08T15:45:58Z
observed_tmax_band,>=30,operational_station_fallback,Fallback operacional Pedras Rubras/S. Gens,operational_reference_with_incomplete_days,afternoon,tmax,5,D+5,5,5,insufficient,2026-08-31,2026-09-17,2026-09-05,2026-09-22,32.77,27.06,31.34,-5.71,-7.27,-4.15,systematic_underforecast,5.71,5.819,7.09,0.878,-1.43,-2.716,-0.144,systematic_underforecast,1.43,1.704,2.37,0.885,4.28,0,5,0,0,100,0,2026-09-23T13:45:43Z
target_month,2026-06,operational_station_fallback,Fallback operacional Pedras Rubras/S. Gens,operational_reference_with_incomplete_days,afternoon,tmax,5,D+5,4,0,insufficient,2026-06-01,2026-06-22,2026-06-06,2026-06-27,21.587,20.45,22.225,-1.138,-2.095,-0.18,systematic_underforecast,1.138,1.251,1.68,0.881,0.638,-0.608,1.883,inconclusive,0.788,0.93,1.325,0.776,0.35,1,2,1,25,50,25,2026-06-28T10:40:55Z
target_month,2026-08,operational_station_fallback,Fallback operacional Pedras Rubras/S. Gens,operational_reference_with_incomplete_days,afternoon,tmax,5,D+5,1,1,insufficient,2026-08-18,2026-08-18,2026-08-23,2026-08-23,25.05,21.9,20.3,-3.15,,,inconclusive,3.15,3.15,3.15,,-4.75,,,inconclusive,4.75,4.75,4.75,,-1.6,1,0,0,100,0,0,2026-08-24T09:11:12Z
target_month,2026-09,operational_station_fallback,Fallback operacional Pedras Rubras/S. Gens,operational_reference_with_incomplete_days,afternoon,tmax,5,D+5,22,22,limited,2026-08-27,2026-09-25,2026-09-01,2026-09-30,26.845,23.241,26.882,-3.605,-4.384,-2.825,systematic_underforecast,3.605,3.993,5.98,0.914,0.036,-0.975,1.048,inconclusive,1.859,2.229,3.805,0.839,1.745,4,18,0,18.182,81.818,0,2026-10-01T15:40:49Z
target_month,2026-10,operational_station_fallback,Fallback operacional Pedras Rubras/S. Gens,operational_reference_with_incomplete_days,afternoon,tmax,5,D+5,7,6,insufficient,2026-09-26,2026-10-02,2026-10-01,2026-10-07,24.393,22.071,22.957,-2.321,-3.654,-0.988,systematic_underforecast,2.321,2.678,3.75,0.911,-1.436,-3.721,0.85,inconclusive,2.307,2.701,4.21,0.562,0.014,4,3,0,57.143,42.857,0,2026-10-08T15:45:58Z
cycle_horizon,all,operational_station_fallback,Fallback operacional Pedras Rubras/S. Gens,operational_reference_with_incomplete_days,afternoon,tmax,6,D+6,33,28,preliminary,2026-06-01,2026-10-01,2026-06-07,2026-10-07,25.339,22.633,25.512,-2.706,-3.595,-1.817,systematic_underforecast,3.145,3.663,5.83,0.821,0.173,-0.825,1.17,inconclusive,2.182,2.776,4.87,0.764,0.964,10,22,1,30.303,66.667,3.03,2026-10-08T15:45:58Z
observed_tmax_band,25-29.9,operational_station_fallback,Fallback operacional Pedras Rubras/S. Gens,operational_reference_with_incomplete_days,afternoon,tmax,6,D+6,11,10,limited,2026-08-27,2026-09-29,2026-09-02,2026-10-05,26.909,22.964,26.127,-3.945,-4.898,-2.993,systematic_underforecast,3.945,4.171,5.85,0.548,-0.782,-2.919,1.356,inconclusive,2.464,3.133,4.95,0.221,1.482,3,8,0,27.273,72.727,0,2026-10-06T15:20:59Z
observed_tmax_band,<25,operational_station_fallback,Fallback operacional Pedras Rubras/S. Gens,operational_reference_with_incomplete_days,afternoon,tmax,6,D+6,17,13,limited,2026-06-01,2026-10-01,2026-06-07,2026-10-07,22.126,21.112,23.176,-1.015,-2.058,0.029,inconclusive,1.868,2.215,3.81,0.126,1.05,-0.08,2.18,inconclusive,1.815,2.377,4.16,0.346,0.053,7,9,1,41.176,52.941,5.882,2026-10-08T15:45:58Z
observed_tmax_band,>=30,operational_station_fallback,Fallback operacional Pedras Rubras/S. Gens,operational_reference_with_incomplete_days,afternoon,tmax,6,D+6,5,5,insufficient,2026-08-30,2026-09-16,2026-09-05,2026-09-22,32.81,27.08,32.1,-5.73,-6.96,-4.5,systematic_underforecast,5.73,5.798,6.73,0.946,-0.71,-4.997,3.577,inconclusive,2.81,3.169,4.53,-0.282,2.92,0,5,0,0,100,0,2026-09-23T13:45:43Z
target_month,2026-06,operational_station_fallback,Fallback operacional Pedras Rubras/S. Gens,operational_reference_with_incomplete_days,afternoon,tmax,6,D+6,4,0,insufficient,2026-06-01,2026-06-22,2026-06-07,2026-06-28,21.038,21.475,23.225,0.437,-3.508,4.383,inconclusive,1.613,2.192,3.315,-0.186,2.188,-1.471,5.846,inconclusive,2.287,2.958,4.355,-0.088,-0.675,3,0,1,75,0,25,2026-06-29T12:46:53Z
target_month,2026-08,operational_station_fallback,Fallback operacional Pedras Rubras/S. Gens,operational_reference_with_incomplete_days,afternoon,tmax,6,D+6,1,1,insufficient,2026-08-18,2026-08-18,2026-08-24,2026-08-24,20.15,20.8,22.9,0.65,,,inconclusive,0.65,0.65,0.65,,2.75,,,inconclusive,2.75,2.75,2.75,,-2.1,1,0,0,100,0,0,2026-08-25T09:06:02Z
target_month,2026-09,operational_station_fallback,Fallback operacional Pedras Rubras/S. Gens,operational_reference_with_incomplete_days,afternoon,tmax,6,D+6,21,21,limited,2026-08-27,2026-09-24,2026-09-02,2026-09-30,26.721,23.133,26.881,-3.588,-4.507,-2.669,systematic_underforecast,3.588,4.094,5.95,0.894,0.16,-1.105,1.424,inconclusive,2.183,2.715,4.55,0.784,1.405,4,17,0,19.048,80.952,0,2026-10-01T15:40:49Z
target_month,2026-10,operational_station_fallback,Fallback operacional Pedras Rubras/S. Gens,operational_reference_with_incomplete_days,afternoon,tmax,6,D+6,7,6,insufficient,2026-09-25,2026-10-01,2026-10-01,2026-10-07,24.393,22.057,23.086,-2.336,-4.507,-0.165,systematic_underforecast,3.05,3.19,3.9,0.599,-1.307,-3.838,1.224,inconclusive,2.036,2.851,4.03,0.493,1.014,2,5,0,28.571,71.429,0,2026-10-08T15:45:58Z
cycle_horizon,all,operational_station_fallback,Fallback operacional Pedras Rubras/S. Gens,operational_reference_with_incomplete_days,afternoon,tmax,7,D+7,32,27,preliminary,2026-06-01,2026-09-30,2026-06-08,2026-10-07,25.125,22.453,25.225,-2.672,-3.757,-1.587,systematic_underforecast,3.338,3.989,6.115,0.655,0.1,-1.223,1.423,inconclusive,2.706,3.613,5.675,0.528,0.631,10,21,1,31.25,65.625,3.125,2026-10-08T15:45:58Z
observed_tmax_band,25-29.9,operational_station_fallback,Fallback operacional Pedras Rubras/S. Gens,operational_reference_with_incomplete_days,afternoon,tmax,7,D+7,10,9,limited,2026-08-27,2026-09-28,2026-09-03,2026-10-05,26.865,23.17,26.78,-3.695,-4.745,-2.645,systematic_underforecast,3.695,3.949,5.17,0.564,-0.085,-1.987,1.817,inconclusive,2.125,2.524,3.86,0.362,1.57,3,7,0,30,70,0,2026-10-06T15:20:59Z
observed_tmax_band,<25,operational_station_fallback,Fallback operacional Pedras Rubras/S. Gens,operational_reference_with_incomplete_days,afternoon,tmax,7,D+7,18,14,limited,2026-06-01,2026-09-30,2026-06-08,2026-10-07,22.403,21.4,23.811,-1.003,-2.187,0.182,inconclusive,2.186,2.523,3.975,0.038,1.408,-0.153,2.97,inconclusive,2.447,3.36,5.385,0.224,-0.261,6,11,1,33.333,61.111,5.556,2026-10-08T15:45:58Z
observed_tmax_band,>=30,operational_station_fallback,Fallback operacional Pedras Rubras/S. Gens,operational_reference_with_incomplete_days,afternoon,tmax,7,D+7,4,4,insufficient,2026-08-29,2026-09-15,2026-09-05,2026-09-22,33.025,25.4,27.7,-7.625,-9.929,-5.321,systematic_underforecast,7.625,7.727,9.03,0.847,-5.325,-10.932,0.282,inconclusive,5.325,6.137,7.99,0.843,2.3,1,3,0,25,75,0,2026-09-23T13:45:43Z
target_month,2026-06,operational_station_fallback,Fallback operacional Pedras Rubras/S. Gens,operational_reference_with_incomplete_days,afternoon,tmax,7,D+7,4,0,insufficient,2026-06-01,2026-06-22,2026-06-08,2026-06-29,21.45,23.175,26.65,1.725,-2.836,6.286,inconclusive,2.675,3.023,4.185,0.107,5.2,1.984,8.416,systematic_overforecast,5.2,5.487,6.93,0.707,-2.525,4,0,0,100,0,0,2026-06-30T11:28:55Z
target_month,2026-08,operational_station_fallback,Fallback operacional Pedras Rubras/S. Gens,operational_reference_with_incomplete_days,afternoon,tmax,7,D+7,1,1,insufficient,2026-08-18,2026-08-18,2026-08-25,2026-08-25,23.75,20,21.6,-3.75,,,inconclusive,3.75,3.75,3.75,,-2.15,,,inconclusive,2.15,2.15,2.15,,1.6,0,1,0,0,100,0,2026-08-26T09:08:46Z
target_month,2026-09,operational_station_fallback,Fallback operacional Pedras Rubras/S. Gens,operational_reference_with_incomplete_days,afternoon,tmax,7,D+7,20,20,limited,2026-08-27,2026-09-23,2026-09-03,2026-09-30,26.185,22.785,25.815,-3.4,-4.558,-2.242,systematic_underforecast,3.4,4.168,6.97,0.839,-0.37,-2.152,1.412,inconclusive,2.78,3.73,5.845,0.551,0.62,6,13,1,30,65,5,2026-10-01T15:40:49Z
target_month,2026-10,operational_station_fallback,Fallback operacional Pedras Rubras/S. Gens,operational_reference_with_incomplete_days,afternoon,tmax,7,D+7,7,6,insufficient,2026-09-24,2026-09-30,2026-10-01,2026-10-07,24.393,21.443,23.243,-2.95,-5.627,-0.273,systematic_underforecast,3.479,3.985,5.38,0.216,-1.15,-1.998,-0.302,systematic_underforecast,1.15,1.429,2.04,0.955,2.329,0,7,0,0,100,0,2026-10-08T15:45:58Z
cycle_horizon,all,operational_station_fallback,Fallback operacional Pedras Rubras/S. Gens,operational_reference_with_incomplete_days,afternoon,tmax,8,D+8,31,25,preliminary,2026-06-01,2026-09-29,2026-06-09,2026-10-07,24.589,22.287,23.635,-2.302,-3.56,-1.043,systematic_underforecast,3.185,4.085,7.15,0.391,-0.953,-2.415,0.508,inconclusive,3.402,4.034,6.25,0.366,-0.216,18,12,1,58.065,38.71,3.226,2026-10-08T15:45:58Z
observed_tmax_band,25-29.9,operational_station_fallback,Fallback operacional Pedras Rubras/S. Gens,operational_reference_with_incomplete_days,afternoon,tmax,8,D+8,9,8,insufficient,2026-08-27,2026-09-27,2026-09-04,2026-10-05,26.65,21.922,24.278,-4.728,-6.457,-2.999,systematic_underforecast,4.728,5.182,6.96,-0.152,-2.372,-5.78,1.035,inconclusive,4.294,4.806,6.41,-0.271,0.433,4,4,1,44.444,44.444,11.111,2026-10-06T15:20:59Z
observed_tmax_band,<25,operational_station_fallback,Fallback operacional Pedras Rubras/S. Gens,operational_reference_with_incomplete_days,afternoon,tmax,8,D+8,19,14,limited,2026-06-01,2026-09-29,2026-06-09,2026-10-07,22.324,22.032,22.853,-0.292,-1.386,0.802,inconclusive,1.734,2.228,4.47,0.236,0.529,-0.973,2.03,inconclusive,2.555,3.078,4.83,0.143,-0.821,13,6,0,68.421,31.579,0,2026-10-08T15:45:58Z
observed_tmax_band,>=30,operational_station_fallback,Fallback operacional Pedras Rubras/S. Gens,operational_reference_with_incomplete_days,afternoon,tmax,8,D+8,3,3,insufficient,2026-08-28,2026-09-14,2026-09-05,2026-09-22,32.75,25,26.667,-7.75,-9.722,-5.778,systematic_underforecast,7.75,7.777,8.41,0.951,-6.083,-10.198,-1.969,systematic_underforecast,6.083,6.232,7.37,0.957,1.667,1,2,0,33.333,66.667,0,2026-09-23T13:45:43Z
target_month,2026-06,operational_station_fallback,Fallback operacional Pedras Rubras/S. Gens,operational_reference_with_incomplete_days,afternoon,tmax,8,D+8,4,0,insufficient,2026-06-01,2026-06-22,2026-06-09,2026-06-30,22.062,24.6,26.575,2.537,-1.431,6.506,inconclusive,2.887,3.332,4.52,0.205,4.513,2.327,6.698,systematic_overforecast,4.513,4.667,5.56,0.597,-1.625,4,0,0,100,0,0,2026-07-01T11:39:31Z
target_month,2026-08,operational_station_fallback,Fallback operacional Pedras Rubras/S. Gens,operational_reference_with_incomplete_days,afternoon,tmax,8,D+8,1,0,insufficient,2026-08-18,2026-08-18,2026-08-26,2026-08-26,19.05,20.1,20.8,1.05,,,inconclusive,1.05,1.05,1.05,,1.75,,,inconclusive,1.75,1.75,1.75,,-0.7,1,0,0,100,0,0,2026-08-27T19:10:57Z
target_month,2026-09,operational_station_fallback,Fallback operacional Pedras Rubras/S. Gens,operational_reference_with_incomplete_days,afternoon,tmax,8,D+8,19,19,limited,2026-08-27,2026-09-22,2026-09-04,2026-09-30,25.484,22.521,23.926,-2.963,-4.363,-1.564,systematic_underforecast,3.105,4.095,7.41,0.7,-1.558,-3.303,0.187,inconclusive,3.189,3.852,6.21,0.528,-0.084,9,10,0,47.368,52.632,0,2026-10-01T15:40:49Z
target_month,2026-10,operational_station_fallback,Fallback operacional Pedras Rubras/S. Gens,operational_reference_with_incomplete_days,afternoon,tmax,8,D+8,7,6,insufficient,2026-09-23,2026-09-29,2026-10-01,2026-10-07,24.393,20.643,21.571,-3.75,-6.547,-0.953,systematic_underforecast,3.879,4.68,6.64,0.095,-2.821,-6.123,0.481,inconclusive,3.579,4.346,6.52,0.182,0.3,4,2,1,57.143,28.571,14.286,2026-10-08T15:45:58Z
cycle_horizon,all,operational_station_fallback,Fallback operacional Pedras Rubras/S. Gens,operational_reference_with_incomplete_days,afternoon,tmax,9,D+9,30,24,preliminary,2026-06-01,2026-09-28,2026-06-10,2026-10-07,24.842,22.263,23.773,-2.578,-3.916,-1.241,systematic_underforecast,3.285,4.364,6.93,0.248,-1.068,-2.503,0.366,inconclusive,3.145,3.926,6.605,0.446,0.14,15,14,1,50,46.667,3.333,2026-10-08T15:45:58Z
observed_tmax_band,25-29.9,operational_station_fallback,Fallback operacional Pedras Rubras/S. Gens,operational_reference_with_incomplete_days,afternoon,tmax,9,D+9,10,8,limited,2026-06-22,2026-09-26,2026-07-01,2026-10-05,26.52,21.92,24.07,-4.6,-6.354,-2.846,systematic_underforecast,4.6,5.155,6.93,-0.196,-2.45,-4.837,-0.063,systematic_underforecast,3.36,4.003,6.375,0.498,1.24,2,8,0,20,80,0,2026-10-06T15:20:59Z
observed_tmax_band,<25,operational_station_fallback,Fallback operacional Pedras Rubras/S. Gens,operational_reference_with_incomplete_days,afternoon,tmax,9,D+9,17,13,limited,2026-06-01,2026-09-28,2026-06-10,2026-10-07,22.482,22.112,22.906,-0.371,-1.561,0.82,inconclusive,1.618,2.276,3.54,0.102,0.424,-1.463,2.31,inconclusive,2.706,3.585,5.87,0.125,-1.088,13,3,1,76.471,17.647,5.882,2026-10-08T15:45:58Z
observed_tmax_band,>=30,operational_station_fallback,Fallback operacional Pedras Rubras/S. Gens,operational_reference_with_incomplete_days,afternoon,tmax,9,D+9,3,3,insufficient,2026-08-27,2026-09-13,2026-09-05,2026-09-22,32.617,24.267,27.7,-8.35,-13.447,-3.253,systematic_underforecast,8.35,8.516,10.01,0.345,-4.917,-10.755,0.921,inconclusive,4.917,5.278,6.79,0.678,3.433,0,3,0,0,100,0,2026-09-23T13:45:43Z
target_month,2026-06,operational_station_fallback,Fallback operacional Pedras Rubras/S. Gens,operational_reference_with_incomplete_days,afternoon,tmax,9,D+9,3,0,insufficient,2026-06-01,2026-06-16,2026-06-10,2026-06-25,22.433,25.3,28.833,2.867,-4.884,10.618,inconclusive,2.867,3.835,5.44,-0.978,6.4,-1.753,14.553,inconclusive,6.4,6.938,8.97,0.294,-3.533,3,0,0,100,0,0,2026-06-26T11:24:44Z
target_month,2026-07,operational_station_fallback,Fallback operacional Pedras Rubras/S. Gens,operational_reference_with_incomplete_days,afternoon,tmax,9,D+9,1,0,insufficient,2026-06-22,2026-06-22,2026-07-01,2026-07-01,25.6,24.9,25.6,-0.7,,,inconclusive,0.7,0.7,0.7,,0,,,inconclusive,0,0,0,,0.7,0,1,0,0,100,0,2026-07-02T11:08:18Z
target_month,2026-08,operational_station_fallback,Fallback operacional Pedras Rubras/S. Gens,operational_reference_with_incomplete_days,afternoon,tmax,9,D+9,1,0,insufficient,2026-08-18,2026-08-18,2026-08-27,2026-08-27,19.85,20.4,20.9,0.55,,,inconclusive,0.55,0.55,0.55,,1.05,,,inconclusive,1.05,1.05,1.05,,-0.5,1,0,0,100,0,0,2026-08-27T23:52:07Z
target_month,2026-09,operational_station_fallback,Fallback operacional Pedras Rubras/S. Gens,operational_reference_with_incomplete_days,afternoon,tmax,9,D+9,18,18,limited,2026-08-27,2026-09-21,2026-09-05,2026-09-30,25.653,22.428,23.928,-3.225,-4.797,-1.653,systematic_underforecast,3.375,4.455,7.515,0.607,-1.725,-3.147,-0.303,systematic_underforecast,2.642,3.271,5.07,0.702,0.733,8,9,1,44.444,50,5.556,2026-10-01T15:40:49Z
target_month,2026-10,operational_station_fallback,Fallback operacional Pedras Rubras/S. Gens,operational_reference_with_incomplete_days,afternoon,tmax,9,D+9,7,6,insufficient,2026-09-22,2026-09-28,2026-10-01,2026-10-07,24.393,20.429,21.357,-3.964,-6.872,-1.057,systematic_underforecast,3.993,4.918,6.75,-0.208,-3.036,-5.953,-0.118,systematic_underforecast,3.793,4.213,6.45,0.381,0.2,3,4,0,42.857,57.143,0,2026-10-08T15:45:58Z
cycle_horizon,all,operational_station_fallback,Fallback operacional Pedras Rubras/S. Gens,operational_reference_with_incomplete_days,morning,tmax,0,D+0,41,23,preliminary,2026-05-30,2026-09-19,2026-05-30,2026-09-19,25.354,22.985,23.844,-2.368,-3.079,-1.658,systematic_underforecast,2.59,3.248,4.25,0.894,-1.51,-2.007,-1.013,systematic_underforecast,1.783,2.167,2.7,0.946,0.807,8,31,2,19.512,75.61,4.878,2026-09-20T13:07:39Z
observed_tmax_band,25-29.9,operational_station_fallback,Fallback operacional Pedras Rubras/S. Gens,operational_reference_with_incomplete_days,morning,tmax,0,D+0,13,12,limited,2026-07-01,2026-09-19,2026-07-01,2026-09-19,26.585,23.708,24.646,-2.877,-3.994,-1.76,systematic_underforecast,3.246,3.381,4.2,0.418,-1.938,-2.683,-1.194,systematic_underforecast,2.169,2.271,3.06,0.747,1.077,1,12,0,7.692,92.308,0,2026-09-20T13:07:39Z
observed_tmax_band,<25,operational_station_fallback,Fallback operacional Pedras Rubras/S. Gens,operational_reference_with_incomplete_days,morning,tmax,0,D+0,22,7,limited,2026-05-30,2026-09-08,2026-05-30,2026-09-08,22.25,21.073,21.459,-1.177,-1.696,-0.658,systematic_underforecast,1.373,1.642,2.74,0.726,-0.791,-1.314,-0.268,systematic_underforecast,1.164,1.398,2.23,0.749,0.209,7,13,2,31.818,59.091,9.091,2026-09-09T13:03:08Z
observed_tmax_band,>=30,operational_station_fallback,Fallback operacional Pedras Rubras/S. Gens,operational_reference_with_incomplete_days,morning,tmax,0,D+0,6,4,insufficient,2026-06-12,2026-09-12,2026-06-12,2026-09-12,34.067,28.433,30.85,-5.633,-8.377,-2.89,systematic_underforecast,5.633,6.118,8.875,0.526,-3.217,-5.338,-1.095,systematic_underforecast,3.217,3.709,5.625,0.714,2.417,0,6,0,0,100,0,2026-09-13T13:23:19Z
target_month,2026-05,operational_station_fallback,Fallback operacional Pedras Rubras/S. Gens,operational_reference_with_incomplete_days,morning,tmax,0,D+0,1,0,insufficient,2026-05-30,2026-05-30,2026-05-30,2026-05-30,19.85,20,20.5,0.15,,,inconclusive,0.15,0.15,0.15,,0.65,,,inconclusive,0.65,0.65,0.65,,-0.5,1,0,0,100,0,0,2026-05-31T10:31:32Z
target_month,2026-06,operational_station_fallback,Fallback operacional Pedras Rubras/S. Gens,operational_reference_with_incomplete_days,morning,tmax,0,D+0,12,0,limited,2026-06-08,2026-06-30,2026-06-08,2026-06-30,23.1,22.008,22.6,-1.092,-1.669,-0.514,systematic_underforecast,1.133,1.396,1.925,0.982,-0.5,-1.312,0.312,inconclusive,1.067,1.322,2.275,0.954,0.067,5,6,1,41.667,50,8.333,2026-07-01T11:39:31Z
target_month,2026-07,operational_station_fallback,Fallback operacional Pedras Rubras/S. Gens,operational_reference_with_incomplete_days,morning,tmax,0,D+0,11,7,limited,2026-07-01,2026-07-30,2026-07-01,2026-07-30,26.314,23.509,24.345,-2.805,-4.731,-0.879,systematic_underforecast,3.332,3.916,5.25,0.836,-1.968,-2.99,-0.946,systematic_underforecast,2.241,2.445,2.7,0.959,1.091,1,9,1,9.091,81.818,9.091,2026-07-31T11:05:10Z
target_month,2026-08,operational_station_fallback,Fallback operacional Pedras Rubras/S. Gens,operational_reference_with_incomplete_days,morning,tmax,0,D+0,9,8,insufficient,2026-08-03,2026-08-29,2026-08-03,2026-08-29,25.689,22.567,23.344,-3.122,-5.217,-1.028,systematic_underforecast,3.4,4.043,4.99,0.934,-2.344,-3.719,-0.97,systematic_underforecast,2.356,2.887,3.41,0.976,1.044,1,8,0,11.111,88.889,0,2026-08-30T13:53:39Z
target_month,2026-09,operational_station_fallback,Fallback operacional Pedras Rubras/S. Gens,operational_reference_with_incomplete_days,morning,tmax,0,D+0,8,8,insufficient,2026-09-03,2026-09-19,2026-09-03,2026-09-19,27.725,24.575,26,-3.15,-4.325,-1.975,systematic_underforecast,3.15,3.413,4.46,0.916,-1.725,-2.537,-0.913,systematic_underforecast,1.725,1.95,3.18,0.949,1.425,0,8,0,0,100,0,2026-09-20T13:07:39Z
cycle_horizon,all,operational_station_fallback,Fallback operacional Pedras Rubras/S. Gens,operational_reference_with_incomplete_days,morning,tmax,1,D+1,42,23,preliminary,2026-05-30,2026-09-19,2026-05-31,2026-09-20,25.511,23.09,23.869,-2.42,-3.133,-1.707,systematic_underforecast,2.704,3.311,5.21,0.926,-1.642,-2.283,-1,systematic_underforecast,2.208,2.614,4.2,0.922,0.495,13,29,0,30.952,69.048,0,2026-09-21T15:13:21Z
observed_tmax_band,25-29.9,operational_station_fallback,Fallback operacional Pedras Rubras/S. Gens,operational_reference_with_incomplete_days,morning,tmax,1,D+1,12,10,limited,2026-06-10,2026-09-03,2026-06-11,2026-09-04,26.075,23.208,24.2,-2.867,-3.732,-2.001,systematic_underforecast,2.983,3.15,4.185,0.575,-1.875,-3.124,-0.626,systematic_underforecast,2.575,2.657,3.17,0.229,0.408,3,9,0,25,75,0,2026-09-05T11:54:14Z
observed_tmax_band,<25,operational_station_fallback,Fallback operacional Pedras Rubras/S. Gens,operational_reference_with_incomplete_days,morning,tmax,1,D+1,22,8,limited,2026-05-30,2026-09-08,2026-05-31,2026-09-09,22.141,21.105,21.495,-1.036,-1.716,-0.357,systematic_underforecast,1.514,1.822,3.075,0.614,-0.645,-1.323,0.032,inconclusive,1.345,1.626,2.185,0.629,0.168,10,12,0,45.455,54.545,0,2026-09-10T13:00:04Z
observed_tmax_band,>=30,operational_station_fallback,Fallback operacional Pedras Rubras/S. Gens,operational_reference_with_incomplete_days,morning,tmax,1,D+1,8,5,insufficient,2026-06-11,2026-09-19,2026-06-12,2026-09-20,33.931,28.375,29.9,-5.556,-7.022,-4.09,systematic_underforecast,5.556,5.793,7.795,0.731,-4.031,-5.221,-2.842,systematic_underforecast,4.031,4.245,5.515,0.833,1.525,0,8,0,0,100,0,2026-09-21T15:13:21Z
target_month,2026-05,operational_station_fallback,Fallback operacional Pedras Rubras/S. Gens,operational_reference_with_incomplete_days,morning,tmax,1,D+1,1,0,insufficient,2026-05-30,2026-05-30,2026-05-31,2026-05-31,20.65,21.2,21.8,0.55,,,inconclusive,0.55,0.55,0.55,,1.15,,,inconclusive,1.15,1.15,1.15,,-0.6,1,0,0,100,0,0,2026-06-01T14:38:04Z
target_month,2026-06,operational_station_fallback,Fallback operacional Pedras Rubras/S. Gens,operational_reference_with_incomplete_days,morning,tmax,1,D+1,12,0,limited,2026-06-09,2026-06-29,2026-06-10,2026-06-30,23.45,22.7,23.183,-0.75,-2.048,0.548,inconclusive,1.567,2.095,3.005,0.927,-0.267,-1.853,1.32,inconclusive,1.892,2.406,4.15,0.848,-0.325,8,4,0,66.667,33.333,0,2026-07-01T11:39:31Z
target_month,2026-07,operational_station_fallback,Fallback operacional Pedras Rubras/S. Gens,operational_reference_with_incomplete_days,morning,tmax,1,D+1,10,5,limited,2026-07-01,2026-07-27,2026-07-02,2026-07-28,26.05,22.7,23.68,-3.35,-5.147,-1.553,systematic_underforecast,3.45,4.111,6.46,0.976,-2.37,-3.811,-0.929,systematic_underforecast,2.57,3.045,5,0.986,0.88,1,9,0,10,90,0,2026-07-29T11:00:40Z
target_month,2026-08,operational_station_fallback,Fallback operacional Pedras Rubras/S. Gens,operational_reference_with_incomplete_days,morning,tmax,1,D+1,11,10,limited,2026-08-02,2026-08-29,2026-08-03,2026-08-30,25.723,22.545,23.5,-3.177,-4.417,-1.937,systematic_underforecast,3.177,3.632,4.2,0.975,-2.223,-2.891,-1.554,systematic_underforecast,2.223,2.417,2.65,0.996,0.955,2,9,0,18.182,81.818,0,2026-08-31T16:15:47Z
target_month,2026-09,operational_station_fallback,Fallback operacional Pedras Rubras/S. Gens,operational_reference_with_incomplete_days,morning,tmax,1,D+1,8,8,insufficient,2026-09-03,2026-09-19,2026-09-04,2026-09-20,28.244,25.15,25.9,-3.094,-4.39,-1.797,systematic_underforecast,3.094,3.417,4.58,0.946,-2.344,-3.584,-1.103,systematic_underforecast,2.344,2.724,4.09,0.94,0.75,1,7,0,12.5,87.5,0,2026-09-21T15:13:21Z
cycle_horizon,all,operational_station_fallback,Fallback operacional Pedras Rubras/S. Gens,operational_reference_with_incomplete_days,morning,tmax,2,D+2,36,21,preliminary,2026-05-30,2026-09-19,2026-06-01,2026-09-21,25.014,22.864,23.514,-2.15,-2.83,-1.47,systematic_underforecast,2.522,2.923,4.5,0.906,-1.5,-2.158,-0.842,systematic_underforecast,2.144,2.434,3.65,0.894,0.378,12,23,1,33.333,63.889,2.778,2026-09-22T13:31:58Z
observed_tmax_band,25-29.9,operational_station_fallback,Fallback operacional Pedras Rubras/S. Gens,operational_reference_with_incomplete_days,morning,tmax,2,D+2,8,7,insufficient,2026-06-29,2026-09-12,2026-07-01,2026-09-14,26.512,23.425,24.325,-3.087,-4.897,-1.278,systematic_underforecast,3.637,3.692,4.23,0.375,-2.187,-3.983,-0.392,systematic_underforecast,2.912,2.97,3.575,0.415,0.725,1,7,0,12.5,87.5,0,2026-09-15T13:43:27Z
observed_tmax_band,<25,operational_station_fallback,Fallback operacional Pedras Rubras/S. Gens,operational_reference_with_incomplete_days,morning,tmax,2,D+2,23,11,limited,2026-05-30,2026-09-08,2026-06-01,2026-09-10,22.589,21.348,21.657,-1.241,-1.843,-0.639,systematic_underforecast,1.633,1.842,2.81,0.626,-0.933,-1.724,-0.141,systematic_underforecast,1.689,2.019,3.1,0.386,-0.057,11,11,1,47.826,47.826,4.348,2026-09-11T12:55:08Z
observed_tmax_band,>=30,operational_station_fallback,Fallback operacional Pedras Rubras/S. Gens,operational_reference_with_incomplete_days,morning,tmax,2,D+2,5,3,insufficient,2026-06-10,2026-09-19,2026-06-12,2026-09-21,33.77,28.94,30.76,-4.83,-6.05,-3.61,systematic_underforecast,4.83,4.909,5.6,0.933,-3.01,-4.192,-1.828,systematic_underforecast,3.01,3.128,3.98,0.957,1.82,0,5,0,0,100,0,2026-09-22T13:31:58Z
target_month,2026-06,operational_station_fallback,Fallback operacional Pedras Rubras/S. Gens,operational_reference_with_incomplete_days,morning,tmax,2,D+2,12,0,limited,2026-05-30,2026-06-27,2026-06-01,2026-06-29,22.663,21.992,22.317,-0.671,-1.839,0.498,inconclusive,1.421,1.884,2.97,0.941,-0.346,-1.868,1.176,inconclusive,1.796,2.319,3.91,0.847,-0.375,7,4,1,58.333,33.333,8.333,2026-06-30T11:28:55Z
target_month,2026-07,operational_station_fallback,Fallback operacional Pedras Rubras/S. Gens,operational_reference_with_incomplete_days,morning,tmax,2,D+2,7,4,insufficient,2026-06-29,2026-07-27,2026-07-01,2026-07-29,26.079,23.7,24.5,-2.379,-4.764,0.007,inconclusive,3.007,3.371,4.94,0.851,-1.579,-3.556,0.399,inconclusive,2.407,2.532,3.16,0.914,0.6,3,4,0,42.857,57.143,0,2026-07-30T10:37:22Z
target_month,2026-08,operational_station_fallback,Fallback operacional Pedras Rubras/S. Gens,operational_reference_with_incomplete_days,morning,tmax,2,D+2,9,9,insufficient,2026-08-03,2026-08-29,2026-08-05,2026-08-31,25.111,22.011,22.811,-3.1,-3.696,-2.504,systematic_underforecast,3.1,3.185,3.84,0.955,-2.3,-3.157,-1.443,systematic_underforecast,2.3,2.529,3.5,0.823,0.8,0,9,0,0,100,0,2026-09-01T13:35:24Z
target_month,2026-09,operational_station_fallback,Fallback operacional Pedras Rubras/S. Gens,operational_reference_with_incomplete_days,morning,tmax,2,D+2,8,8,insufficient,2026-09-03,2026-09-19,2026-09-05,2026-09-21,27.5,24.4,25.238,-3.1,-4.415,-1.785,systematic_underforecast,3.1,3.431,5.15,0.966,-2.262,-2.992,-1.533,systematic_underforecast,2.262,2.405,3.25,0.987,0.837,2,6,0,25,75,0,2026-09-22T13:31:58Z
cycle_horizon,all,operational_station_fallback,Fallback operacional Pedras Rubras/S. Gens,operational_reference_with_incomplete_days,morning,tmax,3,D+3,36,21,preliminary,2026-05-30,2026-09-19,2026-06-02,2026-09-22,24.864,22.853,23.228,-2.011,-2.715,-1.308,systematic_underforecast,2.317,2.872,3.775,0.899,-1.636,-2.318,-0.954,systematic_underforecast,2.119,2.573,3.55,0.903,0.197,13,22,1,36.111,61.111,2.778,2026-09-23T13:45:43Z
observed_tmax_band,25-29.9,operational_station_fallback,Fallback operacional Pedras Rubras/S. Gens,operational_reference_with_incomplete_days,morning,tmax,3,D+3,8,7,insufficient,2026-06-10,2026-09-11,2026-06-13,2026-09-14,26.55,23.337,23.988,-3.213,-3.783,-2.642,systematic_underforecast,3.213,3.275,4.015,0.931,-2.562,-3.218,-1.907,systematic_underforecast,2.562,2.666,3.315,0.86,0.65,1,7,0,12.5,87.5,0,2026-09-15T13:43:27Z
observed_tmax_band,<25,operational_station_fallback,Fallback operacional Pedras Rubras/S. Gens,operational_reference_with_incomplete_days,morning,tmax,3,D+3,24,12,limited,2026-05-30,2026-09-12,2026-06-02,2026-09-15,22.533,21.379,21.708,-1.154,-1.808,-0.501,systematic_underforecast,1.613,1.905,2.99,0.505,-0.825,-1.538,-0.112,systematic_underforecast,1.55,1.848,2.81,0.548,0.062,10,13,1,41.667,54.167,4.167,2026-09-16T13:37:33Z
observed_tmax_band,>=30,operational_station_fallback,Fallback operacional Pedras Rubras/S. Gens,operational_reference_with_incomplete_days,morning,tmax,3,D+3,4,2,insufficient,2026-06-29,2026-09-19,2026-07-02,2026-09-22,35.475,30.725,30.825,-4.75,-10.088,0.588,inconclusive,4.75,5.568,7.685,0.107,-4.65,-7.98,-1.32,systematic_underforecast,4.65,4.991,6.665,0.786,0.1,2,2,0,50,50,0,2026-09-23T13:45:43Z
target_month,2026-06,operational_station_fallback,Fallback operacional Pedras Rubras/S. Gens,operational_reference_with_incomplete_days,morning,tmax,3,D+3,11,0,limited,2026-05-30,2026-06-26,2026-06-02,2026-06-29,22.059,21.773,21.918,-0.286,-1.389,0.816,inconclusive,1.177,1.59,2.9,0.798,-0.141,-1.534,1.252,inconclusive,1.559,1.982,2.9,0.702,-0.382,5,5,1,45.455,45.455,9.091,2026-06-30T11:28:55Z
target_month,2026-07,operational_station_fallback,Fallback operacional Pedras Rubras/S. Gens,operational_reference_with_incomplete_days,morning,tmax,3,D+3,8,4,insufficient,2026-06-29,2026-07-27,2026-07-02,2026-07-30,26.781,23.825,24.462,-2.956,-5.098,-0.815,systematic_underforecast,3.106,3.805,5.48,0.919,-2.319,-3.791,-0.847,systematic_underforecast,2.544,2.844,4.04,0.979,0.562,2,6,0,25,75,0,2026-07-31T11:05:10Z
target_month,2026-08,operational_station_fallback,Fallback operacional Pedras Rubras/S. Gens,operational_reference_with_incomplete_days,morning,tmax,3,D+3,8,8,insufficient,2026-08-03,2026-08-28,2026-08-06,2026-08-31,25.825,23.113,23.788,-2.713,-3.346,-2.079,systematic_underforecast,2.713,2.803,3.44,0.983,-2.037,-2.879,-1.196,systematic_underforecast,2.037,2.244,2.86,0.968,0.675,1,7,0,12.5,87.5,0,2026-09-01T13:35:24Z
target_month,2026-09,operational_station_fallback,Fallback operacional Pedras Rubras/S. Gens,operational_reference_with_incomplete_days,morning,tmax,3,D+3,9,9,insufficient,2026-08-29,2026-09-19,2026-09-01,2026-09-22,25.733,23.078,23.233,-2.656,-4.066,-1.245,systematic_underforecast,2.656,3.169,4.47,0.935,-2.5,-4.083,-0.917,systematic_underforecast,2.5,3.165,4.03,0.888,0.156,5,4,0,55.556,44.444,0,2026-09-23T13:45:43Z
cycle_horizon,all,operational_station_fallback,Fallback operacional Pedras Rubras/S. Gens,operational_reference_with_incomplete_days,morning,tmax,4,D+4,28,16,limited,2026-05-30,2026-09-19,2026-06-03,2026-09-23,24.33,22.632,23.139,-1.698,-2.552,-0.845,systematic_underforecast,2.345,2.749,4.255,0.812,-1.191,-2.148,-0.235,systematic_underforecast,2.316,2.699,3.3,0.77,0.029,14,14,0,50,50,0,2026-09-24T13:40:48Z
observed_tmax_band,25-29.9,operational_station_fallback,Fallback operacional Pedras Rubras/S. Gens,operational_reference_with_incomplete_days,morning,tmax,4,D+4,6,6,insufficient,2026-07-27,2026-09-19,2026-07-31,2026-09-23,25.65,21.967,23.75,-3.683,-4.71,-2.656,systematic_underforecast,3.683,3.79,4.6,0.838,-1.9,-2.912,-0.888,systematic_underforecast,1.9,2.094,2.725,0.096,1.783,1,5,0,16.667,83.333,0,2026-09-24T13:40:48Z
observed_tmax_band,<25,operational_station_fallback,Fallback operacional Pedras Rubras/S. Gens,operational_reference_with_incomplete_days,morning,tmax,4,D+4,19,9,limited,2026-05-30,2026-09-11,2026-06-03,2026-09-15,22.489,21.668,21.832,-0.821,-1.755,0.113,inconclusive,1.774,2.058,3.05,0.307,-0.658,-1.963,0.647,inconclusive,2.316,2.716,3.3,0.054,-0.542,12,7,0,63.158,36.842,0,2026-09-16T13:37:33Z
observed_tmax_band,>=30,operational_station_fallback,Fallback operacional Pedras Rubras/S. Gens,operational_reference_with_incomplete_days,morning,tmax,4,D+4,3,1,insufficient,2026-06-29,2026-09-08,2026-07-03,2026-09-12,33.35,30.067,30.2,-3.283,-9.511,2.945,inconclusive,3.283,3.869,4.86,0.637,-3.15,-8.057,1.757,inconclusive,3.15,3.539,4.79,0.946,0.133,1,2,0,33.333,66.667,0,2026-09-13T13:23:19Z
target_month,2026-06,operational_station_fallback,Fallback operacional Pedras Rubras/S. Gens,operational_reference_with_incomplete_days,morning,tmax,4,D+4,9,0,insufficient,2026-05-30,2026-06-23,2026-06-03,2026-06-27,21.35,21.944,22.5,0.594,-0.889,2.078,inconclusive,1.417,1.914,3.38,0.585,1.15,-1.164,3.464,inconclusive,2.35,3.062,4.09,0.363,-0.933,5,4,0,55.556,44.444,0,2026-06-28T10:40:55Z
target_month,2026-07,operational_station_fallback,Fallback operacional Pedras Rubras/S. Gens,operational_reference_with_incomplete_days,morning,tmax,4,D+4,5,2,insufficient,2026-06-29,2026-07-27,2026-07-03,2026-07-31,28.02,25.1,25.1,-2.92,-4.932,-0.908,systematic_underforecast,2.92,3.26,4.36,0.964,-2.92,-4.857,-0.983,systematic_underforecast,2.92,3.236,4.56,0.967,0,3,2,0,60,40,0,2026-08-01T10:14:45Z
target_month,2026-08,operational_station_fallback,Fallback operacional Pedras Rubras/S. Gens,operational_reference_with_incomplete_days,morning,tmax,4,D+4,4,4,insufficient,2026-08-03,2026-08-26,2026-08-07,2026-08-30,24.5,21.45,22.325,-3.05,-4.354,-1.746,systematic_underforecast,3.05,3.131,3.685,0.834,-2.175,-3.513,-0.837,systematic_underforecast,2.175,2.294,2.735,0.771,0.875,0,4,0,0,100,0,2026-08-31T16:15:47Z
target_month,2026-09,operational_station_fallback,Fallback operacional Pedras Rubras/S. Gens,operational_reference_with_incomplete_days,morning,tmax,4,D+4,10,10,limited,2026-08-28,2026-09-19,2026-09-01,2026-09-23,25.1,22.49,23.06,-2.61,-3.624,-1.596,systematic_underforecast,2.61,2.936,4.96,0.85,-2.04,-2.551,-1.529,systematic_underforecast,2.04,2.15,2.56,0.965,0.57,6,4,0,60,40,0,2026-09-24T13:40:48Z
cycle_horizon,all,operational_station_fallback,Fallback operacional Pedras Rubras/S. Gens,operational_reference_with_incomplete_days,morning,tmax,5,D+5,95,59,more_stable,2026-05-29,2026-09-19,2026-06-03,2026-09-24,24.698,22.546,25.159,-2.152,-2.647,-1.656,systematic_underforecast,2.657,3.237,4.2,0.802,0.461,-0.186,1.108,inconclusive,2.195,3.194,4.18,0.679,0.462,31,63,1,32.632,66.316,1.053,2026-09-25T13:59:55Z
observed_tmax_band,25-29.9,operational_station_fallback,Fallback operacional Pedras Rubras/S. Gens,operational_reference_with_incomplete_days,morning,tmax,5,D+5,31,27,preliminary,2026-06-06,2026-09-11,2026-06-11,2026-09-16,26.085,23.016,25.368,-3.069,-3.54,-2.599,systematic_underforecast,3.15,3.319,4.05,0.723,-0.718,-1.561,0.126,inconclusive,2.002,2.373,4,0.56,1.148,7,24,0,22.581,77.419,0,2026-09-17T13:39:28Z
observed_tmax_band,<25,operational_station_fallback,Fallback operacional Pedras Rubras/S. Gens,operational_reference_with_incomplete_days,morning,tmax,5,D+5,55,28,preliminary,2026-05-29,2026-09-19,2026-06-03,2026-09-24,22.336,21.336,23.818,-1,-1.522,-0.478,systematic_underforecast,1.827,2.158,3.15,0.438,1.482,0.576,2.388,systematic_overforecast,2.244,3.637,4.48,0.252,-0.416,24,30,1,43.636,54.545,1.818,2026-09-25T13:59:55Z
observed_tmax_band,>=30,operational_station_fallback,Fallback operacional Pedras Rubras/S. Gens,operational_reference_with_incomplete_days,morning,tmax,5,D+5,9,4,insufficient,2026-06-07,2026-09-08,2026-06-12,2026-09-13,34.35,28.322,32.633,-6.028,-8.313,-3.743,systematic_underforecast,6.028,6.648,9.81,0.269,-1.717,-3.443,0.01,inconclusive,2.561,2.726,3.78,0.598,3.467,0,9,0,0,100,0,2026-09-14T15:08:18Z
target_month,2026-06,operational_station_fallback,Fallback operacional Pedras Rubras/S. Gens,operational_reference_with_incomplete_days,morning,tmax,5,D+5,23,0,limited,2026-05-29,2026-06-25,2026-06-03,2026-06-30,22.22,21.752,24.596,-0.467,-1.66,0.726,inconclusive,1.715,2.738,3.84,0.689,2.376,0.633,4.119,systematic_overforecast,3.172,4.603,5.78,0.546,-1.457,18,5,0,78.261,21.739,0,2026-07-01T11:39:31Z
target_month,2026-07,operational_station_fallback,Fallback operacional Pedras Rubras/S. Gens,operational_reference_with_incomplete_days,morning,tmax,5,D+5,31,21,preliminary,2026-06-26,2026-07-26,2026-07-01,2026-07-31,25.89,23.232,25.794,-2.658,-3.489,-1.827,systematic_underforecast,3.065,3.468,4.75,0.869,-0.097,-1.253,1.059,inconclusive,2.232,3.101,3.2,0.754,0.832,6,25,0,19.355,80.645,0,2026-08-01T10:14:45Z
target_month,2026-08,operational_station_fallback,Fallback operacional Pedras Rubras/S. Gens,operational_reference_with_incomplete_days,morning,tmax,5,D+5,31,28,preliminary,2026-07-27,2026-08-26,2026-08-01,2026-08-31,25.024,22.252,24.361,-2.773,-3.571,-1.974,systematic_underforecast,2.989,3.504,4.65,0.725,-0.663,-1.383,0.057,inconclusive,1.598,2.042,3.6,0.791,1.39,5,26,0,16.129,83.871,0,2026-09-01T13:35:24Z
target_month,2026-09,operational_station_fallback,Fallback operacional Pedras Rubras/S. Gens,operational_reference_with_incomplete_days,morning,tmax,5,D+5,10,10,limited,2026-08-28,2026-09-19,2026-09-02,2026-09-24,25.69,23.16,26.96,-2.53,-3.075,-1.985,systematic_underforecast,2.53,2.631,3.615,0.981,1.27,-0.199,2.739,inconclusive,1.68,2.326,3.395,0.769,0.85,2,7,1,20,70,10,2026-09-25T13:59:55Z
cycle_horizon,all,operational_station_fallback,Fallback operacional Pedras Rubras/S. Gens,operational_reference_with_incomplete_days,morning,tmax,6,D+6,95,60,more_stable,2026-05-29,2026-09-19,2026-06-04,2026-09-25,24.802,22.688,24.829,-2.114,-2.686,-1.541,systematic_underforecast,2.765,3.504,4.93,0.703,0.027,-0.6,0.655,inconclusive,2.308,3.063,4.89,0.698,0.457,35,60,0,36.842,63.158,0,2026-09-26T13:16:04Z
observed_tmax_band,25-29.9,operational_station_fallback,Fallback operacional Pedras Rubras/S. Gens,operational_reference_with_incomplete_days,morning,tmax,6,D+6,32,28,preliminary,2026-06-05,2026-09-12,2026-06-11,2026-09-18,26.159,23.056,25.534,-3.103,-3.592,-2.614,systematic_underforecast,3.141,3.378,4.68,0.668,-0.625,-1.743,0.493,inconclusive,2.709,3.115,4.69,0.54,0.431,12,20,0,37.5,62.5,0,2026-09-19T12:36:22Z
observed_tmax_band,<25,operational_station_fallback,Fallback operacional Pedras Rubras/S. Gens,operational_reference_with_incomplete_days,morning,tmax,6,D+6,54,28,preliminary,2026-05-29,2026-09-19,2026-06-04,2026-09-25,22.41,21.667,23.224,-0.744,-1.333,-0.154,systematic_underforecast,1.868,2.267,3.22,0.377,0.814,0.08,1.548,systematic_overforecast,1.942,2.786,4.325,0.261,-0.074,21,33,0,38.889,61.111,0,2026-09-26T13:16:04Z
observed_tmax_band,>=30,operational_station_fallback,Fallback operacional Pedras Rubras/S. Gens,operational_reference_with_incomplete_days,morning,tmax,6,D+6,9,4,insufficient,2026-06-06,2026-09-06,2026-06-12,2026-09-12,34.328,27.511,31.956,-6.817,-9.614,-4.02,systematic_underforecast,6.817,7.631,10.7,0.052,-2.372,-5.241,0.496,inconclusive,3.083,4.243,7.45,0.506,3.733,2,7,0,22.222,77.778,0,2026-09-13T13:23:19Z
target_month,2026-06,operational_station_fallback,Fallback operacional Pedras Rubras/S. Gens,operational_reference_with_incomplete_days,morning,tmax,6,D+6,22,0,limited,2026-05-29,2026-06-24,2026-06-04,2026-06-30,22.364,21.995,23.65,-0.368,-1.863,1.127,inconclusive,1.991,3.315,4.635,0.514,1.286,0.015,2.558,systematic_overforecast,2.5,3.083,4.935,0.701,-0.509,12,10,0,54.545,45.455,0,2026-07-01T11:39:31Z
target_month,2026-07,operational_station_fallback,Fallback operacional Pedras Rubras/S. Gens,operational_reference_with_incomplete_days,morning,tmax,6,D+6,31,21,preliminary,2026-06-25,2026-07-25,2026-07-01,2026-07-31,25.89,23.435,25.994,-2.455,-3.486,-1.423,systematic_underforecast,3.119,3.699,4.9,0.779,0.103,-1.134,1.34,inconclusive,2.41,3.32,4.4,0.74,0.71,9,22,0,29.032,70.968,0,2026-08-01T10:14:45Z
target_month,2026-08,operational_station_fallback,Fallback operacional Pedras Rubras/S. Gens,operational_reference_with_incomplete_days,morning,tmax,6,D+6,31,28,preliminary,2026-07-26,2026-08-25,2026-08-01,2026-08-31,25.024,22.216,23.935,-2.808,-3.648,-1.969,systematic_underforecast,2.989,3.599,4.95,0.695,-1.089,-2.171,-0.007,systematic_underforecast,2.327,3.099,5.15,0.518,0.661,11,20,0,35.484,64.516,0,2026-09-01T13:35:24Z
target_month,2026-09,operational_station_fallback,Fallback operacional Pedras Rubras/S. Gens,operational_reference_with_incomplete_days,morning,tmax,6,D+6,11,11,limited,2026-08-26,2026-09-19,2026-09-01,2026-09-25,25.986,23.3,26.427,-2.686,-3.633,-1.74,systematic_underforecast,2.686,3.003,4.45,0.89,0.441,-0.919,1.8,inconclusive,1.586,1.979,3.75,0.827,1.1,3,8,0,27.273,72.727,0,2026-09-26T13:16:04Z
cycle_horizon,all,operational_station_fallback,Fallback operacional Pedras Rubras/S. Gens,operational_reference_with_incomplete_days,morning,tmax,7,D+7,95,61,more_stable,2026-05-29,2026-09-19,2026-06-05,2026-09-26,24.977,22.691,24.626,-2.286,-2.942,-1.631,systematic_underforecast,3.007,3.934,6.45,0.588,-0.351,-1.028,0.326,inconclusive,2.478,3.324,4.9,0.591,0.529,35,58,2,36.842,61.053,2.105,2026-09-27T14:09:28Z
observed_tmax_band,25-29.9,operational_station_fallback,Fallback operacional Pedras Rubras/S. Gens,operational_reference_with_incomplete_days,morning,tmax,7,D+7,32,29,preliminary,2026-06-06,2026-09-19,2026-06-13,2026-09-26,26.102,22.844,24.481,-3.258,-3.783,-2.733,systematic_underforecast,3.308,3.559,4.3,0.38,-1.62,-2.237,-1.003,systematic_underforecast,2.08,2.337,3.785,0.407,1.228,4,28,0,12.5,87.5,0,2026-09-27T14:09:28Z
observed_tmax_band,<25,operational_station_fallback,Fallback operacional Pedras Rubras/S. Gens,operational_reference_with_incomplete_days,morning,tmax,7,D+7,52,26,preliminary,2026-05-29,2026-09-08,2026-06-05,2026-09-15,22.433,21.883,23.704,-0.55,-1.201,0.101,inconclusive,1.837,2.379,3.53,0.234,1.271,0.474,2.069,systematic_overforecast,2.206,3.109,4.9,0.231,-0.369,28,22,2,53.846,42.308,3.846,2026-09-16T13:37:33Z
observed_tmax_band,>=30,operational_station_fallback,Fallback operacional Pedras Rubras/S. Gens,operational_reference_with_incomplete_days,morning,tmax,7,D+7,11,6,limited,2026-06-05,2026-09-06,2026-06-12,2026-09-13,33.732,26.064,29.409,-7.668,-10.033,-5.303,systematic_underforecast,7.668,8.371,10.6,0.199,-4.323,-7.068,-1.578,systematic_underforecast,4.923,5.819,8.5,0.417,2.745,3,8,0,27.273,72.727,0,2026-09-14T15:08:18Z
target_month,2026-06,operational_station_fallback,Fallback operacional Pedras Rubras/S. Gens,operational_reference_with_incomplete_days,morning,tmax,7,D+7,21,0,limited,2026-05-29,2026-06-23,2026-06-05,2026-06-30,22.364,21.848,23.71,-0.517,-2.159,1.125,inconclusive,1.945,3.558,4,0.342,1.345,-0.058,2.748,inconclusive,2.526,3.295,4.9,0.581,-0.581,15,6,0,71.429,28.571,0,2026-07-01T11:39:31Z
target_month,2026-07,operational_station_fallback,Fallback operacional Pedras Rubras/S. Gens,operational_reference_with_incomplete_days,morning,tmax,7,D+7,31,21,preliminary,2026-06-24,2026-07-24,2026-07-01,2026-07-31,25.89,23.506,25.758,-2.384,-3.672,-1.096,systematic_underforecast,3.468,4.198,8,0.616,-0.132,-1.453,1.189,inconclusive,2.606,3.546,4.9,0.647,0.861,8,23,0,25.806,74.194,0,2026-08-01T10:14:45Z
target_month,2026-08,operational_station_fallback,Fallback operacional Pedras Rubras/S. Gens,operational_reference_with_incomplete_days,morning,tmax,7,D+7,31,28,preliminary,2026-07-25,2026-08-24,2026-08-01,2026-08-31,25.024,22.29,23.835,-2.734,-3.6,-1.868,systematic_underforecast,2.892,3.587,4.45,0.663,-1.189,-2.279,-0.098,systematic_underforecast,2.305,3.157,3.9,0.397,0.587,9,21,1,29.032,67.742,3.226,2026-09-01T13:35:24Z
target_month,2026-09,operational_station_fallback,Fallback operacional Pedras Rubras/S. Gens,operational_reference_with_incomplete_days,morning,tmax,7,D+7,12,12,limited,2026-08-25,2026-09-19,2026-09-01,2026-09-26,27.067,23.092,25.35,-3.975,-5.576,-2.374,systematic_underforecast,3.975,4.65,6.99,0.591,-1.717,-3.51,0.077,inconclusive,2.508,3.202,4.255,0.577,1.467,3,8,1,25,66.667,8.333,2026-09-27T14:09:28Z
cycle_horizon,all,operational_station_fallback,Fallback operacional Pedras Rubras/S. Gens,operational_reference_with_incomplete_days,morning,tmax,8,D+8,95,62,more_stable,2026-05-29,2026-09-19,2026-06-06,2026-09-27,25.074,22.861,24.745,-2.213,-2.87,-1.557,systematic_underforecast,3.052,3.896,6.54,0.581,-0.329,-1.144,0.486,inconclusive,2.795,3.995,5.9,0.454,0.257,37,56,2,38.947,58.947,2.105,2026-09-28T16:51:47Z
observed_tmax_band,25-29.9,operational_station_fallback,Fallback operacional Pedras Rubras/S. Gens,operational_reference_with_incomplete_days,morning,tmax,8,D+8,33,29,preliminary,2026-06-03,2026-09-11,2026-06-11,2026-09-19,26.27,22.906,24.936,-3.364,-3.796,-2.931,systematic_underforecast,3.388,3.572,4.32,0.568,-1.333,-2.109,-0.558,systematic_underforecast,2.124,2.533,3.73,0.257,1.264,5,26,2,15.152,78.788,6.061,2026-09-20T13:07:39Z
observed_tmax_band,<25,operational_station_fallback,Fallback operacional Pedras Rubras/S. Gens,operational_reference_with_incomplete_days,morning,tmax,8,D+8,51,26,preliminary,2026-05-29,2026-09-19,2026-06-06,2026-09-27,22.47,22.175,23.771,-0.295,-0.984,0.394,inconclusive,1.842,2.442,4.15,0.137,1.301,0.169,2.433,systematic_overforecast,2.726,4.191,5.45,0.056,-0.884,29,22,0,56.863,43.137,0,2026-09-28T16:51:47Z
observed_tmax_band,>=30,operational_station_fallback,Fallback operacional Pedras Rubras/S. Gens,operational_reference_with_incomplete_days,morning,tmax,8,D+8,11,7,limited,2026-06-24,2026-09-12,2026-07-02,2026-09-20,33.564,25.909,28.691,-7.655,-9.46,-5.849,systematic_underforecast,7.655,8.072,10.75,0.404,-4.873,-7.453,-2.293,systematic_underforecast,5.127,6.095,7.75,0.627,2.527,3,8,0,27.273,72.727,0,2026-09-21T15:13:21Z
target_month,2026-06,operational_station_fallback,Fallback operacional Pedras Rubras/S. Gens,operational_reference_with_incomplete_days,morning,tmax,8,D+8,20,0,limited,2026-05-29,2026-06-21,2026-06-06,2026-06-29,21.89,21.9,23.555,0.01,-1.04,1.06,inconclusive,1.555,2.187,3.97,0.401,1.665,0.293,3.037,systematic_overforecast,2.43,3.306,5.085,0.521,-0.875,12,8,0,60,40,0,2026-06-30T11:28:55Z
target_month,2026-07,operational_station_fallback,Fallback operacional Pedras Rubras/S. Gens,operational_reference_with_incomplete_days,morning,tmax,8,D+8,31,21,preliminary,2026-06-23,2026-07-23,2026-07-01,2026-07-31,25.89,23.745,26.335,-2.145,-3.553,-0.737,systematic_underforecast,3.516,4.342,8.3,0.512,0.445,-1.441,2.332,inconclusive,3.274,5.079,5.45,0.361,0.242,10,21,0,32.258,67.742,0,2026-08-01T10:14:45Z
target_month,2026-08,operational_station_fallback,Fallback operacional Pedras Rubras/S. Gens,operational_reference_with_incomplete_days,morning,tmax,8,D+8,31,28,preliminary,2026-07-24,2026-08-23,2026-08-01,2026-08-31,25.024,22.413,23.926,-2.611,-3.48,-1.743,systematic_underforecast,2.802,3.499,4.2,0.665,-1.098,-2.106,-0.091,systematic_underforecast,2.115,2.916,4.5,0.509,0.687,11,18,2,35.484,58.065,6.452,2026-09-01T13:35:24Z
target_month,2026-09,operational_station_fallback,Fallback operacional Pedras Rubras/S. Gens,operational_reference_with_incomplete_days,morning,tmax,8,D+8,13,13,limited,2026-08-24,2026-09-19,2026-09-01,2026-09-27,28.146,23.3,24.738,-4.846,-6.375,-3.318,systematic_underforecast,4.846,5.421,7.25,0.695,-3.408,-5,-1.815,systematic_underforecast,3.838,4.245,6.01,0.709,1.008,4,9,0,30.769,69.231,0,2026-09-28T16:51:47Z
cycle_horizon,all,operational_station_fallback,Fallback operacional Pedras Rubras/S. Gens,operational_reference_with_incomplete_days,morning,tmax,9,D+9,90,60,more_stable,2026-05-29,2026-09-19,2026-06-07,2026-09-28,25.103,23.014,25.188,-2.089,-2.838,-1.34,systematic_underforecast,3.088,4.126,6.925,0.482,0.084,-0.906,1.075,inconclusive,3.304,4.702,8.47,0.312,-0.217,40,49,1,44.444,54.444,1.111,2026-09-29T14:56:00Z
observed_tmax_band,25-29.9,operational_station_fallback,Fallback operacional Pedras Rubras/S. Gens,operational_reference_with_incomplete_days,morning,tmax,9,D+9,29,27,limited,2026-06-02,2026-09-05,2026-06-11,2026-09-14,26.069,22.976,24.452,-3.093,-3.497,-2.689,systematic_underforecast,3.093,3.264,4.42,0.56,-1.617,-2.322,-0.913,systematic_underforecast,2.076,2.434,3.5,0.447,1.017,5,23,1,17.241,79.31,3.448,2026-09-15T13:43:27Z
observed_tmax_band,<25,operational_station_fallback,Fallback operacional Pedras Rubras/S. Gens,operational_reference_with_incomplete_days,morning,tmax,9,D+9,50,27,preliminary,2026-05-29,2026-09-19,2026-06-07,2026-09-28,22.563,22.542,24.8,-0.021,-0.701,0.659,inconclusive,1.819,2.368,3.445,0.123,2.237,0.967,3.507,systematic_overforecast,3.345,4.956,7.345,0.053,-1.526,32,18,0,64,36,0,2026-09-29T14:56:00Z
observed_tmax_band,>=30,operational_station_fallback,Fallback operacional Pedras Rubras/S. Gens,operational_reference_with_incomplete_days,morning,tmax,9,D+9,11,6,limited,2026-06-03,2026-09-12,2026-06-12,2026-09-21,34.105,25.264,28.891,-8.841,-10.773,-6.908,systematic_underforecast,8.841,9.257,11.65,0.285,-5.214,-8.837,-1.59,systematic_underforecast,6.359,7.323,11.05,0.058,2.482,3,8,0,27.273,72.727,0,2026-09-22T13:31:58Z
target_month,2026-06,operational_station_fallback,Fallback operacional Pedras Rubras/S. Gens,operational_reference_with_incomplete_days,morning,tmax,9,D+9,19,0,limited,2026-05-29,2026-06-21,2026-06-07,2026-06-30,22.382,22.237,24.579,-0.145,-1.9,1.611,inconclusive,2.061,3.548,3.4,0.21,2.197,-0.177,4.572,inconclusive,3.729,5.274,8.61,0.228,-1.668,13,6,0,68.421,31.579,0,2026-07-01T11:39:31Z
target_month,2026-07,operational_station_fallback,Fallback operacional Pedras Rubras/S. Gens,operational_reference_with_incomplete_days,morning,tmax,9,D+9,30,21,preliminary,2026-06-23,2026-07-22,2026-07-02,2026-07-31,25.9,23.903,27.083,-1.997,-3.539,-0.454,systematic_underforecast,3.633,4.525,7.62,0.42,1.183,-0.919,3.286,inconclusive,3.92,5.66,9.655,0.231,-0.287,9,21,0,30,70,0,2026-08-01T10:14:45Z
target_month,2026-08,operational_station_fallback,Fallback operacional Pedras Rubras/S. Gens,operational_reference_with_incomplete_days,morning,tmax,9,D+9,30,28,preliminary,2026-07-23,2026-08-22,2026-08-01,2026-08-31,25.197,22.513,23.817,-2.683,-3.553,-1.814,systematic_underforecast,2.83,3.527,4.41,0.65,-1.38,-2.362,-0.398,systematic_underforecast,2.097,2.93,3.18,0.555,0.733,11,19,0,36.667,63.333,0,2026-09-01T13:35:24Z
target_month,2026-09,operational_station_fallback,Fallback operacional Pedras Rubras/S. Gens,operational_reference_with_incomplete_days,morning,tmax,9,D+9,11,11,limited,2026-08-23,2026-09-19,2026-09-01,2026-09-28,27.377,23.3,24.809,-4.077,-6.426,-1.729,systematic_underforecast,4.077,5.266,8.45,0.554,-2.568,-5.339,0.203,inconclusive,4.186,4.697,6.15,0.443,-0.109,7,3,1,63.636,27.273,9.091,2026-09-29T14:56:00Z
cycle_horizon,all,operational_station_fallback,Fallback operacional Pedras Rubras/S. Gens,operational_reference_with_incomplete_days,afternoon,tmin,0,D+0,94,65,more_stable,2026-05-29,2026-10-07,2026-05-29,2026-10-07,16.906,15.92,17.505,-0.986,-1.183,-0.788,systematic_underforecast,1.119,1.376,1.935,0.943,0.599,0.381,0.818,systematic_overforecast,0.997,1.217,2.085,0.911,0.121,41,48,5,43.617,51.064,5.319,2026-10-08T15:45:58Z
target_month,2026-05,operational_station_fallback,Fallback operacional Pedras Rubras/S. Gens,operational_reference_with_incomplete_days,afternoon,tmin,0,D+0,2,0,insufficient,2026-05-29,2026-05-31,2026-05-29,2026-05-31,14.675,14.55,16.3,-0.125,-0.443,0.193,inconclusive,0.125,0.127,0.145,,1.625,-3.14,6.39,inconclusive,1.625,1.668,1.925,,-1.5,2,0,0,100,0,0,2026-06-01T14:38:04Z
target_month,2026-06,operational_station_fallback,Fallback operacional Pedras Rubras/S. Gens,operational_reference_with_incomplete_days,afternoon,tmin,0,D+0,18,0,limited,2026-06-01,2026-06-28,2026-06-01,2026-06-28,15.806,15.211,16.283,-0.594,-1.013,-0.176,systematic_underforecast,0.872,1.011,1.63,0.966,0.478,-0.044,1,inconclusive,0.928,1.126,1.74,0.916,-0.056,12,6,0,66.667,33.333,0,2026-06-29T12:46:53Z
target_month,2026-07,operational_station_fallback,Fallback operacional Pedras Rubras/S. Gens,operational_reference_with_incomplete_days,afternoon,tmin,0,D+0,20,14,limited,2026-07-03,2026-07-31,2026-07-03,2026-07-31,18.215,16.665,18.755,-1.55,-1.979,-1.121,systematic_underforecast,1.55,1.789,2.21,0.945,0.54,0.065,1.015,systematic_overforecast,0.95,1.127,1.9,0.935,0.6,4,13,3,20,65,15,2026-08-01T10:14:45Z
target_month,2026-08,operational_station_fallback,Fallback operacional Pedras Rubras/S. Gens,operational_reference_with_incomplete_days,afternoon,tmin,0,D+0,25,23,limited,2026-08-01,2026-08-31,2026-08-01,2026-08-31,17.604,16.676,18.328,-0.928,-1.302,-0.554,systematic_underforecast,1.12,1.284,1.89,0.925,0.724,0.382,1.066,systematic_overforecast,0.904,1.088,1.74,0.918,0.216,9,15,1,36,60,4,2026-09-01T13:35:24Z
target_month,2026-09,operational_station_fallback,Fallback operacional Pedras Rubras/S. Gens,operational_reference_with_incomplete_days,afternoon,tmin,0,D+0,22,22,limited,2026-09-01,2026-09-30,2026-09-01,2026-09-30,16.261,15.318,16.795,-0.943,-1.431,-0.456,systematic_underforecast,1.043,1.43,2.49,0.923,0.534,-0.116,1.184,inconclusive,1.261,1.529,2.4,0.857,-0.218,12,9,1,54.545,40.909,4.545,2026-10-01T15:40:49Z
target_month,2026-10,operational_station_fallback,Fallback operacional Pedras Rubras/S. Gens,operational_reference_with_incomplete_days,afternoon,tmin,0,D+0,7,6,insufficient,2026-10-01,2026-10-07,2026-10-01,2026-10-07,16.164,15.2,16.714,-0.964,-1.593,-0.335,systematic_underforecast,1.036,1.152,1.61,0.945,0.55,-0.018,1.118,inconclusive,0.636,0.791,1.29,0.944,0.4,2,5,0,28.571,71.429,0,2026-10-08T15:45:58Z
cycle_horizon,all,operational_station_fallback,Fallback operacional Pedras Rubras/S. Gens,operational_reference_with_incomplete_days,afternoon,tmin,1,D+1,92,65,more_stable,2026-05-29,2026-10-06,2026-05-30,2026-10-07,16.716,15.718,17.336,-0.998,-1.229,-0.767,systematic_underforecast,1.164,1.491,2.15,0.923,0.62,0.367,0.872,systematic_overforecast,1.098,1.362,2.49,0.872,0.066,42,48,2,45.652,52.174,2.174,2026-10-08T15:45:58Z
target_month,2026-05,operational_station_fallback,Fallback operacional Pedras Rubras/S. Gens,operational_reference_with_incomplete_days,afternoon,tmin,1,D+1,1,0,insufficient,2026-05-29,2026-05-29,2026-05-30,2026-05-30,15.6,14.5,16.5,-1.1,,,inconclusive,1.1,1.1,1.1,,0.9,,,inconclusive,0.9,0.9,0.9,,0.2,0,1,0,0,100,0,2026-05-31T10:31:32Z
target_month,2026-06,operational_station_fallback,Fallback operacional Pedras Rubras/S. Gens,operational_reference_with_incomplete_days,afternoon,tmin,1,D+1,18,0,limited,2026-05-31,2026-06-28,2026-06-01,2026-06-29,15.028,14.661,15.85,-0.367,-0.804,0.071,inconclusive,0.728,0.93,1.615,0.971,0.822,0.399,1.245,systematic_overforecast,1.033,1.166,1.7,0.946,-0.306,12,6,0,66.667,33.333,0,2026-06-30T11:28:55Z
target_month,2026-07,operational_station_fallback,Fallback operacional Pedras Rubras/S. Gens,operational_reference_with_incomplete_days,afternoon,tmin,1,D+1,21,16,limited,2026-06-30,2026-07-30,2026-07-01,2026-07-31,17.981,16.671,18.538,-1.31,-1.869,-0.75,systematic_underforecast,1.419,1.776,2.15,0.931,0.557,-0.128,1.242,inconclusive,1.19,1.57,2.85,0.867,0.229,8,13,0,38.095,61.905,0,2026-08-01T10:14:45Z
target_month,2026-08,operational_station_fallback,Fallback operacional Pedras Rubras/S. Gens,operational_reference_with_incomplete_days,afternoon,tmin,1,D+1,23,21,limited,2026-07-31,2026-08-30,2026-08-01,2026-08-31,17.683,16.578,18.383,-1.104,-1.54,-0.668,systematic_underforecast,1.248,1.48,2.25,0.874,0.7,0.326,1.074,systematic_overforecast,0.887,1.098,1.29,0.889,0.361,6,15,2,26.087,65.217,8.696,2026-09-01T13:35:24Z
target_month,2026-09,operational_station_fallback,Fallback operacional Pedras Rubras/S. Gens,operational_reference_with_incomplete_days,afternoon,tmin,1,D+1,22,22,limited,2026-08-31,2026-09-29,2026-09-01,2026-09-30,16.107,15.118,16.677,-0.989,-1.544,-0.433,systematic_underforecast,1.134,1.573,2.955,0.851,0.57,-0.151,1.292,inconclusive,1.461,1.688,2.6,0.704,-0.327,14,8,0,63.636,36.364,0,2026-10-01T15:40:49Z
target_month,2026-10,operational_station_fallback,Fallback operacional Pedras Rubras/S. Gens,operational_reference_with_incomplete_days,afternoon,tmin,1,D+1,7,6,insufficient,2026-09-30,2026-10-06,2026-10-01,2026-10-07,16.164,14.814,16.3,-1.35,-2.102,-0.598,systematic_underforecast,1.35,1.546,2,0.919,0.136,-0.516,0.788,inconclusive,0.564,0.667,0.97,0.915,0.786,2,5,0,28.571,71.429,0,2026-10-08T15:45:58Z
cycle_horizon,all,operational_station_fallback,Fallback operacional Pedras Rubras/S. Gens,operational_reference_with_incomplete_days,afternoon,tmin,2,D+2,97,67,more_stable,2026-05-29,2026-10-05,2026-05-31,2026-10-07,16.843,15.932,17.495,-0.911,-1.171,-0.652,systematic_underforecast,1.201,1.571,2.32,0.847,0.652,0.38,0.923,systematic_overforecast,1.231,1.491,2.36,0.82,-0.03,49,43,5,50.515,44.33,5.155,2026-10-08T15:45:58Z
target_month,2026-05,operational_station_fallback,Fallback operacional Pedras Rubras/S. Gens,operational_reference_with_incomplete_days,afternoon,tmin,2,D+2,1,0,insufficient,2026-05-29,2026-05-29,2026-05-31,2026-05-31,13.8,13.8,15.4,0,,,inconclusive,0,0,0,,1.6,,,inconclusive,1.6,1.6,1.6,,-1.6,1,0,0,100,0,0,2026-06-01T14:38:04Z
target_month,2026-06,operational_station_fallback,Fallback operacional Pedras Rubras/S. Gens,operational_reference_with_incomplete_days,afternoon,tmin,2,D+2,18,0,limited,2026-05-31,2026-06-28,2026-06-02,2026-06-30,15.269,14.828,15.828,-0.442,-0.993,0.11,inconclusive,0.942,1.165,1.995,0.938,0.558,-0.184,1.3,inconclusive,1.308,1.554,2.17,0.797,-0.367,12,6,0,66.667,33.333,0,2026-07-01T11:39:31Z
target_month,2026-07,operational_station_fallback,Fallback operacional Pedras Rubras/S. Gens,operational_reference_with_incomplete_days,afternoon,tmin,2,D+2,24,17,limited,2026-06-30,2026-07-29,2026-07-02,2026-07-31,17.877,16.704,18.421,-1.173,-1.784,-0.562,systematic_underforecast,1.448,1.839,2.195,0.711,0.544,-0.051,1.139,inconclusive,1.26,1.483,2.155,0.729,0.188,12,11,1,50,45.833,4.167,2026-08-01T10:14:45Z
target_month,2026-08,operational_station_fallback,Fallback operacional Pedras Rubras/S. Gens,operational_reference_with_incomplete_days,afternoon,tmin,2,D+2,25,22,limited,2026-07-30,2026-08-29,2026-08-01,2026-08-31,17.842,16.8,18.784,-1.042,-1.504,-0.58,systematic_underforecast,1.282,1.513,2.07,0.852,0.942,0.619,1.265,systematic_overforecast,0.982,1.214,1.67,0.939,0.3,9,15,1,36,60,4,2026-09-01T13:35:24Z
target_month,2026-09,operational_station_fallback,Fallback operacional Pedras Rubras/S. Gens,operational_reference_with_incomplete_days,afternoon,tmin,2,D+2,22,22,limited,2026-08-30,2026-09-28,2026-09-01,2026-09-30,16.223,15.341,16.727,-0.882,-1.553,-0.211,systematic_underforecast,1.164,1.722,3.2,0.725,0.505,-0.306,1.315,inconclusive,1.6,1.856,2.69,0.6,-0.436,13,7,2,59.091,31.818,9.091,2026-10-01T15:40:49Z
target_month,2026-10,operational_station_fallback,Fallback operacional Pedras Rubras/S. Gens,operational_reference_with_incomplete_days,afternoon,tmin,2,D+2,7,6,insufficient,2026-09-29,2026-10-05,2026-10-01,2026-10-07,16.164,15.186,16.714,-0.979,-1.801,-0.156,systematic_underforecast,1.021,1.279,2.08,0.853,0.55,-0.012,1.112,inconclusive,0.607,0.787,1.25,0.952,0.414,2,4,1,28.571,57.143,14.286,2026-10-08T15:45:58Z
cycle_horizon,all,operational_station_fallback,Fallback operacional Pedras Rubras/S. Gens,operational_reference_with_incomplete_days,afternoon,tmin,3,D+3,95,67,more_stable,2026-05-29,2026-10-04,2026-06-01,2026-10-07,16.937,15.878,17.597,-1.059,-1.322,-0.796,systematic_underforecast,1.309,1.664,2.95,0.886,0.66,0.353,0.967,systematic_overforecast,1.351,1.64,2.57,0.802,-0.041,48,44,3,50.526,46.316,3.158,2026-10-08T15:45:58Z
target_month,2026-06,operational_station_fallback,Fallback operacional Pedras Rubras/S. Gens,operational_reference_with_incomplete_days,afternoon,tmin,3,D+3,18,0,limited,2026-05-29,2026-06-27,2026-06-01,2026-06-30,15.406,14.939,16,-0.467,-1.01,0.076,inconclusive,0.922,1.159,1.895,0.959,0.594,-0.225,1.413,inconclusive,1.383,1.707,2.415,0.873,-0.461,11,6,1,61.111,33.333,5.556,2026-07-01T11:39:31Z
target_month,2026-07,operational_station_fallback,Fallback operacional Pedras Rubras/S. Gens,operational_reference_with_incomplete_days,afternoon,tmin,3,D+3,23,17,limited,2026-06-28,2026-07-28,2026-07-01,2026-07-31,17.848,16.504,18.487,-1.343,-1.934,-0.753,systematic_underforecast,1.574,1.895,2.6,0.853,0.639,-0.131,1.409,inconclusive,1.517,1.854,3.08,0.663,0.057,11,12,0,47.826,52.174,0,2026-08-01T10:14:45Z
target_month,2026-08,operational_station_fallback,Fallback operacional Pedras Rubras/S. Gens,operational_reference_with_incomplete_days,afternoon,tmin,3,D+3,25,22,limited,2026-07-29,2026-08-28,2026-08-01,2026-08-31,17.726,16.6,18.688,-1.126,-1.591,-0.661,systematic_underforecast,1.306,1.577,2.61,0.813,0.962,0.578,1.346,systematic_overforecast,1.122,1.324,2.07,0.879,0.184,12,13,0,48,52,0,2026-09-01T13:35:24Z
target_month,2026-09,operational_station_fallback,Fallback operacional Pedras Rubras/S. Gens,operational_reference_with_incomplete_days,afternoon,tmin,3,D+3,22,22,limited,2026-08-29,2026-09-27,2026-09-01,2026-09-30,16.586,15.355,16.959,-1.232,-1.918,-0.546,systematic_underforecast,1.436,1.95,3.28,0.836,0.373,-0.429,1.174,inconclusive,1.555,1.805,3.075,0.803,-0.118,10,10,2,45.455,45.455,9.091,2026-10-01T15:40:49Z
target_month,2026-10,operational_station_fallback,Fallback operacional Pedras Rubras/S. Gens,operational_reference_with_incomplete_days,afternoon,tmin,3,D+3,7,6,insufficient,2026-09-28,2026-10-04,2026-10-01,2026-10-07,16.164,15.3,16.886,-0.864,-1.732,0.004,inconclusive,1.05,1.225,1.96,0.835,0.721,-0.098,1.541,inconclusive,0.893,1.092,1.69,0.882,0.157,4,3,0,57.143,42.857,0,2026-10-08T15:45:58Z
cycle_horizon,all,operational_station_fallback,Fallback operacional Pedras Rubras/S. Gens,operational_reference_with_incomplete_days,afternoon,tmin,4,D+4,103,72,more_stable,2026-05-29,2026-10-03,2026-06-02,2026-10-07,17.057,15.894,17.587,-1.163,-1.419,-0.907,systematic_underforecast,1.41,1.748,2.69,0.866,0.53,0.221,0.84,systematic_overforecast,1.351,1.663,2.78,0.771,0.058,48,55,0,46.602,53.398,0,2026-10-08T15:45:58Z
target_month,2026-06,operational_station_fallback,Fallback operacional Pedras Rubras/S. Gens,operational_reference_with_incomplete_days,afternoon,tmin,4,D+4,20,0,limited,2026-05-29,2026-06-26,2026-06-02,2026-06-30,15.428,14.6,15.79,-0.828,-1.546,-0.109,systematic_underforecast,1.228,1.71,2.13,0.94,0.362,-0.388,1.113,inconclusive,1.383,1.604,2.27,0.876,-0.155,12,8,0,60,40,0,2026-07-01T11:39:31Z
target_month,2026-07,operational_station_fallback,Fallback operacional Pedras Rubras/S. Gens,operational_reference_with_incomplete_days,afternoon,tmin,4,D+4,26,19,limited,2026-06-27,2026-07-26,2026-07-01,2026-07-30,17.725,16.631,18.381,-1.094,-1.599,-0.589,systematic_underforecast,1.452,1.643,2.4,0.778,0.656,0.014,1.297,systematic_overforecast,1.337,1.69,2.825,0.687,0.115,12,14,0,46.154,53.846,0,2026-07-31T11:05:10Z
target_month,2026-08,operational_station_fallback,Fallback operacional Pedras Rubras/S. Gens,operational_reference_with_incomplete_days,afternoon,tmin,4,D+4,28,25,limited,2026-07-28,2026-08-27,2026-08-01,2026-08-31,17.884,16.625,18.889,-1.259,-1.628,-0.89,systematic_underforecast,1.377,1.568,2.48,0.882,1.005,0.61,1.401,systematic_overforecast,1.116,1.419,2.2,0.856,0.261,11,17,0,39.286,60.714,0,2026-09-01T13:35:24Z
target_month,2026-09,operational_station_fallback,Fallback operacional Pedras Rubras/S. Gens,operational_reference_with_incomplete_days,afternoon,tmin,4,D+4,22,22,limited,2026-08-28,2026-09-26,2026-09-01,2026-09-30,16.982,15.405,17.014,-1.577,-2.298,-0.856,systematic_underforecast,1.745,2.239,3.86,0.844,0.032,-0.886,0.95,inconclusive,1.714,2.023,3.37,0.628,0.032,9,13,0,40.909,59.091,0,2026-10-01T15:40:49Z
target_month,2026-10,operational_station_fallback,Fallback operacional Pedras Rubras/S. Gens,operational_reference_with_incomplete_days,afternoon,tmin,4,D+4,7,6,insufficient,2026-09-27,2026-10-03,2026-10-01,2026-10-07,16.164,15.471,16.371,-0.693,-1.395,0.01,inconclusive,0.85,0.987,1.37,0.899,0.207,-1.125,1.539,inconclusive,1.121,1.35,2.02,0.768,-0.271,4,3,0,57.143,42.857,0,2026-10-08T15:45:58Z
cycle_horizon,all,operational_station_fallback,Fallback operacional Pedras Rubras/S. Gens,operational_reference_with_incomplete_days,afternoon,tmin,5,D+5,34,29,preliminary,2026-06-01,2026-10-02,2026-06-06,2026-10-07,16.712,15.347,16.741,-1.365,-1.756,-0.974,systematic_underforecast,1.388,1.755,3.34,0.846,0.029,-0.497,0.556,inconclusive,1.176,1.487,2.4,0.686,0.212,11,22,1,32.353,64.706,2.941,2026-10-08T15:45:58Z
target_month,2026-06,operational_station_fallback,Fallback operacional Pedras Rubras/S. Gens,operational_reference_with_incomplete_days,afternoon,tmin,5,D+5,4,0,insufficient,2026-06-01,2026-06-22,2026-06-06,2026-06-27,15.725,14.675,16.575,-1.05,-1.991,-0.109,systematic_underforecast,1.05,1.168,1.57,0.907,0.85,0.291,1.409,systematic_overforecast,0.85,0.903,1.17,0.962,0.2,1,3,0,25,75,0,2026-06-28T10:40:55Z
target_month,2026-08,operational_station_fallback,Fallback operacional Pedras Rubras/S. Gens,operational_reference_with_incomplete_days,afternoon,tmin,5,D+5,1,1,insufficient,2026-08-18,2026-08-18,2026-08-23,2026-08-23,16.85,15.6,16.3,-1.25,,,inconclusive,1.25,1.25,1.25,,-0.55,,,inconclusive,0.55,0.55,0.55,,0.7,0,1,0,0,100,0,2026-08-24T09:11:12Z
target_month,2026-09,operational_station_fallback,Fallback operacional Pedras Rubras/S. Gens,operational_reference_with_incomplete_days,afternoon,tmin,5,D+5,22,22,limited,2026-08-27,2026-09-25,2026-09-01,2026-09-30,17.059,15.464,16.868,-1.595,-2.139,-1.052,systematic_underforecast,1.623,1.995,3.4,0.865,-0.191,-0.962,0.581,inconclusive,1.391,1.711,2.4,0.655,0.232,7,14,1,31.818,63.636,4.545,2026-10-01T15:40:49Z
target_month,2026-10,operational_station_fallback,Fallback operacional Pedras Rubras/S. Gens,operational_reference_with_incomplete_days,afternoon,tmin,5,D+5,7,6,insufficient,2026-09-26,2026-10-02,2026-10-01,2026-10-07,16.164,15.329,16.5,-0.836,-1.704,0.033,inconclusive,0.864,1.206,1.85,0.874,0.336,-0.622,1.293,inconclusive,0.779,1.016,1.55,0.812,0.086,3,4,0,42.857,57.143,0,2026-10-08T15:45:58Z
cycle_horizon,all,operational_station_fallback,Fallback operacional Pedras Rubras/S. Gens,operational_reference_with_incomplete_days,afternoon,tmin,6,D+6,33,28,preliminary,2026-06-01,2026-10-01,2026-06-07,2026-10-07,16.798,15.412,16.842,-1.386,-1.939,-0.834,systematic_underforecast,1.632,2.068,3.5,0.754,0.044,-0.747,0.835,inconclusive,1.802,2.197,3.5,0.4,-0.17,17,14,2,51.515,42.424,6.061,2026-10-08T15:45:58Z
target_month,2026-06,operational_station_fallback,Fallback operacional Pedras Rubras/S. Gens,operational_reference_with_incomplete_days,afternoon,tmin,6,D+6,4,0,insufficient,2026-06-01,2026-06-22,2026-06-07,2026-06-28,15.688,14.95,15.95,-0.738,-3.475,2,inconclusive,1.313,1.662,2.445,0.695,0.262,-2.824,3.349,inconclusive,1.462,1.7,2.355,0.562,-0.15,2,2,0,50,50,0,2026-06-29T12:46:53Z
target_month,2026-08,operational_station_fallback,Fallback operacional Pedras Rubras/S. Gens,operational_reference_with_incomplete_days,afternoon,tmin,6,D+6,1,1,insufficient,2026-08-18,2026-08-18,2026-08-24,2026-08-24,18,14.8,14.4,-3.2,,,inconclusive,3.2,3.2,3.2,,-3.6,,,inconclusive,3.6,3.6,3.6,,-0.4,1,0,0,100,0,0,2026-08-25T09:06:02Z
target_month,2026-09,operational_station_fallback,Fallback operacional Pedras Rubras/S. Gens,operational_reference_with_incomplete_days,afternoon,tmin,6,D+6,21,21,limited,2026-08-27,2026-09-24,2026-09-02,2026-09-30,17.164,15.538,17.19,-1.626,-2.395,-0.857,systematic_underforecast,1.902,2.316,3.9,0.76,0.026,-1.063,1.115,inconclusive,1.883,2.335,3.65,0.39,0.019,9,10,2,42.857,47.619,9.524,2026-10-01T15:40:49Z
target_month,2026-10,operational_station_fallback,Fallback operacional Pedras Rubras/S. Gens,operational_reference_with_incomplete_days,afternoon,tmin,6,D+6,7,6,insufficient,2026-09-25,2026-10-01,2026-10-01,2026-10-07,16.164,15.386,16.657,-0.779,-1.426,-0.131,systematic_underforecast,0.779,1.013,1.44,0.913,0.493,-1.138,2.124,inconclusive,1.493,1.706,2.4,0.436,-0.714,5,2,0,71.429,28.571,0,2026-10-08T15:45:58Z
cycle_horizon,all,operational_station_fallback,Fallback operacional Pedras Rubras/S. Gens,operational_reference_with_incomplete_days,afternoon,tmin,7,D+7,32,27,preliminary,2026-06-01,2026-09-30,2026-06-08,2026-10-07,16.548,15.2,17.103,-1.348,-2.024,-0.672,systematic_underforecast,1.745,2.286,4.245,0.539,0.555,-0.252,1.362,inconclusive,1.83,2.272,3.795,0.359,-0.084,18,14,0,56.25,43.75,0,2026-10-08T15:45:58Z
target_month,2026-06,operational_station_fallback,Fallback operacional Pedras Rubras/S. Gens,operational_reference_with_incomplete_days,afternoon,tmin,7,D+7,4,0,insufficient,2026-06-01,2026-06-22,2026-06-08,2026-06-29,15.6,15.825,16.975,0.225,-0.157,0.607,inconclusive,0.25,0.306,0.435,0.999,1.375,-0.511,3.261,inconclusive,1.375,1.716,2.545,0.926,-1.125,4,0,0,100,0,0,2026-06-30T11:28:55Z
target_month,2026-08,operational_station_fallback,Fallback operacional Pedras Rubras/S. Gens,operational_reference_with_incomplete_days,afternoon,tmin,7,D+7,1,1,insufficient,2026-08-18,2026-08-18,2026-08-25,2026-08-25,18.35,14.1,14.3,-4.25,,,inconclusive,4.25,4.25,4.25,,-4.05,,,inconclusive,4.05,4.05,4.05,,0.2,0,1,0,0,100,0,2026-08-26T09:08:46Z
target_month,2026-09,operational_station_fallback,Fallback operacional Pedras Rubras/S. Gens,operational_reference_with_incomplete_days,afternoon,tmin,7,D+7,20,20,limited,2026-08-27,2026-09-23,2026-09-03,2026-09-30,16.782,15.24,17.37,-1.542,-2.449,-0.636,systematic_underforecast,1.987,2.437,4.21,0.593,0.588,-0.531,1.706,inconclusive,1.957,2.403,3.855,0.361,0.03,10,10,0,50,50,0,2026-10-01T15:40:49Z
target_month,2026-10,operational_station_fallback,Fallback operacional Pedras Rubras/S. Gens,operational_reference_with_incomplete_days,afternoon,tmin,7,D+7,7,6,insufficient,2026-09-24,2026-09-30,2026-10-01,2026-10-07,16.164,14.886,16.814,-1.279,-2.901,0.344,inconclusive,1.55,2.067,3.07,0.474,0.65,-0.98,2.28,inconclusive,1.407,1.757,2.6,0.562,0.143,4,3,0,57.143,42.857,0,2026-10-08T15:45:58Z
cycle_horizon,all,operational_station_fallback,Fallback operacional Pedras Rubras/S. Gens,operational_reference_with_incomplete_days,afternoon,tmin,8,D+8,31,25,preliminary,2026-06-01,2026-09-29,2026-06-09,2026-10-07,16.355,15.045,16.368,-1.31,-2.05,-0.57,systematic_underforecast,1.874,2.378,4.1,0.473,0.013,-0.897,0.923,inconclusive,1.871,2.441,3.5,0.328,0.003,16,14,1,51.613,45.161,3.226,2026-10-08T15:45:58Z
target_month,2026-06,operational_station_fallback,Fallback operacional Pedras Rubras/S. Gens,operational_reference_with_incomplete_days,afternoon,tmin,8,D+8,4,0,insufficient,2026-06-01,2026-06-22,2026-06-09,2026-06-30,15.787,16.55,17.725,0.762,-0.717,2.242,inconclusive,0.787,1.109,1.635,0.989,1.937,0.151,3.724,systematic_overforecast,1.937,2.168,3.005,0.911,-1.15,4,0,0,100,0,0,2026-07-01T11:39:31Z
target_month,2026-08,operational_station_fallback,Fallback operacional Pedras Rubras/S. Gens,operational_reference_with_incomplete_days,afternoon,tmin,8,D+8,1,0,insufficient,2026-08-18,2026-08-18,2026-08-26,2026-08-26,16.7,14.5,13.8,-2.2,,,inconclusive,2.2,2.2,2.2,,-2.9,,,inconclusive,2.9,2.9,2.9,,-0.7,1,0,0,100,0,0,2026-08-27T19:10:57Z
target_month,2026-09,operational_station_fallback,Fallback operacional Pedras Rubras/S. Gens,operational_reference_with_incomplete_days,afternoon,tmin,8,D+8,19,19,limited,2026-08-27,2026-09-22,2026-09-04,2026-09-30,16.526,15.068,16.705,-1.458,-2.504,-0.412,systematic_underforecast,2.053,2.567,4.18,0.495,0.179,-1.14,1.498,inconclusive,2.037,2.67,3.95,0.218,0.016,9,9,1,47.368,47.368,5.263,2026-10-01T15:40:49Z
target_month,2026-10,operational_station_fallback,Fallback operacional Pedras Rubras/S. Gens,operational_reference_with_incomplete_days,afternoon,tmin,8,D+8,7,6,insufficient,2026-09-23,2026-09-29,2026-10-01,2026-10-07,16.164,14.2,15.043,-1.964,-3.341,-0.587,systematic_underforecast,1.964,2.4,3.8,0.57,-1.121,-2.498,0.255,inconclusive,1.236,1.777,3.11,0.738,0.729,2,5,0,28.571,71.429,0,2026-10-08T15:45:58Z
cycle_horizon,all,operational_station_fallback,Fallback operacional Pedras Rubras/S. Gens,operational_reference_with_incomplete_days,afternoon,tmin,9,D+9,30,24,preliminary,2026-06-01,2026-09-28,2026-06-10,2026-10-07,16.095,15.023,16.193,-1.072,-1.887,-0.256,systematic_underforecast,1.932,2.4,4.1,0.244,0.098,-0.945,1.141,inconclusive,2.248,2.748,4.765,0.226,-0.317,18,11,1,60,36.667,3.333,2026-10-08T15:45:58Z
target_month,2026-06,operational_station_fallback,Fallback operacional Pedras Rubras/S. Gens,operational_reference_with_incomplete_days,afternoon,tmin,9,D+9,3,0,insufficient,2026-06-01,2026-06-16,2026-06-10,2026-06-25,16.133,17.033,18.4,0.9,-5.148,6.948,inconclusive,1.833,2.182,3.04,0.845,2.267,-8.096,12.629,inconclusive,3.267,4.091,5.71,-0.592,-1.433,3,0,0,100,0,0,2026-06-26T11:24:44Z
target_month,2026-07,operational_station_fallback,Fallback operacional Pedras Rubras/S. Gens,operational_reference_with_incomplete_days,afternoon,tmin,9,D+9,1,0,insufficient,2026-06-22,2026-06-22,2026-07-01,2026-07-01,15.95,17.5,18.4,1.55,,,inconclusive,1.55,1.55,1.55,,2.45,,,inconclusive,2.45,2.45,2.45,,-0.9,1,0,0,100,0,0,2026-07-02T11:08:18Z
target_month,2026-08,operational_station_fallback,Fallback operacional Pedras Rubras/S. Gens,operational_reference_with_incomplete_days,afternoon,tmin,9,D+9,1,0,insufficient,2026-08-18,2026-08-18,2026-08-27,2026-08-27,14.35,13.9,14.6,-0.45,,,inconclusive,0.45,0.45,0.45,,0.25,,,inconclusive,0.25,0.25,0.25,,0.2,0,1,0,0,100,0,2026-08-27T23:52:07Z
target_month,2026-09,operational_station_fallback,Fallback operacional Pedras Rubras/S. Gens,operational_reference_with_incomplete_days,afternoon,tmin,9,D+9,18,18,limited,2026-08-27,2026-09-21,2026-09-05,2026-09-30,16.167,15.05,16.539,-1.117,-2.134,-0.099,systematic_underforecast,1.794,2.281,4.03,0.315,0.372,-0.72,1.465,inconclusive,1.872,2.167,3.305,0.506,-0.078,8,9,1,44.444,50,5.556,2026-10-01T15:40:49Z
target_month,2026-10,operational_station_fallback,Fallback operacional Pedras Rubras/S. Gens,operational_reference_with_incomplete_days,afternoon,tmin,9,D+9,7,6,insufficient,2026-09-22,2026-09-28,2026-10-01,2026-10-07,16.164,13.9,14.271,-2.264,-4.205,-0.323,systematic_underforecast,2.593,2.984,4.2,-0.063,-1.893,-4.833,1.047,inconclusive,3.036,3.499,4.96,-0.313,-0.443,6,1,0,85.714,14.286,0,2026-10-08T15:45:58Z
cycle_horizon,all,operational_station_fallback,Fallback operacional Pedras Rubras/S. Gens,operational_reference_with_incomplete_days,morning,tmin,0,D+0,41,23,preliminary,2026-05-30,2026-09-19,2026-05-30,2026-09-19,17.218,16.241,17.78,-0.977,-1.341,-0.613,systematic_underforecast,1.087,1.501,2.55,0.926,0.562,0.139,0.986,systematic_overforecast,1.16,1.439,2.5,0.862,-0.073,23,16,2,56.098,39.024,4.878,2026-09-20T13:07:39Z
target_month,2026-05,operational_station_fallback,Fallback operacional Pedras Rubras/S. Gens,operational_reference_with_incomplete_days,morning,tmin,0,D+0,1,0,insufficient,2026-05-30,2026-05-30,2026-05-30,2026-05-30,15.6,15.7,16.8,0.1,,,inconclusive,0.1,0.1,0.1,,1.2,,,inconclusive,1.2,1.2,1.2,,-1.1,1,0,0,100,0,0,2026-05-31T10:31:32Z
target_month,2026-06,operational_station_fallback,Fallback operacional Pedras Rubras/S. Gens,operational_reference_with_incomplete_days,morning,tmin,0,D+0,12,0,limited,2026-06-08,2026-06-30,2026-06-08,2026-06-30,15.662,14.783,16.192,-0.879,-1.606,-0.153,systematic_underforecast,0.971,1.404,2.705,0.949,0.529,-0.5,1.558,inconclusive,1.321,1.638,1.815,0.891,-0.35,8,4,0,66.667,33.333,0,2026-07-01T11:39:31Z
target_month,2026-07,operational_station_fallback,Fallback operacional Pedras Rubras/S. Gens,operational_reference_with_incomplete_days,morning,tmin,0,D+0,11,7,limited,2026-07-01,2026-07-30,2026-07-01,2026-07-30,17.682,16.873,18.618,-0.809,-1.768,0.15,inconclusive,1.082,1.583,1.55,0.908,0.936,-0.021,1.894,inconclusive,1.364,1.651,2.55,0.869,-0.282,6,4,1,54.545,36.364,9.091,2026-07-31T11:05:10Z
target_month,2026-08,operational_station_fallback,Fallback operacional Pedras Rubras/S. Gens,operational_reference_with_incomplete_days,morning,tmin,0,D+0,9,8,insufficient,2026-08-03,2026-08-29,2026-08-03,2026-08-29,18.328,17.111,18.722,-1.217,-2.03,-0.403,systematic_underforecast,1.217,1.573,2.71,0.919,0.394,-0.149,0.938,inconclusive,0.706,0.774,1.02,0.948,0.511,3,5,1,33.333,55.556,11.111,2026-08-30T13:53:39Z
target_month,2026-09,operational_station_fallback,Fallback operacional Pedras Rubras/S. Gens,operational_reference_with_incomplete_days,morning,tmin,0,D+0,8,8,insufficient,2026-09-03,2026-09-19,2026-09-03,2026-09-19,17.869,16.65,18.075,-1.219,-2.051,-0.386,systematic_underforecast,1.244,1.534,2.3,0.925,0.206,-1.041,1.454,inconclusive,1.144,1.411,2.5,0.674,0.1,5,3,0,62.5,37.5,0,2026-09-20T13:07:39Z
cycle_horizon,all,operational_station_fallback,Fallback operacional Pedras Rubras/S. Gens,operational_reference_with_incomplete_days,morning,tmin,1,D+1,42,23,preliminary,2026-05-30,2026-09-19,2026-05-31,2026-09-20,17.696,16.448,17.952,-1.249,-1.637,-0.861,systematic_underforecast,1.385,1.752,3.03,0.895,0.256,-0.241,0.753,inconclusive,1.277,1.597,2.475,0.769,0.107,20,20,2,47.619,47.619,4.762,2026-09-21T15:13:21Z
target_month,2026-05,operational_station_fallback,Fallback operacional Pedras Rubras/S. Gens,operational_reference_with_incomplete_days,morning,tmin,1,D+1,1,0,insufficient,2026-05-30,2026-05-30,2026-05-31,2026-05-31,13.8,13.3,15.9,-0.5,,,inconclusive,0.5,0.5,0.5,,2.1,,,inconclusive,2.1,2.1,2.1,,-1.6,1,0,0,100,0,0,2026-06-01T14:38:04Z
target_month,2026-06,operational_station_fallback,Fallback operacional Pedras Rubras/S. Gens,operational_reference_with_incomplete_days,morning,tmin,1,D+1,12,0,limited,2026-06-09,2026-06-29,2026-06-10,2026-06-30,16.829,15.675,16.642,-1.154,-1.894,-0.415,systematic_underforecast,1.196,1.604,2.475,0.916,-0.187,-1.482,1.107,inconclusive,1.446,1.959,2.7,0.63,-0.25,8,4,0,66.667,33.333,0,2026-07-01T11:39:31Z
target_month,2026-07,operational_station_fallback,Fallback operacional Pedras Rubras/S. Gens,operational_reference_with_incomplete_days,morning,tmin,1,D+1,10,5,limited,2026-07-01,2026-07-27,2026-07-02,2026-07-28,18.12,16.76,18.49,-1.36,-2.209,-0.511,systematic_underforecast,1.47,1.765,2.12,0.916,0.37,-0.614,1.354,inconclusive,1.17,1.357,1.96,0.869,0.3,4,5,1,40,50,10,2026-07-29T11:00:40Z
target_month,2026-08,operational_station_fallback,Fallback operacional Pedras Rubras/S. Gens,operational_reference_with_incomplete_days,morning,tmin,1,D+1,11,10,limited,2026-08-02,2026-08-29,2026-08-03,2026-08-30,18.014,16.955,18.9,-1.059,-1.889,-0.229,systematic_underforecast,1.323,1.584,2.85,0.881,0.886,0.278,1.495,systematic_overforecast,0.986,1.237,1.85,0.905,0.336,3,8,0,27.273,72.727,0,2026-08-31T16:15:47Z
target_month,2026-09,operational_station_fallback,Fallback operacional Pedras Rubras/S. Gens,operational_reference_with_incomplete_days,morning,tmin,1,D+1,8,8,insufficient,2026-09-03,2026-09-19,2026-09-04,2026-09-20,18.519,16.913,18.2,-1.606,-2.963,-0.249,systematic_underforecast,1.756,2.21,3.66,0.849,-0.319,-1.752,1.114,inconclusive,1.456,1.635,2.3,0.724,0.3,4,3,1,50,37.5,12.5,2026-09-21T15:13:21Z
cycle_horizon,all,operational_station_fallback,Fallback operacional Pedras Rubras/S. Gens,operational_reference_with_incomplete_days,morning,tmin,2,D+2,36,21,preliminary,2026-05-30,2026-09-19,2026-06-01,2026-09-21,17.464,16.142,17.683,-1.322,-1.734,-0.91,systematic_underforecast,1.444,1.786,3.2,0.949,0.219,-0.428,0.867,inconclusive,1.464,1.899,3.25,0.744,-0.019,17,19,0,47.222,52.778,0,2026-09-22T13:31:58Z
target_month,2026-06,operational_station_fallback,Fallback operacional Pedras Rubras/S. Gens,operational_reference_with_incomplete_days,morning,tmin,2,D+2,12,0,limited,2026-05-30,2026-06-27,2026-06-01,2026-06-29,16.467,15.483,16.55,-0.983,-1.733,-0.233,systematic_underforecast,1.183,1.498,2.465,0.947,0.083,-1.105,1.272,inconclusive,1.275,1.792,2.5,0.757,-0.092,7,5,0,58.333,41.667,0,2026-06-30T11:28:55Z
target_month,2026-07,operational_station_fallback,Fallback operacional Pedras Rubras/S. Gens,operational_reference_with_incomplete_days,morning,tmin,2,D+2,7,4,insufficient,2026-06-29,2026-07-27,2026-07-01,2026-07-29,18.536,16.986,18.686,-1.55,-2.991,-0.109,systematic_underforecast,1.793,2.117,2.96,0.954,0.15,-1.784,2.084,inconclusive,1.364,1.942,3.43,0.876,0.429,1,6,0,14.286,85.714,0,2026-07-30T10:37:22Z
target_month,2026-08,operational_station_fallback,Fallback operacional Pedras Rubras/S. Gens,operational_reference_with_incomplete_days,morning,tmin,2,D+2,9,9,insufficient,2026-08-03,2026-08-29,2026-08-05,2026-08-31,17.272,16.167,18.367,-1.106,-1.783,-0.428,systematic_underforecast,1.139,1.383,1.99,0.829,1.094,0.281,1.908,systematic_overforecast,1.306,1.481,2.04,0.715,-0.167,5,4,0,55.556,44.444,0,2026-09-01T13:35:24Z
target_month,2026-09,operational_station_fallback,Fallback operacional Pedras Rubras/S. Gens,operational_reference_with_incomplete_days,morning,tmin,2,D+2,8,8,insufficient,2026-09-03,2026-09-19,2026-09-05,2026-09-21,18.238,16.363,17.738,-1.875,-2.93,-0.82,systematic_underforecast,1.875,2.216,3.245,0.984,-0.5,-2.574,1.574,inconclusive,2.013,2.374,3.535,0.736,-0.138,4,4,0,50,50,0,2026-09-22T13:31:58Z
cycle_horizon,all,operational_station_fallback,Fallback operacional Pedras Rubras/S. Gens,operational_reference_with_incomplete_days,morning,tmin,3,D+3,36,21,preliminary,2026-05-30,2026-09-19,2026-06-02,2026-09-22,17.139,16.444,17.914,-0.694,-1.048,-0.341,systematic_underforecast,1.031,1.242,1.8,0.885,0.775,0.328,1.222,systematic_overforecast,1.264,1.517,2.575,0.807,-0.233,19,16,1,52.778,44.444,2.778,2026-09-23T13:45:43Z
target_month,2026-06,operational_station_fallback,Fallback operacional Pedras Rubras/S. Gens,operational_reference_with_incomplete_days,morning,tmin,3,D+3,11,0,limited,2026-05-30,2026-06-26,2026-06-02,2026-06-29,16.627,15.927,16.873,-0.7,-1.177,-0.223,systematic_underforecast,0.827,0.974,1.55,0.934,0.245,-0.614,1.105,inconclusive,1.027,1.244,1.5,0.611,-0.2,6,5,0,54.545,45.455,0,2026-06-30T11:28:55Z
target_month,2026-07,operational_station_fallback,Fallback operacional Pedras Rubras/S. Gens,operational_reference_with_incomplete_days,morning,tmin,3,D+3,8,4,insufficient,2026-06-29,2026-07-27,2026-07-02,2026-07-30,18.538,17.637,19.188,-0.9,-2.213,0.413,inconclusive,1.45,1.723,2.29,0.852,0.65,-0.326,1.626,inconclusive,1.025,1.271,2.095,0.919,0.425,3,5,0,37.5,62.5,0,2026-07-31T11:05:10Z
target_month,2026-08,operational_station_fallback,Fallback operacional Pedras Rubras/S. Gens,operational_reference_with_incomplete_days,morning,tmin,3,D+3,8,8,insufficient,2026-08-03,2026-08-28,2026-08-06,2026-08-31,17.219,16.65,18.85,-0.569,-1.449,0.312,inconclusive,0.956,1.138,1.605,0.926,1.631,0.72,2.542,systematic_overforecast,1.631,1.924,2.83,0.908,-0.675,5,2,1,62.5,25,12.5,2026-09-01T13:35:24Z
target_month,2026-09,operational_station_fallback,Fallback operacional Pedras Rubras/S. Gens,operational_reference_with_incomplete_days,morning,tmin,3,D+3,9,9,insufficient,2026-08-29,2026-09-19,2026-09-01,2026-09-22,16.45,15.833,17.222,-0.617,-1.366,0.132,inconclusive,0.972,1.106,1.66,0.879,0.772,-0.377,1.922,inconclusive,1.439,1.608,2.54,0.463,-0.467,5,4,0,55.556,44.444,0,2026-09-23T13:45:43Z
cycle_horizon,all,operational_station_fallback,Fallback operacional Pedras Rubras/S. Gens,operational_reference_with_incomplete_days,morning,tmin,4,D+4,28,16,limited,2026-05-30,2026-09-19,2026-06-03,2026-09-23,16.75,16.132,17.85,-0.618,-1.054,-0.182,systematic_underforecast,0.875,1.266,1.81,0.902,1.1,0.468,1.732,systematic_overforecast,1.689,1.942,3.065,0.759,-0.814,21,7,0,75,25,0,2026-09-24T13:40:48Z
target_month,2026-06,operational_station_fallback,Fallback operacional Pedras Rubras/S. Gens,operational_reference_with_incomplete_days,morning,tmin,4,D+4,9,0,insufficient,2026-05-30,2026-06-23,2026-06-03,2026-06-27,16.6,16.178,17.078,-0.422,-1.003,0.159,inconclusive,0.678,0.828,1.41,0.872,0.478,-0.621,1.577,inconclusive,1.211,1.43,1.84,0.555,-0.533,7,2,0,77.778,22.222,0,2026-06-28T10:40:55Z
target_month,2026-07,operational_station_fallback,Fallback operacional Pedras Rubras/S. Gens,operational_reference_with_incomplete_days,morning,tmin,4,D+4,5,2,insufficient,2026-06-29,2026-07-27,2026-07-03,2026-07-31,19.59,18.32,19.62,-1.27,-3.716,1.176,inconclusive,1.47,2.172,3.42,0.903,0.03,-2.321,2.381,inconclusive,1.55,1.694,2.3,0.947,-0.08,3,2,0,60,40,0,2026-08-01T10:14:45Z
target_month,2026-08,operational_station_fallback,Fallback operacional Pedras Rubras/S. Gens,operational_reference_with_incomplete_days,morning,tmin,4,D+4,4,4,insufficient,2026-08-03,2026-08-26,2026-08-07,2026-08-30,16.488,16.025,18.425,-0.463,-2.09,1.165,inconclusive,0.813,0.999,1.465,0.691,1.938,-0.026,3.901,inconclusive,1.938,2.213,3.04,0.504,-1.125,3,1,0,75,25,0,2026-08-31T16:15:47Z
target_month,2026-09,operational_station_fallback,Fallback operacional Pedras Rubras/S. Gens,operational_reference_with_incomplete_days,morning,tmin,4,D+4,10,10,limited,2026-08-28,2026-09-19,2026-09-01,2026-09-23,15.57,15.04,17.43,-0.53,-1.217,0.157,inconclusive,0.78,1.055,1.81,0.748,1.86,0.831,2.889,systematic_overforecast,2.09,2.307,3.41,0.438,-1.31,8,2,0,80,20,0,2026-09-24T13:40:48Z
cycle_horizon,all,operational_station_fallback,Fallback operacional Pedras Rubras/S. Gens,operational_reference_with_incomplete_days,morning,tmin,5,D+5,95,59,more_stable,2026-05-29,2026-09-19,2026-06-03,2026-09-24,17.223,16.162,17.908,-1.061,-1.345,-0.776,systematic_underforecast,1.382,1.749,2.53,0.852,0.686,0.329,1.042,systematic_overforecast,1.436,1.871,2.9,0.734,-0.055,42,49,4,44.211,51.579,4.211,2026-09-25T13:59:55Z
target_month,2026-06,operational_station_fallback,Fallback operacional Pedras Rubras/S. Gens,operational_reference_with_incomplete_days,morning,tmin,5,D+5,23,0,limited,2026-05-29,2026-06-25,2026-06-03,2026-06-30,15.98,15.174,16.304,-0.807,-1.569,-0.044,systematic_underforecast,1.311,1.904,2.53,0.814,0.324,-0.642,1.29,inconclusive,1.502,2.208,3.39,0.621,-0.191,12,10,1,52.174,43.478,4.348,2026-07-01T11:39:31Z
target_month,2026-07,operational_station_fallback,Fallback operacional Pedras Rubras/S. Gens,operational_reference_with_incomplete_days,morning,tmin,5,D+5,31,21,preliminary,2026-06-26,2026-07-26,2026-07-01,2026-07-31,18.026,16.81,18.735,-1.216,-1.743,-0.689,systematic_underforecast,1.545,1.864,2.5,0.821,0.71,0.142,1.277,systematic_overforecast,1.39,1.68,2.7,0.779,0.155,13,17,1,41.935,54.839,3.226,2026-08-01T10:14:45Z
target_month,2026-08,operational_station_fallback,Fallback operacional Pedras Rubras/S. Gens,operational_reference_with_incomplete_days,morning,tmin,5,D+5,31,28,preliminary,2026-07-27,2026-08-26,2026-08-01,2026-08-31,17.813,16.548,18.629,-1.265,-1.649,-0.88,systematic_underforecast,1.423,1.632,2.15,0.842,0.816,0.283,1.349,systematic_overforecast,1.306,1.647,2.85,0.724,0.116,11,20,0,35.484,64.516,0,2026-09-01T13:35:24Z
target_month,2026-09,operational_station_fallback,Fallback operacional Pedras Rubras/S. Gens,operational_reference_with_incomplete_days,morning,tmin,5,D+5,10,10,limited,2026-08-28,2026-09-19,2026-09-02,2026-09-24,15.76,15.23,16.8,-0.53,-1.422,0.362,inconclusive,0.91,1.296,1.34,0.881,1.04,-0.432,2.512,inconclusive,1.83,2.212,3.175,0.474,-0.92,6,2,2,60,20,20,2026-09-25T13:59:55Z
cycle_horizon,all,operational_station_fallback,Fallback operacional Pedras Rubras/S. Gens,operational_reference_with_incomplete_days,morning,tmin,6,D+6,95,60,more_stable,2026-05-29,2026-09-19,2026-06-04,2026-09-25,17.266,16.153,18.066,-1.114,-1.444,-0.783,systematic_underforecast,1.494,1.96,2.71,0.757,0.8,0.375,1.225,systematic_overforecast,1.674,2.224,3.58,0.601,-0.18,46,48,1,48.421,50.526,1.053,2026-09-26T13:16:04Z
target_month,2026-06,operational_station_fallback,Fallback operacional Pedras Rubras/S. Gens,operational_reference_with_incomplete_days,morning,tmin,6,D+6,22,0,limited,2026-05-29,2026-06-24,2026-06-04,2026-06-30,16.116,15.227,16.477,-0.889,-1.801,0.024,inconclusive,1.484,2.198,2.62,0.657,0.361,-0.795,1.518,inconclusive,1.611,2.573,3.52,0.442,-0.127,9,12,1,40.909,54.545,4.545,2026-07-01T11:39:31Z
target_month,2026-07,operational_station_fallback,Fallback operacional Pedras Rubras/S. Gens,operational_reference_with_incomplete_days,morning,tmin,6,D+6,31,21,preliminary,2026-06-25,2026-07-25,2026-07-01,2026-07-31,18.026,16.861,18.855,-1.165,-1.718,-0.611,systematic_underforecast,1.442,1.887,2.5,0.814,0.829,0.123,1.535,systematic_overforecast,1.584,2.067,2.9,0.638,-0.142,16,15,0,51.613,48.387,0,2026-08-01T10:14:45Z
target_month,2026-08,operational_station_fallback,Fallback operacional Pedras Rubras/S. Gens,operational_reference_with_incomplete_days,morning,tmin,6,D+6,31,28,preliminary,2026-07-26,2026-08-25,2026-08-01,2026-08-31,17.813,16.294,18.652,-1.519,-2.036,-1.003,systematic_underforecast,1.732,2.056,3.2,0.668,0.839,0.141,1.536,systematic_overforecast,1.745,2.051,3.15,0.529,-0.013,13,18,0,41.935,58.065,0,2026-09-01T13:35:24Z
target_month,2026-09,operational_station_fallback,Fallback operacional Pedras Rubras/S. Gens,operational_reference_with_incomplete_days,morning,tmin,6,D+6,11,11,limited,2026-08-26,2026-09-19,2026-09-01,2026-09-25,15.886,15.609,17.373,-0.277,-1.14,0.586,inconclusive,0.986,1.256,1.85,0.789,1.486,0.194,2.779,systematic_overforecast,1.85,2.361,3.75,0.532,-0.864,8,3,0,72.727,27.273,0,2026-09-26T13:16:04Z
cycle_horizon,all,operational_station_fallback,Fallback operacional Pedras Rubras/S. Gens,operational_reference_with_incomplete_days,morning,tmin,7,D+7,95,61,more_stable,2026-05-29,2026-09-19,2026-06-05,2026-09-26,17.387,16.096,17.639,-1.291,-1.67,-0.912,systematic_underforecast,1.768,2.258,3.18,0.681,0.252,-0.167,0.671,inconclusive,1.541,2.062,3.1,0.611,0.227,32,63,0,33.684,66.316,0,2026-09-27T14:09:28Z
target_month,2026-06,operational_station_fallback,Fallback operacional Pedras Rubras/S. Gens,operational_reference_with_incomplete_days,morning,tmin,7,D+7,21,0,limited,2026-05-29,2026-06-23,2026-06-05,2026-06-30,16.029,15.2,16.324,-0.829,-1.893,0.235,inconclusive,1.681,2.427,2.75,0.603,0.295,-0.932,1.523,inconclusive,1.89,2.648,3.15,0.425,-0.21,9,12,0,42.857,57.143,0,2026-07-01T11:39:31Z
target_month,2026-07,operational_station_fallback,Fallback operacional Pedras Rubras/S. Gens,operational_reference_with_incomplete_days,morning,tmin,7,D+7,31,21,preliminary,2026-06-24,2026-07-24,2026-07-01,2026-07-31,18.026,16.865,18.539,-1.161,-1.803,-0.519,systematic_underforecast,1.587,2.077,2.45,0.713,0.513,-0.186,1.212,inconclusive,1.565,1.943,3.1,0.636,0.023,13,18,0,41.935,58.065,0,2026-08-01T10:14:45Z
target_month,2026-08,operational_station_fallback,Fallback operacional Pedras Rubras/S. Gens,operational_reference_with_incomplete_days,morning,tmin,7,D+7,31,28,preliminary,2026-07-25,2026-08-24,2026-08-01,2026-08-31,17.813,16.142,17.887,-1.671,-2.213,-1.129,systematic_underforecast,1.926,2.215,3,0.625,0.074,-0.588,0.737,inconclusive,1.316,1.778,2.65,0.546,0.61,7,24,0,22.581,77.419,0,2026-09-01T13:35:24Z
target_month,2026-09,operational_station_fallback,Fallback operacional Pedras Rubras/S. Gens,operational_reference_with_incomplete_days,morning,tmin,7,D+7,12,12,limited,2026-08-25,2026-09-19,2026-09-01,2026-09-26,17.012,15.558,16.975,-1.454,-2.803,-0.105,systematic_underforecast,1.979,2.499,4.32,0.659,-0.038,-1.27,1.195,inconclusive,1.446,1.858,2.99,0.721,0.533,3,9,0,25,75,0,2026-09-27T14:09:28Z
cycle_horizon,all,operational_station_fallback,Fallback operacional Pedras Rubras/S. Gens,operational_reference_with_incomplete_days,morning,tmin,8,D+8,95,62,more_stable,2026-05-29,2026-09-19,2026-06-06,2026-09-27,17.467,16.167,17.508,-1.299,-1.658,-0.941,systematic_underforecast,1.752,2.18,3.62,0.635,0.042,-0.452,0.535,inconclusive,1.807,2.409,3.63,0.48,-0.055,46,49,0,48.421,51.579,0,2026-09-28T16:51:47Z
target_month,2026-06,operational_station_fallback,Fallback operacional Pedras Rubras/S. Gens,operational_reference_with_incomplete_days,morning,tmin,8,D+8,20,0,limited,2026-05-29,2026-06-21,2026-06-06,2026-06-29,15.953,15.205,16.96,-0.748,-1.456,-0.039,systematic_underforecast,1.343,1.654,2.355,0.668,1.007,0.018,1.997,systematic_overforecast,1.692,2.294,3.225,0.539,-0.35,13,7,0,65,35,0,2026-06-30T11:28:55Z
target_month,2026-07,operational_station_fallback,Fallback operacional Pedras Rubras/S. Gens,operational_reference_with_incomplete_days,morning,tmin,8,D+8,31,21,preliminary,2026-06-23,2026-07-23,2026-07-01,2026-07-31,18.026,16.958,18.584,-1.068,-1.71,-0.426,systematic_underforecast,1.552,2.026,2.95,0.72,0.558,-0.434,1.55,inconclusive,1.897,2.718,3.7,0.519,-0.345,15,16,0,48.387,51.613,0,2026-08-01T10:14:45Z
target_month,2026-08,operational_station_fallback,Fallback operacional Pedras Rubras/S. Gens,operational_reference_with_incomplete_days,morning,tmin,8,D+8,31,28,preliminary,2026-07-24,2026-08-23,2026-08-01,2026-08-31,17.813,16.213,17.081,-1.6,-2.2,-1,systematic_underforecast,1.981,2.269,3.35,0.512,-0.732,-1.445,-0.02,systematic_underforecast,1.603,2.047,3.55,0.431,0.377,12,19,0,38.71,61.29,0,2026-09-01T13:35:24Z
target_month,2026-09,operational_station_fallback,Fallback operacional Pedras Rubras/S. Gens,operational_reference_with_incomplete_days,morning,tmin,8,D+8,13,13,limited,2026-08-24,2026-09-19,2026-09-01,2026-09-27,17.638,15.654,16.808,-1.985,-3.322,-0.647,systematic_underforecast,2.315,2.909,4.64,0.312,-0.831,-2.375,0.713,inconclusive,2.254,2.592,3.6,0.318,0.062,6,7,0,46.154,53.846,0,2026-09-28T16:51:47Z
cycle_horizon,all,operational_station_fallback,Fallback operacional Pedras Rubras/S. Gens,operational_reference_with_incomplete_days,morning,tmin,9,D+9,90,60,more_stable,2026-05-29,2026-09-19,2026-06-07,2026-09-28,17.627,16.287,17.93,-1.34,-1.731,-0.949,systematic_underforecast,1.727,2.288,3.365,0.597,0.303,-0.31,0.917,inconclusive,2.029,2.928,4.26,0.418,-0.302,44,44,2,48.889,48.889,2.222,2026-09-29T14:56:00Z
target_month,2026-06,operational_station_fallback,Fallback operacional Pedras Rubras/S. Gens,operational_reference_with_incomplete_days,morning,tmin,9,D+9,19,0,limited,2026-05-29,2026-06-21,2026-06-07,2026-06-30,16.368,15.447,17.042,-0.921,-1.832,-0.011,systematic_underforecast,1.179,2.057,2.31,0.553,0.674,-0.68,2.027,inconclusive,1.889,2.816,3.52,0.448,-0.711,12,6,1,63.158,31.579,5.263,2026-07-01T11:39:31Z
target_month,2026-07,operational_station_fallback,Fallback operacional Pedras Rubras/S. Gens,operational_reference_with_incomplete_days,morning,tmin,9,D+9,30,21,preliminary,2026-06-23,2026-07-22,2026-07-02,2026-07-31,18.095,17.04,19.21,-1.055,-1.706,-0.404,systematic_underforecast,1.555,2.012,2.87,0.736,1.115,-0.204,2.434,inconclusive,2.332,3.648,6.575,0.359,-0.777,15,14,1,50,46.667,3.333,2026-08-01T10:14:45Z
target_month,2026-08,operational_station_fallback,Fallback operacional Pedras Rubras/S. Gens,operational_reference_with_incomplete_days,morning,tmin,9,D+9,30,28,preliminary,2026-07-23,2026-08-22,2026-08-01,2026-08-31,17.928,16.29,17.38,-1.638,-2.252,-1.025,systematic_underforecast,2.005,2.3,3.515,0.444,-0.548,-1.371,0.275,inconclusive,1.852,2.235,3.76,0.459,0.153,13,17,0,43.333,56.667,0,2026-09-01T13:35:24Z
target_month,2026-09,operational_station_fallback,Fallback operacional Pedras Rubras/S. Gens,operational_reference_with_incomplete_days,morning,tmin,9,D+9,11,11,limited,2026-08-23,2026-09-19,2026-09-01,2026-09-28,17.7,15.673,17.473,-2.027,-3.746,-0.308,systematic_underforecast,2.382,3.172,5.4,0.383,-0.227,-2.021,1.567,inconclusive,1.927,2.556,4.7,0.416,0.455,4,7,0,36.364,63.636,0,2026-09-29T14:56:00Z
cycle_horizon,all,station_1200545_complete,"Porto, Pedras Rubras (1200545), dia completo",individual_station_sensitivity,afternoon,tmax,0,D+0,92,92,more_stable,2026-05-29,2026-10-08,2026-05-29,2026-10-08,24.221,22.252,22.886,-1.968,-2.231,-1.706,systematic_underforecast,2.051,2.337,3.5,0.96,-1.335,-1.536,-1.134,systematic_underforecast,1.387,1.647,2.8,0.962,0.664,18,70,4,19.565,76.087,4.348,2026-10-08T20:03:21Z
observed_tmax_band,25-29.9,station_1200545_complete,"Porto, Pedras Rubras (1200545), dia completo",individual_station_sensitivity,afternoon,tmax,0,D+0,16,16,limited,2026-06-11,2026-10-05,2026-06-11,2026-10-05,26.644,23.681,24.656,-2.962,-3.442,-2.483,systematic_underforecast,2.962,3.088,3.95,0.772,-1.988,-2.498,-1.477,systematic_underforecast,1.988,2.193,3.1,0.847,0.975,3,13,0,18.75,81.25,0,2026-10-06T15:20:59Z
observed_tmax_band,<25,station_1200545_complete,"Porto, Pedras Rubras (1200545), dia completo",individual_station_sensitivity,afternoon,tmax,0,D+0,68,68,more_stable,2026-05-29,2026-10-08,2026-05-29,2026-10-08,22.599,21.132,21.499,-1.466,-1.681,-1.251,systematic_underforecast,1.578,1.711,2.4,0.837,-1.1,-1.269,-0.931,systematic_underforecast,1.147,1.299,1.8,0.902,0.431,15,49,4,22.059,72.059,5.882,2026-10-08T20:03:21Z
observed_tmax_band,>=30,station_1200545_complete,"Porto, Pedras Rubras (1200545), dia completo",individual_station_sensitivity,afternoon,tmax,0,D+0,8,8,insufficient,2026-07-03,2026-09-22,2026-07-03,2026-09-22,33.163,28.913,31.137,-4.25,-5.052,-3.448,systematic_underforecast,4.25,4.344,5.22,0.877,-2.025,-3.604,-0.446,systematic_underforecast,2.225,2.687,3.96,0.804,2.025,0,8,0,0,100,0,2026-09-23T13:45:43Z
target_month,2026-05,station_1200545_complete,"Porto, Pedras Rubras (1200545), dia completo",individual_station_sensitivity,afternoon,tmax,0,D+0,1,1,insufficient,2026-05-29,2026-05-29,2026-05-29,2026-05-29,20.8,20.3,19.9,-0.5,,,inconclusive,0.5,0.5,0.5,,-0.9,,,inconclusive,0.9,0.9,0.9,,-0.4,1,0,0,100,0,0,2026-05-30T10:24:06Z
target_month,2026-06,station_1200545_complete,"Porto, Pedras Rubras (1200545), dia completo",individual_station_sensitivity,afternoon,tmax,0,D+0,18,18,limited,2026-06-01,2026-06-28,2026-06-01,2026-06-28,22.172,20.756,20.944,-1.417,-2.044,-0.789,systematic_underforecast,1.606,1.874,2.93,0.931,-1.228,-1.648,-0.808,systematic_underforecast,1.272,1.477,1.79,0.959,0.333,6,11,1,33.333,61.111,5.556,2026-06-29T12:46:53Z
target_month,2026-07,station_1200545_complete,"Porto, Pedras Rubras (1200545), dia completo",individual_station_sensitivity,afternoon,tmax,0,D+0,20,20,limited,2026-07-03,2026-07-31,2026-07-03,2026-07-31,25.03,22.575,23.63,-2.455,-3.084,-1.826,systematic_underforecast,2.485,2.783,4.47,0.987,-1.4,-1.878,-0.922,systematic_underforecast,1.48,1.718,2.54,0.974,1.005,1,18,1,5,90,5,2026-08-01T10:14:45Z
target_month,2026-08,station_1200545_complete,"Porto, Pedras Rubras (1200545), dia completo",individual_station_sensitivity,afternoon,tmax,0,D+0,24,24,limited,2026-08-01,2026-08-31,2026-08-01,2026-08-31,24.25,22.417,22.825,-1.833,-2.353,-1.314,systematic_underforecast,1.983,2.193,3.15,0.849,-1.425,-1.829,-1.021,systematic_underforecast,1.433,1.706,2.65,0.935,0.55,4,20,0,16.667,83.333,0,2026-09-01T13:35:24Z
target_month,2026-09,station_1200545_complete,"Porto, Pedras Rubras (1200545), dia completo",individual_station_sensitivity,afternoon,tmax,0,D+0,22,22,limited,2026-09-01,2026-09-30,2026-09-01,2026-09-30,25.386,23.136,24.036,-2.25,-2.747,-1.753,systematic_underforecast,2.25,2.502,3.6,0.975,-1.35,-1.886,-0.814,systematic_underforecast,1.45,1.794,3.09,0.955,0.8,3,17,2,13.636,77.273,9.091,2026-10-01T15:40:49Z
target_month,2026-10,station_1200545_complete,"Porto, Pedras Rubras (1200545), dia completo",individual_station_sensitivity,afternoon,tmax,0,D+0,7,7,insufficient,2026-10-01,2026-10-08,2026-10-01,2026-10-08,23.9,22.114,22.771,-1.786,-2.908,-0.664,systematic_underforecast,1.786,2.11,3.22,0.951,-1.129,-1.497,-0.76,systematic_underforecast,1.129,1.187,1.54,0.989,0.657,3,4,0,42.857,57.143,0,2026-10-08T20:03:21Z
cycle_horizon,all,station_1200545_complete,"Porto, Pedras Rubras (1200545), dia completo",individual_station_sensitivity,afternoon,tmax,1,D+1,91,91,more_stable,2026-05-29,2026-10-07,2026-05-30,2026-10-08,24.181,22.062,22.752,-2.12,-2.411,-1.829,systematic_underforecast,2.173,2.534,3.9,0.943,-1.43,-1.655,-1.205,systematic_underforecast,1.489,1.789,2.5,0.956,0.684,19,66,6,20.879,72.527,6.593,2026-10-08T20:02:33Z
observed_tmax_band,25-29.9,station_1200545_complete,"Porto, Pedras Rubras (1200545), dia completo",individual_station_sensitivity,afternoon,tmax,1,D+1,17,17,limited,2026-06-22,2026-10-04,2026-06-23,2026-10-05,26.3,23.347,24.4,-2.953,-3.471,-2.435,systematic_underforecast,2.953,3.111,3.98,0.697,-1.9,-2.45,-1.35,systematic_underforecast,1.9,2.165,3,0.725,1.053,3,14,0,17.647,82.353,0,2026-10-06T15:20:59Z
observed_tmax_band,<25,station_1200545_complete,"Porto, Pedras Rubras (1200545), dia completo",individual_station_sensitivity,afternoon,tmax,1,D+1,66,66,more_stable,2026-05-29,2026-10-07,2026-05-30,2026-10-08,22.588,21.035,21.511,-1.553,-1.767,-1.339,systematic_underforecast,1.626,1.777,2.5,0.819,-1.077,-1.254,-0.901,systematic_underforecast,1.159,1.292,1.9,0.882,0.467,14,46,6,21.212,69.697,9.091,2026-10-08T20:02:33Z
observed_tmax_band,>=30,station_1200545_complete,"Porto, Pedras Rubras (1200545), dia completo",individual_station_sensitivity,afternoon,tmax,1,D+1,8,8,insufficient,2026-06-30,2026-09-21,2026-07-01,2026-09-22,32.825,27.8,29.488,-5.025,-5.988,-4.062,systematic_underforecast,5.025,5.139,6.25,0.821,-3.337,-4.445,-2.23,systematic_underforecast,3.337,3.56,4.7,0.86,1.687,2,6,0,25,75,0,2026-09-23T13:45:43Z
target_month,2026-05,station_1200545_complete,"Porto, Pedras Rubras (1200545), dia completo",individual_station_sensitivity,afternoon,tmax,1,D+1,1,1,insufficient,2026-05-29,2026-05-29,2026-05-30,2026-05-30,21.1,20.8,20,-0.3,,,inconclusive,0.3,0.3,0.3,,-1.1,,,inconclusive,1.1,1.1,1.1,,-0.8,1,0,0,100,0,0,2026-05-31T10:31:32Z
target_month,2026-06,station_1200545_complete,"Porto, Pedras Rubras (1200545), dia completo",individual_station_sensitivity,afternoon,tmax,1,D+1,18,18,limited,2026-05-31,2026-06-28,2026-06-01,2026-06-29,21.833,20.144,20.583,-1.689,-2.23,-1.148,systematic_underforecast,1.689,1.992,2.76,0.892,-1.25,-1.575,-0.925,systematic_underforecast,1.317,1.402,1.83,0.957,0.372,5,9,4,27.778,50,22.222,2026-06-30T11:28:55Z
target_month,2026-07,station_1200545_complete,"Porto, Pedras Rubras (1200545), dia completo",individual_station_sensitivity,afternoon,tmax,1,D+1,21,21,limited,2026-06-30,2026-07-30,2026-07-01,2026-07-31,25.438,22.914,23.8,-2.524,-3.29,-1.758,systematic_underforecast,2.59,3.011,5.4,0.962,-1.638,-2.178,-1.098,systematic_underforecast,1.752,2.006,2.8,0.972,0.838,3,16,2,14.286,76.19,9.524,2026-08-01T10:14:45Z
target_month,2026-08,station_1200545_complete,"Porto, Pedras Rubras (1200545), dia completo",individual_station_sensitivity,afternoon,tmax,1,D+1,22,22,limited,2026-07-31,2026-08-30,2026-08-01,2026-08-31,24.077,22.15,22.714,-1.927,-2.58,-1.274,systematic_underforecast,2.082,2.405,3.26,0.747,-1.364,-1.898,-0.829,systematic_underforecast,1.409,1.802,2.95,0.842,0.673,3,19,0,13.636,86.364,0,2026-09-01T13:35:24Z
target_month,2026-09,station_1200545_complete,"Porto, Pedras Rubras (1200545), dia completo",individual_station_sensitivity,afternoon,tmax,1,D+1,22,22,limited,2026-08-31,2026-09-29,2026-09-01,2026-09-30,25.236,22.768,23.668,-2.468,-3.015,-1.921,systematic_underforecast,2.468,2.746,3.9,0.972,-1.568,-2.118,-1.018,systematic_underforecast,1.605,1.982,2.68,0.952,0.864,5,17,0,22.727,77.273,0,2026-10-01T15:40:49Z
target_month,2026-10,station_1200545_complete,"Porto, Pedras Rubras (1200545), dia completo",individual_station_sensitivity,afternoon,tmax,1,D+1,7,7,insufficient,2026-09-30,2026-10-07,2026-10-01,2026-10-08,23.9,22.114,22.814,-1.786,-2.774,-0.798,systematic_underforecast,1.786,2.041,3.08,0.954,-1.086,-1.836,-0.335,systematic_underforecast,1.086,1.32,1.98,0.953,0.7,2,5,0,28.571,71.429,0,2026-10-08T20:02:33Z
cycle_horizon,all,station_1200545_complete,"Porto, Pedras Rubras (1200545), dia completo",individual_station_sensitivity,afternoon,tmax,2,D+2,93,93,more_stable,2026-05-31,2026-10-06,2026-06-02,2026-10-08,24.582,22.346,23.071,-2.235,-2.58,-1.89,systematic_underforecast,2.343,2.788,4.18,0.916,-1.511,-1.792,-1.229,systematic_underforecast,1.601,2.032,3.38,0.939,0.742,17,73,3,18.28,78.495,3.226,2026-10-08T20:02:33Z
observed_tmax_band,25-29.9,station_1200545_complete,"Porto, Pedras Rubras (1200545), dia completo",individual_station_sensitivity,afternoon,tmax,2,D+2,19,19,limited,2026-06-09,2026-10-03,2026-06-11,2026-10-05,26.532,23.689,24.753,-2.842,-3.463,-2.221,systematic_underforecast,2.842,3.107,4.52,0.655,-1.779,-2.368,-1.19,systematic_underforecast,1.832,2.14,3.12,0.755,1.011,4,15,0,21.053,78.947,0,2026-10-06T15:20:59Z
observed_tmax_band,<25,station_1200545_complete,"Porto, Pedras Rubras (1200545), dia completo",individual_station_sensitivity,afternoon,tmax,2,D+2,64,64,more_stable,2026-05-31,2026-10-06,2026-06-02,2026-10-08,22.666,21.033,21.556,-1.633,-1.906,-1.36,systematic_underforecast,1.789,1.96,2.77,0.737,-1.109,-1.345,-0.873,systematic_underforecast,1.225,1.453,2.2,0.816,0.564,10,51,3,15.625,79.688,4.688,2026-10-08T20:02:33Z
observed_tmax_band,>=30,station_1200545_complete,"Porto, Pedras Rubras (1200545), dia completo",individual_station_sensitivity,afternoon,tmax,2,D+2,10,10,limited,2026-06-30,2026-09-20,2026-07-02,2026-09-22,33.14,28.2,29.57,-4.94,-6.619,-3.261,systematic_underforecast,4.94,5.418,7.56,0.48,-3.57,-4.971,-2.169,systematic_underforecast,3.57,4.025,5.97,0.632,1.37,3,7,0,30,70,0,2026-09-23T13:45:43Z
target_month,2026-06,station_1200545_complete,"Porto, Pedras Rubras (1200545), dia completo",individual_station_sensitivity,afternoon,tmax,2,D+2,17,17,limited,2026-05-31,2026-06-28,2026-06-02,2026-06-30,22.553,20.894,21.194,-1.659,-2.28,-1.037,systematic_underforecast,1.824,2.032,2.96,0.943,-1.359,-1.834,-0.883,systematic_underforecast,1.359,1.628,2.42,0.965,0.465,3,14,0,17.647,82.353,0,2026-07-01T11:39:31Z
target_month,2026-07,station_1200545_complete,"Porto, Pedras Rubras (1200545), dia completo",individual_station_sensitivity,afternoon,tmax,2,D+2,24,24,limited,2026-06-30,2026-07-29,2026-07-02,2026-07-31,25.225,22.796,23.458,-2.429,-3.243,-1.615,systematic_underforecast,2.579,3.076,3.35,0.927,-1.767,-2.376,-1.157,systematic_underforecast,1.85,2.262,3.37,0.974,0.729,4,19,1,16.667,79.167,4.167,2026-08-01T10:14:45Z
target_month,2026-08,station_1200545_complete,"Porto, Pedras Rubras (1200545), dia completo",individual_station_sensitivity,afternoon,tmax,2,D+2,23,23,limited,2026-07-30,2026-08-29,2026-08-01,2026-08-31,24.557,22.583,23.213,-1.974,-2.671,-1.277,systematic_underforecast,2.13,2.526,2.8,0.865,-1.343,-1.929,-0.758,systematic_underforecast,1.491,1.887,3.4,0.911,0.639,4,19,0,17.391,82.609,0,2026-09-01T13:35:24Z
target_month,2026-09,station_1200545_complete,"Porto, Pedras Rubras (1200545), dia completo",individual_station_sensitivity,afternoon,tmax,2,D+2,22,22,limited,2026-08-30,2026-09-28,2026-09-01,2026-09-30,25.691,22.732,24.018,-2.959,-3.694,-2.224,systematic_underforecast,2.959,3.373,4.59,0.921,-1.673,-2.384,-0.961,systematic_underforecast,1.691,2.293,3.36,0.91,1.268,2,18,2,9.091,81.818,9.091,2026-10-01T15:40:49Z
target_month,2026-10,station_1200545_complete,"Porto, Pedras Rubras (1200545), dia completo",individual_station_sensitivity,afternoon,tmax,2,D+2,7,7,insufficient,2026-09-29,2026-10-06,2026-10-01,2026-10-08,23.9,22.343,22.857,-1.557,-2.845,-0.269,systematic_underforecast,1.557,2.022,2.94,0.855,-1.043,-2.292,0.206,inconclusive,1.414,1.628,2.48,0.892,0.143,4,3,0,57.143,42.857,0,2026-10-08T20:02:33Z
cycle_horizon,all,station_1200545_complete,"Porto, Pedras Rubras (1200545), dia completo",individual_station_sensitivity,afternoon,tmax,3,D+3,92,92,more_stable,2026-05-29,2026-10-05,2026-06-01,2026-10-08,24.632,22.316,23.363,-2.315,-2.601,-2.029,systematic_underforecast,2.37,2.692,3.5,0.946,-1.268,-1.533,-1.004,systematic_underforecast,1.438,1.795,2.7,0.939,0.932,16,73,3,17.391,79.348,3.261,2026-10-08T20:02:33Z
observed_tmax_band,25-29.9,station_1200545_complete,"Porto, Pedras Rubras (1200545), dia completo",individual_station_sensitivity,afternoon,tmax,3,D+3,20,20,limited,2026-06-08,2026-10-02,2026-06-11,2026-10-05,26.58,23.635,25.295,-2.945,-3.511,-2.379,systematic_underforecast,2.945,3.172,3.57,0.684,-1.285,-1.774,-0.796,systematic_underforecast,1.415,1.639,2.72,0.845,1.53,3,17,0,15,85,0,2026-10-06T15:20:59Z
observed_tmax_band,<25,station_1200545_complete,"Porto, Pedras Rubras (1200545), dia completo",individual_station_sensitivity,afternoon,tmax,3,D+3,62,62,more_stable,2026-05-29,2026-10-05,2026-06-01,2026-10-08,22.668,20.916,21.681,-1.752,-1.999,-1.505,systematic_underforecast,1.832,2,2.8,0.777,-0.987,-1.248,-0.727,systematic_underforecast,1.197,1.418,2.2,0.779,0.635,11,49,2,17.742,79.032,3.226,2026-10-08T20:02:33Z
observed_tmax_band,>=30,station_1200545_complete,"Porto, Pedras Rubras (1200545), dia completo",individual_station_sensitivity,afternoon,tmax,3,D+3,10,10,limited,2026-06-09,2026-09-18,2026-06-12,2026-09-21,32.91,28.36,29.93,-4.55,-5.328,-3.772,systematic_underforecast,4.55,4.666,5.45,0.859,-2.98,-4.274,-1.686,systematic_underforecast,2.98,3.439,4.55,0.719,1.57,2,7,1,20,70,10,2026-09-22T13:31:58Z
target_month,2026-06,station_1200545_complete,"Porto, Pedras Rubras (1200545), dia completo",individual_station_sensitivity,afternoon,tmax,3,D+3,17,17,limited,2026-05-29,2026-06-27,2026-06-01,2026-06-30,22.947,21.206,21.794,-1.741,-2.374,-1.108,systematic_underforecast,1.741,2.112,3.2,0.97,-1.153,-1.678,-0.628,systematic_underforecast,1.2,1.52,1.72,0.984,0.541,5,12,0,29.412,70.588,0,2026-07-01T11:39:31Z
target_month,2026-07,station_1200545_complete,"Porto, Pedras Rubras (1200545), dia completo",individual_station_sensitivity,afternoon,tmax,3,D+3,23,23,limited,2026-06-28,2026-07-28,2026-07-01,2026-07-31,25.213,22.604,23.548,-2.609,-3.22,-1.997,systematic_underforecast,2.609,2.952,4.98,0.975,-1.665,-2.191,-1.139,systematic_underforecast,1.665,2.047,2.44,0.956,0.943,4,17,2,17.391,73.913,8.696,2026-08-01T10:14:45Z
target_month,2026-08,station_1200545_complete,"Porto, Pedras Rubras (1200545), dia completo",individual_station_sensitivity,afternoon,tmax,3,D+3,23,23,limited,2026-07-29,2026-08-28,2026-08-01,2026-08-31,24.339,22.178,23.07,-2.161,-2.756,-1.566,systematic_underforecast,2.378,2.546,3.28,0.816,-1.27,-1.858,-0.681,systematic_underforecast,1.617,1.839,2.86,0.798,0.761,4,18,1,17.391,78.261,4.348,2026-09-01T13:35:24Z
target_month,2026-09,station_1200545_complete,"Porto, Pedras Rubras (1200545), dia completo",individual_station_sensitivity,afternoon,tmax,3,D+3,22,22,limited,2026-08-29,2026-09-27,2026-09-01,2026-09-30,25.864,23.055,24.705,-2.809,-3.429,-2.189,systematic_underforecast,2.809,3.124,4.85,0.942,-1.159,-1.811,-0.508,systematic_underforecast,1.332,1.845,3.69,0.93,1.477,1,21,0,4.545,95.455,0,2026-10-01T15:40:49Z
target_month,2026-10,station_1200545_complete,"Porto, Pedras Rubras (1200545), dia completo",individual_station_sensitivity,afternoon,tmax,3,D+3,7,7,insufficient,2026-09-28,2026-10-05,2026-10-01,2026-10-08,23.9,22.2,23.314,-1.7,-2.673,-0.727,systematic_underforecast,1.7,1.959,3.2,0.927,-0.586,-1.502,0.331,inconclusive,1.014,1.088,1.4,0.948,0.686,2,5,0,28.571,71.429,0,2026-10-08T20:02:33Z
cycle_horizon,all,station_1200545_complete,"Porto, Pedras Rubras (1200545), dia completo",individual_station_sensitivity,afternoon,tmax,4,D+4,100,100,more_stable,2026-05-29,2026-10-04,2026-06-02,2026-10-08,24.849,22.285,23.101,-2.564,-2.935,-2.193,systematic_underforecast,2.682,3.169,4.63,0.902,-1.748,-2.104,-1.392,systematic_underforecast,1.956,2.499,4.6,0.89,0.726,27,72,1,27,72,1,2026-10-08T20:02:33Z
observed_tmax_band,25-29.9,station_1200545_complete,"Porto, Pedras Rubras (1200545), dia completo",individual_station_sensitivity,afternoon,tmax,4,D+4,24,24,limited,2026-06-07,2026-10-01,2026-06-11,2026-10-05,26.779,23.458,24.092,-3.321,-4.135,-2.507,systematic_underforecast,3.462,3.82,5.93,0.336,-2.687,-3.593,-1.782,systematic_underforecast,2.779,3.41,5.19,0.368,0.683,6,18,0,25,75,0,2026-10-06T15:20:59Z
observed_tmax_band,<25,station_1200545_complete,"Porto, Pedras Rubras (1200545), dia completo",individual_station_sensitivity,afternoon,tmax,4,D+4,65,65,more_stable,2026-05-29,2026-10-04,2026-06-02,2026-10-08,22.646,20.863,21.438,-1.783,-2.069,-1.497,systematic_underforecast,1.912,2.119,3,0.715,-1.208,-1.522,-0.893,systematic_underforecast,1.494,1.745,2.4,0.704,0.418,20,45,0,30.769,69.231,0,2026-10-08T20:02:33Z
observed_tmax_band,>=30,station_1200545_complete,"Porto, Pedras Rubras (1200545), dia completo",individual_station_sensitivity,afternoon,tmax,4,D+4,11,11,limited,2026-06-08,2026-09-18,2026-06-12,2026-09-22,33.655,28.127,30.764,-5.527,-6.611,-4.443,systematic_underforecast,5.527,5.737,7.5,0.683,-2.891,-4.475,-1.307,systematic_underforecast,2.891,3.662,5.2,0.496,2.636,1,9,1,9.091,81.818,9.091,2026-09-23T13:45:43Z
target_month,2026-06,station_1200545_complete,"Porto, Pedras Rubras (1200545), dia completo",individual_station_sensitivity,afternoon,tmax,4,D+4,19,19,limited,2026-05-29,2026-06-26,2026-06-02,2026-06-30,23.389,21.226,21.679,-2.163,-2.964,-1.362,systematic_underforecast,2.258,2.701,3.8,0.946,-1.711,-2.488,-0.933,systematic_underforecast,1.942,2.322,3.72,0.947,0.316,6,13,0,31.579,68.421,0,2026-07-01T11:39:31Z
target_month,2026-07,station_1200545_complete,"Porto, Pedras Rubras (1200545), dia completo",individual_station_sensitivity,afternoon,tmax,4,D+4,26,26,limited,2026-06-27,2026-07-26,2026-07-01,2026-07-30,25.088,22.662,23.792,-2.427,-3.176,-1.678,systematic_underforecast,2.588,3.032,4.05,0.96,-1.296,-1.765,-0.828,systematic_underforecast,1.373,1.725,2.4,0.965,1.215,5,21,0,19.231,80.769,0,2026-07-31T11:05:10Z
target_month,2026-08,station_1200545_complete,"Porto, Pedras Rubras (1200545), dia completo",individual_station_sensitivity,afternoon,tmax,4,D+4,26,26,limited,2026-07-28,2026-08-27,2026-08-01,2026-08-31,24.746,22.523,23.296,-2.223,-3.009,-1.437,systematic_underforecast,2.446,2.93,3.7,0.739,-1.45,-2.072,-0.828,systematic_underforecast,1.75,2.094,3.1,0.846,0.696,6,20,0,23.077,76.923,0,2026-09-01T13:35:24Z
target_month,2026-09,station_1200545_complete,"Porto, Pedras Rubras (1200545), dia completo",individual_station_sensitivity,afternoon,tmax,4,D+4,22,22,limited,2026-08-28,2026-09-26,2026-09-01,2026-09-30,26.25,22.673,23.768,-3.577,-4.394,-2.76,systematic_underforecast,3.577,4.005,6.07,0.904,-2.482,-3.549,-1.414,systematic_underforecast,2.645,3.419,4.99,0.819,0.932,6,15,1,27.273,68.182,4.545,2026-10-01T15:40:49Z
target_month,2026-10,station_1200545_complete,"Porto, Pedras Rubras (1200545), dia completo",individual_station_sensitivity,afternoon,tmax,4,D+4,7,7,insufficient,2026-09-27,2026-10-04,2026-10-01,2026-10-08,23.9,21.657,21.571,-2.243,-3.722,-0.764,systematic_underforecast,2.243,2.687,4.16,0.82,-2.329,-4.581,-0.076,systematic_underforecast,2.757,3.241,4.64,0.47,-0.514,4,3,0,57.143,42.857,0,2026-10-08T20:02:33Z
cycle_horizon,all,station_1200545_complete,"Porto, Pedras Rubras (1200545), dia completo",individual_station_sensitivity,afternoon,tmax,5,D+5,34,34,preliminary,2026-06-01,2026-10-03,2026-06-06,2026-10-08,25.465,22.574,25.338,-2.891,-3.434,-2.348,systematic_underforecast,2.891,3.273,4.68,0.916,-0.126,-0.973,0.72,inconclusive,1.926,2.394,3.81,0.8,0.965,10,22,2,29.412,64.706,5.882,2026-10-08T20:02:33Z
observed_tmax_band,25-29.9,station_1200545_complete,"Porto, Pedras Rubras (1200545), dia completo",individual_station_sensitivity,afternoon,tmax,5,D+5,12,12,limited,2026-08-18,2026-09-30,2026-08-23,2026-10-05,27.017,23.633,26.842,-3.383,-4.35,-2.416,systematic_underforecast,3.383,3.684,4.76,0.572,-0.175,-2.281,1.931,inconclusive,2.658,3.178,5.33,0.513,0.725,5,7,0,41.667,58.333,0,2026-10-06T15:20:59Z
observed_tmax_band,<25,station_1200545_complete,"Porto, Pedras Rubras (1200545), dia completo",individual_station_sensitivity,afternoon,tmax,5,D+5,18,18,limited,2026-06-01,2026-10-03,2026-06-06,2026-10-08,22.8,20.661,22.922,-2.139,-2.704,-1.574,systematic_underforecast,2.139,2.407,3.54,0.604,0.122,-0.855,1.099,inconclusive,1.6,1.914,3.13,0.338,0.539,5,11,2,27.778,61.111,11.111,2026-10-08T20:02:33Z
observed_tmax_band,>=30,station_1200545_complete,"Porto, Pedras Rubras (1200545), dia completo",individual_station_sensitivity,afternoon,tmax,5,D+5,4,4,insufficient,2026-09-07,2026-09-17,2026-09-12,2026-09-22,32.8,28,31.7,-4.8,-6.825,-2.775,systematic_underforecast,4.8,4.925,5.98,0.579,-1.1,-2.654,0.454,inconclusive,1.2,1.387,1.92,0.575,3.6,0,4,0,0,100,0,2026-09-23T13:45:43Z
target_month,2026-06,station_1200545_complete,"Porto, Pedras Rubras (1200545), dia completo",individual_station_sensitivity,afternoon,tmax,5,D+5,4,4,insufficient,2026-06-01,2026-06-22,2026-06-06,2026-06-27,22.95,20.45,22.225,-2.5,-3.64,-1.36,systematic_underforecast,2.5,2.576,3.18,0.886,-0.725,-2.329,0.879,inconclusive,0.875,1.135,1.69,0.794,1.625,0,4,0,0,100,0,2026-06-28T10:40:55Z
target_month,2026-08,station_1200545_complete,"Porto, Pedras Rubras (1200545), dia completo",individual_station_sensitivity,afternoon,tmax,5,D+5,1,1,insufficient,2026-08-18,2026-08-18,2026-08-23,2026-08-23,25.7,21.9,20.3,-3.8,,,inconclusive,3.8,3.8,3.8,,-5.4,,,inconclusive,5.4,5.4,5.4,,-1.6,1,0,0,100,0,0,2026-08-24T09:11:12Z
target_month,2026-09,station_1200545_complete,"Porto, Pedras Rubras (1200545), dia completo",individual_station_sensitivity,afternoon,tmax,5,D+5,22,22,limited,2026-08-27,2026-09-25,2026-09-01,2026-09-30,26.409,23.241,26.882,-3.168,-3.927,-2.409,systematic_underforecast,3.168,3.582,4.98,0.909,0.473,-0.512,1.457,inconclusive,1.827,2.22,3.37,0.843,1.341,5,16,1,22.727,72.727,4.545,2026-10-01T15:40:49Z
target_month,2026-10,station_1200545_complete,"Porto, Pedras Rubras (1200545), dia completo",individual_station_sensitivity,afternoon,tmax,5,D+5,7,7,insufficient,2026-09-26,2026-10-03,2026-10-01,2026-10-08,23.9,21.786,22.986,-2.114,-3.28,-0.949,systematic_underforecast,2.114,2.415,3.5,0.916,-0.914,-3.481,1.653,inconclusive,2.343,2.728,4.04,0.35,-0.229,4,2,1,57.143,28.571,14.286,2026-10-08T20:02:33Z
cycle_horizon,all,station_1200545_complete,"Porto, Pedras Rubras (1200545), dia completo",individual_station_sensitivity,afternoon,tmax,6,D+6,33,33,preliminary,2026-06-01,2026-10-02,2026-06-07,2026-10-08,25.127,22.606,25.491,-2.521,-3.298,-1.744,systematic_underforecast,2.782,3.319,4.88,0.838,0.364,-0.607,1.335,inconclusive,2.121,2.721,4.88,0.759,0.661,12,20,1,36.364,60.606,3.03,2026-10-08T20:02:33Z
observed_tmax_band,25-29.9,station_1200545_complete,"Porto, Pedras Rubras (1200545), dia completo",individual_station_sensitivity,afternoon,tmax,6,D+6,10,10,limited,2026-08-27,2026-09-29,2026-09-02,2026-10-05,27.09,23.2,27.49,-3.89,-5.169,-2.611,systematic_underforecast,3.89,4.244,6.35,0.309,0.4,-2.298,3.098,inconclusive,2.86,3.6,5.84,0.386,1.03,3,7,0,30,70,0,2026-10-06T15:20:59Z
observed_tmax_band,<25,station_1200545_complete,"Porto, Pedras Rubras (1200545), dia completo",individual_station_sensitivity,afternoon,tmax,6,D+6,19,19,limited,2026-06-01,2026-10-02,2026-06-07,2026-10-08,22.479,21.132,23.221,-1.347,-2.229,-0.465,systematic_underforecast,1.8,2.233,3.88,0.21,0.742,-0.348,1.832,inconclusive,1.858,2.323,3.6,0.252,-0.058,9,9,1,47.368,47.368,5.263,2026-10-08T20:02:33Z
observed_tmax_band,>=30,station_1200545_complete,"Porto, Pedras Rubras (1200545), dia completo",individual_station_sensitivity,afternoon,tmax,6,D+6,4,4,insufficient,2026-09-07,2026-09-16,2026-09-13,2026-09-22,32.8,28.125,31.275,-4.675,-5.685,-3.665,systematic_underforecast,4.675,4.707,5.25,0.851,-1.525,-3.075,0.025,inconclusive,1.525,1.743,2.45,0.944,3.15,0,4,0,0,100,0,2026-09-23T13:45:43Z
target_month,2026-06,station_1200545_complete,"Porto, Pedras Rubras (1200545), dia completo",individual_station_sensitivity,afternoon,tmax,6,D+6,4,4,insufficient,2026-06-01,2026-06-22,2026-06-07,2026-06-28,22.225,21.475,23.225,-0.75,-4.084,2.584,inconclusive,1.8,1.963,2.66,0.21,1,-2.455,4.455,inconclusive,1.9,2.13,2.99,0.099,-0.1,3,1,0,75,25,0,2026-06-29T12:46:53Z
target_month,2026-08,station_1200545_complete,"Porto, Pedras Rubras (1200545), dia completo",individual_station_sensitivity,afternoon,tmax,6,D+6,1,1,insufficient,2026-08-18,2026-08-18,2026-08-24,2026-08-24,20.6,20.8,22.9,0.2,,,inconclusive,0.2,0.2,0.2,,2.3,,,inconclusive,2.3,2.3,2.3,,-2.1,1,0,0,100,0,0,2026-08-25T09:06:02Z
target_month,2026-09,station_1200545_complete,"Porto, Pedras Rubras (1200545), dia completo",individual_station_sensitivity,afternoon,tmax,6,D+6,21,21,limited,2026-08-27,2026-09-24,2026-09-02,2026-09-30,26.305,23.133,26.881,-3.171,-4.085,-2.258,systematic_underforecast,3.171,3.728,5.4,0.884,0.576,-0.669,1.821,inconclusive,2.138,2.73,5.1,0.786,1.033,5,15,1,23.81,71.429,4.762,2026-10-01T15:40:49Z
target_month,2026-10,station_1200545_complete,"Porto, Pedras Rubras (1200545), dia completo",individual_station_sensitivity,afternoon,tmax,6,D+6,7,7,insufficient,2026-09-25,2026-10-02,2026-10-01,2026-10-08,23.9,21.929,22.986,-1.971,-4.005,0.062,inconclusive,2.543,2.834,4,0.565,-0.914,-3.801,1.973,inconclusive,2.171,3.031,4.28,0.215,0.371,3,4,0,42.857,57.143,0,2026-10-08T20:02:33Z
cycle_horizon,all,station_1200545_complete,"Porto, Pedras Rubras (1200545), dia completo",individual_station_sensitivity,afternoon,tmax,7,D+7,32,32,preliminary,2026-06-01,2026-10-01,2026-06-08,2026-10-08,24.994,22.469,25.209,-2.525,-3.47,-1.58,systematic_underforecast,2.906,3.609,5.69,0.719,0.216,-0.957,1.388,inconclusive,2.547,3.209,5.35,0.601,0.359,15,16,1,46.875,50,3.125,2026-10-08T20:02:33Z
observed_tmax_band,25-29.9,station_1200545_complete,"Porto, Pedras Rubras (1200545), dia completo",individual_station_sensitivity,afternoon,tmax,7,D+7,11,11,limited,2026-06-16,2026-09-28,2026-06-23,2026-10-05,27.009,23.364,26.827,-3.645,-4.981,-2.31,systematic_underforecast,3.645,4.109,5.7,0.169,-0.182,-2.666,2.302,inconclusive,2.909,3.53,4.3,-0.096,0.736,5,6,0,45.455,54.545,0,2026-10-06T15:20:59Z
observed_tmax_band,<25,station_1200545_complete,"Porto, Pedras Rubras (1200545), dia completo",individual_station_sensitivity,afternoon,tmax,7,D+7,18,18,limited,2026-06-01,2026-10-01,2026-06-08,2026-10-08,22.367,21.25,23.478,-1.117,-2.07,-0.163,systematic_underforecast,1.794,2.172,3.42,0.158,1.111,-0.134,2.356,inconclusive,2.122,2.675,4.63,0.302,-0.328,10,7,1,55.556,38.889,5.556,2026-10-08T20:02:33Z
observed_tmax_band,>=30,station_1200545_complete,"Porto, Pedras Rubras (1200545), dia completo",individual_station_sensitivity,afternoon,tmax,7,D+7,3,3,insufficient,2026-09-13,2026-09-15,2026-09-20,2026-09-22,33.367,26.5,29.667,-6.867,-10.726,-3.008,systematic_underforecast,6.867,6.983,8.16,0.732,-3.7,-12.058,4.658,inconclusive,3.767,4.608,6.02,0.988,3.1,0,3,0,0,100,0,2026-09-23T13:45:43Z
target_month,2026-06,station_1200545_complete,"Porto, Pedras Rubras (1200545), dia completo",individual_station_sensitivity,afternoon,tmax,7,D+7,4,4,insufficient,2026-06-01,2026-06-22,2026-06-08,2026-06-29,23.625,23.175,26.65,-0.45,-5.546,4.646,inconclusive,2.45,2.81,3.93,0.327,3.025,0.177,5.873,systematic_overforecast,3.025,3.399,4.21,0.838,-0.575,3,1,0,75,25,0,2026-06-30T11:28:55Z
target_month,2026-08,station_1200545_complete,"Porto, Pedras Rubras (1200545), dia completo",individual_station_sensitivity,afternoon,tmax,7,D+7,1,1,insufficient,2026-08-18,2026-08-18,2026-08-25,2026-08-25,23.1,20,21.6,-3.1,,,inconclusive,3.1,3.1,3.1,,-1.5,,,inconclusive,1.5,1.5,1.5,,1.6,0,1,0,0,100,0,2026-08-26T09:08:46Z
target_month,2026-09,station_1200545_complete,"Porto, Pedras Rubras (1200545), dia completo",individual_station_sensitivity,afternoon,tmax,7,D+7,20,20,limited,2026-08-27,2026-09-23,2026-09-03,2026-09-30,25.745,22.785,25.815,-2.96,-4.114,-1.806,systematic_underforecast,3.02,3.813,6.52,0.828,0.07,-1.673,1.813,inconclusive,2.91,3.63,5.76,0.563,0.11,10,9,1,50,45,5,2026-10-01T15:40:49Z
target_month,2026-10,station_1200545_complete,"Porto, Pedras Rubras (1200545), dia completo",individual_station_sensitivity,afternoon,tmax,7,D+7,7,7,insufficient,2026-09-24,2026-10-01,2026-10-01,2026-10-08,23.9,21.514,23.171,-2.386,-4.92,0.148,inconclusive,2.814,3.482,5.58,0.132,-0.729,-2.135,0.678,inconclusive,1.386,1.585,2.3,0.825,1.429,2,5,0,28.571,71.429,0,2026-10-08T20:02:33Z
cycle_horizon,all,station_1200545_complete,"Porto, Pedras Rubras (1200545), dia completo",individual_station_sensitivity,afternoon,tmax,8,D+8,30,30,preliminary,2026-06-01,2026-09-30,2026-06-09,2026-10-08,24.653,22.433,23.53,-2.22,-3.356,-1.084,systematic_underforecast,2.78,3.724,6.72,0.49,-1.123,-2.495,0.249,inconclusive,3.117,3.783,6.34,0.431,-0.337,15,14,1,50,46.667,3.333,2026-10-08T20:02:33Z
observed_tmax_band,25-29.9,station_1200545_complete,"Porto, Pedras Rubras (1200545), dia completo",individual_station_sensitivity,afternoon,tmax,8,D+8,9,9,insufficient,2026-06-15,2026-09-27,2026-06-23,2026-10-05,27.044,22.822,23.933,-4.222,-6.403,-2.041,systematic_underforecast,4.4,4.998,6.76,-0.036,-3.111,-6.125,-0.097,systematic_underforecast,4.222,4.832,6.8,-0.129,0.178,4,4,1,44.444,44.444,11.111,2026-10-06T15:20:59Z
observed_tmax_band,<25,station_1200545_complete,"Porto, Pedras Rubras (1200545), dia completo",individual_station_sensitivity,afternoon,tmax,8,D+8,19,19,limited,2026-06-01,2026-09-30,2026-06-09,2026-10-08,22.584,21.874,22.789,-0.711,-1.639,0.218,inconclusive,1.511,2.005,2.96,0.233,0.205,-1.278,1.688,inconclusive,2.416,3.002,4.72,0.285,-0.905,11,8,0,57.895,42.105,0,2026-10-08T20:02:33Z
observed_tmax_band,>=30,station_1200545_complete,"Porto, Pedras Rubras (1200545), dia completo",individual_station_sensitivity,afternoon,tmax,8,D+8,2,2,insufficient,2026-09-13,2026-09-14,2026-09-21,2026-09-22,33.55,26,28.75,-7.55,-15.809,0.709,inconclusive,7.55,7.578,8.07,,-4.8,-17.506,7.906,inconclusive,4.8,4.903,5.6,,2.75,0,2,0,0,100,0,2026-09-23T13:45:43Z
target_month,2026-06,station_1200545_complete,"Porto, Pedras Rubras (1200545), dia completo",individual_station_sensitivity,afternoon,tmax,8,D+8,4,4,insufficient,2026-06-01,2026-06-22,2026-06-09,2026-06-30,23.9,24.6,26.575,0.7,-2.986,4.386,inconclusive,2,2.125,2.57,0.612,2.675,-0.058,5.408,inconclusive,2.675,3.061,4.28,0.868,-0.675,3,1,0,75,25,0,2026-07-01T11:39:31Z
target_month,2026-09,station_1200545_complete,"Porto, Pedras Rubras (1200545), dia completo",individual_station_sensitivity,afternoon,tmax,8,D+8,19,19,limited,2026-08-27,2026-09-22,2026-09-04,2026-09-30,25.089,22.521,23.926,-2.568,-3.966,-1.171,systematic_underforecast,2.811,3.816,6.92,0.7,-1.163,-2.89,0.564,inconclusive,2.942,3.676,5.98,0.536,-0.132,7,12,0,36.842,63.158,0,2026-10-01T15:40:49Z
target_month,2026-10,station_1200545_complete,"Porto, Pedras Rubras (1200545), dia completo",individual_station_sensitivity,afternoon,tmax,8,D+8,7,7,insufficient,2026-09-23,2026-09-30,2026-10-01,2026-10-08,23.9,20.957,20.714,-2.943,-5.885,-0.001,systematic_underforecast,3.143,4.163,6.34,-0.061,-3.186,-6.209,-0.162,systematic_underforecast,3.843,4.394,6.46,-0.172,-0.7,5,1,1,71.429,14.286,14.286,2026-10-08T20:02:33Z
cycle_horizon,all,station_1200545_complete,"Porto, Pedras Rubras (1200545), dia completo",individual_station_sensitivity,afternoon,tmax,9,D+9,29,29,limited,2026-06-01,2026-09-29,2026-06-10,2026-10-08,24.883,22.407,24.014,-2.476,-3.752,-1.199,systematic_underforecast,3.083,4.124,6.84,0.368,-0.869,-2.25,0.512,inconclusive,3.014,3.671,6.32,0.505,0.069,15,13,1,51.724,44.828,3.448,2026-10-08T20:02:33Z
observed_tmax_band,25-29.9,station_1200545_complete,"Porto, Pedras Rubras (1200545), dia completo",individual_station_sensitivity,afternoon,tmax,9,D+9,7,7,insufficient,2026-08-27,2026-09-26,2026-09-05,2026-10-05,27.114,22.186,25.329,-4.929,-7.123,-2.734,systematic_underforecast,4.929,5.396,6.8,0.145,-1.786,-5.118,1.547,inconclusive,3.329,3.784,5.3,0.344,1.6,1,6,0,14.286,85.714,0,2026-10-06T15:20:59Z
observed_tmax_band,<25,station_1200545_complete,"Porto, Pedras Rubras (1200545), dia completo",individual_station_sensitivity,afternoon,tmax,9,D+9,19,19,limited,2026-06-01,2026-09-29,2026-06-10,2026-10-08,22.821,22.137,22.926,-0.684,-1.7,0.332,inconclusive,1.611,2.163,3.92,0.16,0.105,-1.524,1.734,inconclusive,2.6,3.292,4.76,0.207,-0.989,14,4,1,73.684,21.053,5.263,2026-10-08T20:02:33Z
observed_tmax_band,>=30,station_1200545_complete,"Porto, Pedras Rubras (1200545), dia completo",individual_station_sensitivity,afternoon,tmax,9,D+9,3,3,insufficient,2026-06-22,2026-09-13,2026-07-01,2026-09-22,32.733,24.633,27.833,-8.1,-11.442,-4.758,systematic_underforecast,8.1,8.174,9.22,-0.002,-4.9,-11.14,1.34,inconclusive,4.9,5.312,6.38,0.779,3.2,0,3,0,0,100,0,2026-09-23T13:45:43Z
target_month,2026-06,station_1200545_complete,"Porto, Pedras Rubras (1200545), dia completo",individual_station_sensitivity,afternoon,tmax,9,D+9,3,3,insufficient,2026-06-01,2026-06-16,2026-06-10,2026-06-25,23.367,25.3,28.833,1.933,-3.651,7.518,inconclusive,1.933,2.666,3.8,-0.8,5.467,-1.975,12.908,inconclusive,5.467,5.989,7.96,0.913,-3.533,3,0,0,100,0,0,2026-06-26T11:24:44Z
target_month,2026-07,station_1200545_complete,"Porto, Pedras Rubras (1200545), dia completo",individual_station_sensitivity,afternoon,tmax,9,D+9,1,1,insufficient,2026-06-22,2026-06-22,2026-07-01,2026-07-01,31.9,24.9,25.6,-7,,,inconclusive,7,7,7,,-6.3,,,inconclusive,6.3,6.3,6.3,,0.7,0,1,0,0,100,0,2026-07-02T11:08:18Z
target_month,2026-09,station_1200545_complete,"Porto, Pedras Rubras (1200545), dia completo",individual_station_sensitivity,afternoon,tmax,9,D+9,18,18,limited,2026-08-27,2026-09-21,2026-09-05,2026-09-30,25.128,22.428,23.928,-2.7,-4.27,-1.13,systematic_underforecast,3.033,4.087,7.07,0.596,-1.2,-2.591,0.191,inconclusive,2.389,2.972,4.77,0.712,0.644,8,9,1,44.444,50,5.556,2026-10-01T15:40:49Z
target_month,2026-10,station_1200545_complete,"Porto, Pedras Rubras (1200545), dia completo",individual_station_sensitivity,afternoon,tmax,9,D+9,7,7,insufficient,2026-09-22,2026-09-29,2026-10-01,2026-10-08,23.9,20.757,21.943,-3.143,-5.892,-0.394,systematic_underforecast,3.143,4.177,6.38,-0.134,-1.957,-4.825,0.91,inconclusive,3.1,3.474,4.76,0.393,0.043,4,3,0,57.143,42.857,0,2026-10-08T20:02:33Z
cycle_horizon,all,station_1200545_complete,"Porto, Pedras Rubras (1200545), dia completo",individual_station_sensitivity,morning,tmax,0,D+0,39,39,preliminary,2026-05-30,2026-09-19,2026-05-30,2026-09-19,25.772,23.151,24.074,-2.621,-3.193,-2.048,systematic_underforecast,2.646,3.147,4.08,0.947,-1.697,-2.091,-1.304,systematic_underforecast,1.703,2.078,2.96,0.969,0.944,6,32,1,15.385,82.051,2.564,2026-09-20T13:07:39Z
observed_tmax_band,25-29.9,station_1200545_complete,"Porto, Pedras Rubras (1200545), dia completo",individual_station_sensitivity,morning,tmax,0,D+0,12,12,limited,2026-06-23,2026-09-19,2026-06-23,2026-09-19,26.925,23.992,25.25,-2.933,-3.464,-2.403,systematic_underforecast,2.933,3.04,3.96,0.869,-1.675,-2.108,-1.242,systematic_underforecast,1.675,1.797,2.67,0.925,1.258,1,11,0,8.333,91.667,0,2026-09-20T13:07:39Z
observed_tmax_band,<25,station_1200545_complete,"Porto, Pedras Rubras (1200545), dia completo",individual_station_sensitivity,morning,tmax,0,D+0,21,21,limited,2026-05-30,2026-09-08,2026-05-30,2026-09-08,22.748,21.071,21.533,-1.676,-2.079,-1.273,systematic_underforecast,1.724,1.886,2.7,0.785,-1.214,-1.53,-0.898,systematic_underforecast,1.224,1.391,1.9,0.873,0.5,4,16,1,19.048,76.19,4.762,2026-09-09T13:03:08Z
observed_tmax_band,>=30,station_1200545_complete,"Porto, Pedras Rubras (1200545), dia completo",individual_station_sensitivity,morning,tmax,0,D+0,6,6,insufficient,2026-06-12,2026-09-12,2026-06-12,2026-09-12,34.05,28.75,30.617,-5.3,-7.961,-2.639,systematic_underforecast,5.3,5.783,8.45,0.444,-3.433,-5.443,-1.424,systematic_underforecast,3.433,3.853,5.3,0.723,1.867,1,5,0,16.667,83.333,0,2026-09-13T13:23:19Z
target_month,2026-05,station_1200545_complete,"Porto, Pedras Rubras (1200545), dia completo",individual_station_sensitivity,morning,tmax,0,D+0,1,1,insufficient,2026-05-30,2026-05-30,2026-05-30,2026-05-30,21.1,20,20.5,-1.1,,,inconclusive,1.1,1.1,1.1,,-0.6,,,inconclusive,0.6,0.6,0.6,,0.5,0,1,0,0,100,0,2026-05-31T10:31:32Z
target_month,2026-06,station_1200545_complete,"Porto, Pedras Rubras (1200545), dia completo",individual_station_sensitivity,morning,tmax,0,D+0,11,11,limited,2026-06-08,2026-06-30,2026-06-08,2026-06-30,24.564,22.264,22.873,-2.3,-2.885,-1.715,systematic_underforecast,2.3,2.445,3.2,0.986,-1.691,-2.162,-1.22,systematic_underforecast,1.691,1.818,2.3,0.988,0.609,3,8,0,27.273,72.727,0,2026-07-01T11:39:31Z
target_month,2026-07,station_1200545_complete,"Porto, Pedras Rubras (1200545), dia completo",individual_station_sensitivity,morning,tmax,0,D+0,11,11,limited,2026-07-01,2026-07-30,2026-07-01,2026-07-30,26.345,23.509,24.345,-2.836,-4.447,-1.226,systematic_underforecast,2.927,3.643,4.9,0.961,-2,-2.955,-1.045,systematic_underforecast,2,2.416,4.6,0.987,0.927,2,8,1,18.182,72.727,9.091,2026-07-31T11:05:10Z
target_month,2026-08,station_1200545_complete,"Porto, Pedras Rubras (1200545), dia completo",individual_station_sensitivity,morning,tmax,0,D+0,8,8,insufficient,2026-08-03,2026-08-29,2026-08-03,2026-08-29,25.65,22.85,23.875,-2.8,-4.7,-0.9,systematic_underforecast,2.8,3.516,4.38,0.939,-1.775,-3.206,-0.344,systematic_underforecast,1.775,2.391,3.42,0.953,1.025,1,7,0,12.5,87.5,0,2026-08-30T13:53:39Z
target_month,2026-09,station_1200545_complete,"Porto, Pedras Rubras (1200545), dia completo",individual_station_sensitivity,morning,tmax,0,D+0,8,8,insufficient,2026-09-03,2026-09-19,2026-09-03,2026-09-19,27.35,24.575,26,-2.775,-3.906,-1.644,systematic_underforecast,2.775,3.05,4.12,0.927,-1.35,-2.199,-0.501,systematic_underforecast,1.375,1.651,2.76,0.944,1.4,0,8,0,0,100,0,2026-09-20T13:07:39Z
cycle_horizon,all,station_1200545_complete,"Porto, Pedras Rubras (1200545), dia completo",individual_station_sensitivity,morning,tmax,1,D+1,39,39,preliminary,2026-06-09,2026-09-19,2026-06-10,2026-09-20,25.89,23.328,24.162,-2.562,-3.181,-1.942,systematic_underforecast,2.71,3.18,5.36,0.952,-1.728,-2.24,-1.216,systematic_underforecast,1.903,2.328,3.72,0.956,0.808,7,32,0,17.949,82.051,0,2026-09-21T15:13:21Z
observed_tmax_band,25-29.9,station_1200545_complete,"Porto, Pedras Rubras (1200545), dia completo",individual_station_sensitivity,morning,tmax,1,D+1,9,9,insufficient,2026-06-10,2026-09-04,2026-06-11,2026-09-05,27.144,24,24.9,-3.144,-4.056,-2.233,systematic_underforecast,3.144,3.337,4.32,0.773,-2.244,-3.239,-1.25,systematic_underforecast,2.244,2.554,3.54,0.761,0.9,2,7,0,22.222,77.778,0,2026-09-06T12:13:20Z
observed_tmax_band,<25,station_1200545_complete,"Porto, Pedras Rubras (1200545), dia completo",individual_station_sensitivity,morning,tmax,1,D+1,23,23,limited,2026-06-09,2026-09-08,2026-06-10,2026-09-09,22.926,21.343,21.904,-1.583,-2.112,-1.053,systematic_underforecast,1.835,1.984,2.88,0.674,-1.022,-1.533,-0.511,systematic_underforecast,1.317,1.543,2.64,0.701,0.517,5,18,0,21.739,78.261,0,2026-09-10T13:00:04Z
observed_tmax_band,>=30,station_1200545_complete,"Porto, Pedras Rubras (1200545), dia completo",individual_station_sensitivity,morning,tmax,1,D+1,7,7,insufficient,2026-06-11,2026-09-19,2026-06-12,2026-09-20,34.014,28.986,30.629,-5.029,-6.979,-3.078,systematic_underforecast,5.029,5.394,7.3,0.557,-3.386,-4.974,-1.798,systematic_underforecast,3.386,3.74,5.3,0.849,1.643,0,7,0,0,100,0,2026-09-21T15:13:21Z
target_month,2026-06,station_1200545_complete,"Porto, Pedras Rubras (1200545), dia completo",individual_station_sensitivity,morning,tmax,1,D+1,11,11,limited,2026-06-09,2026-06-29,2026-06-10,2026-06-30,25.118,23.009,23.545,-2.109,-3.405,-0.814,systematic_underforecast,2.545,2.798,4,0.944,-1.573,-2.786,-0.36,systematic_underforecast,2.009,2.332,3.2,0.927,0.536,4,7,0,36.364,63.636,0,2026-07-01T11:39:31Z
target_month,2026-07,station_1200545_complete,"Porto, Pedras Rubras (1200545), dia completo",individual_station_sensitivity,morning,tmax,1,D+1,10,10,limited,2026-07-01,2026-07-27,2026-07-02,2026-07-28,25.62,22.7,23.68,-2.92,-4.721,-1.119,systematic_underforecast,3.02,3.773,6.46,0.987,-1.94,-3.382,-0.498,systematic_underforecast,2.14,2.724,5,0.994,0.88,1,9,0,10,90,0,2026-07-29T11:00:40Z
target_month,2026-08,station_1200545_complete,"Porto, Pedras Rubras (1200545), dia completo",individual_station_sensitivity,morning,tmax,1,D+1,10,10,limited,2026-08-02,2026-08-29,2026-08-03,2026-08-30,25.5,22.85,23.93,-2.65,-3.814,-1.486,systematic_underforecast,2.65,3.067,3.93,0.983,-1.57,-2.268,-0.872,systematic_underforecast,1.57,1.822,2.54,0.988,1.08,1,9,0,10,90,0,2026-08-31T16:15:47Z
target_month,2026-09,station_1200545_complete,"Porto, Pedras Rubras (1200545), dia completo",individual_station_sensitivity,morning,tmax,1,D+1,8,8,insufficient,2026-09-03,2026-09-19,2026-09-04,2026-09-20,27.775,25.15,25.9,-2.625,-3.922,-1.328,systematic_underforecast,2.625,2.999,3.99,0.931,-1.875,-3.14,-0.61,systematic_underforecast,1.875,2.349,3.43,0.927,0.75,1,7,0,12.5,87.5,0,2026-09-21T15:13:21Z
cycle_horizon,all,station_1200545_complete,"Porto, Pedras Rubras (1200545), dia completo",individual_station_sensitivity,morning,tmax,2,D+2,36,36,preliminary,2026-05-30,2026-09-19,2026-06-01,2026-09-21,25.108,22.864,23.514,-2.244,-2.744,-1.745,systematic_underforecast,2.317,2.675,4.45,0.968,-1.594,-2.081,-1.108,systematic_underforecast,1.828,2.134,3.4,0.943,0.489,10,26,0,27.778,72.222,0,2026-09-22T13:31:58Z
observed_tmax_band,25-29.9,station_1200545_complete,"Porto, Pedras Rubras (1200545), dia completo",individual_station_sensitivity,morning,tmax,2,D+2,7,7,insufficient,2026-06-21,2026-09-12,2026-06-23,2026-09-14,27.043,23.7,24.643,-3.343,-4.065,-2.621,systematic_underforecast,3.343,3.42,4.4,0.846,-2.4,-3.268,-1.532,systematic_underforecast,2.4,2.552,3.38,0.817,0.943,0,7,0,0,100,0,2026-09-15T13:43:27Z
observed_tmax_band,<25,station_1200545_complete,"Porto, Pedras Rubras (1200545), dia completo",individual_station_sensitivity,morning,tmax,2,D+2,24,24,limited,2026-05-30,2026-09-08,2026-06-01,2026-09-10,22.721,21.238,21.579,-1.483,-1.89,-1.077,systematic_underforecast,1.592,1.758,2.64,0.708,-1.142,-1.749,-0.534,systematic_underforecast,1.492,1.813,2.96,0.415,0.1,10,14,0,41.667,58.333,0,2026-09-11T12:55:08Z
observed_tmax_band,>=30,station_1200545_complete,"Porto, Pedras Rubras (1200545), dia completo",individual_station_sensitivity,morning,tmax,2,D+2,5,5,insufficient,2026-06-10,2026-09-19,2026-06-12,2026-09-21,33.86,29.5,31.22,-4.36,-5.944,-2.776,systematic_underforecast,4.36,4.507,5.42,0.913,-2.64,-3.979,-1.301,systematic_underforecast,2.64,2.811,3.76,0.899,1.72,0,5,0,0,100,0,2026-09-22T13:31:58Z
target_month,2026-06,station_1200545_complete,"Porto, Pedras Rubras (1200545), dia completo",individual_station_sensitivity,morning,tmax,2,D+2,12,12,limited,2026-05-30,2026-06-27,2026-06-01,2026-06-29,23.825,21.992,22.317,-1.833,-2.886,-0.781,systematic_underforecast,2.05,2.424,4.05,0.952,-1.508,-2.879,-0.138,systematic_underforecast,2.158,2.557,3.94,0.871,-0.108,6,6,0,50,50,0,2026-06-30T11:28:55Z
target_month,2026-07,station_1200545_complete,"Porto, Pedras Rubras (1200545), dia completo",individual_station_sensitivity,morning,tmax,2,D+2,7,7,insufficient,2026-06-29,2026-07-27,2026-07-01,2026-07-29,26.429,23.7,24.5,-2.729,-4.388,-1.069,systematic_underforecast,2.729,3.194,4.82,0.985,-1.929,-2.769,-1.088,systematic_underforecast,1.929,2.104,2.8,0.989,0.8,2,5,0,28.571,71.429,0,2026-07-30T10:37:22Z
target_month,2026-08,station_1200545_complete,"Porto, Pedras Rubras (1200545), dia completo",individual_station_sensitivity,morning,tmax,2,D+2,9,9,insufficient,2026-08-03,2026-08-29,2026-08-05,2026-08-31,24.311,22.011,22.811,-2.3,-2.827,-1.773,systematic_underforecast,2.3,2.389,2.92,0.962,-1.5,-2.293,-0.707,systematic_underforecast,1.567,1.788,2.82,0.836,0.733,0,9,0,0,100,0,2026-09-01T13:35:24Z
target_month,2026-09,station_1200545_complete,"Porto, Pedras Rubras (1200545), dia completo",individual_station_sensitivity,morning,tmax,2,D+2,8,8,insufficient,2026-09-03,2026-09-19,2026-09-05,2026-09-21,26.775,24.4,25.238,-2.375,-3.757,-0.993,systematic_underforecast,2.375,2.834,4.7,0.964,-1.538,-2.363,-0.712,systematic_underforecast,1.538,1.793,2.8,0.983,0.837,2,6,0,25,75,0,2026-09-22T13:31:58Z
cycle_horizon,all,station_1200545_complete,"Porto, Pedras Rubras (1200545), dia completo",individual_station_sensitivity,morning,tmax,3,D+3,36,36,preliminary,2026-05-30,2026-09-19,2026-06-02,2026-09-22,24.894,22.853,23.228,-2.042,-2.638,-1.446,systematic_underforecast,2.247,2.68,3.35,0.922,-1.667,-2.199,-1.134,systematic_underforecast,1.8,2.278,3.55,0.938,0.447,11,25,0,30.556,69.444,0,2026-09-23T13:45:43Z
observed_tmax_band,25-29.9,station_1200545_complete,"Porto, Pedras Rubras (1200545), dia completo",individual_station_sensitivity,morning,tmax,3,D+3,7,7,insufficient,2026-06-10,2026-09-11,2026-06-13,2026-09-14,26.671,23.857,25.143,-2.814,-3.63,-1.998,systematic_underforecast,2.814,2.93,3.84,0.786,-1.529,-2.387,-0.67,systematic_underforecast,1.557,1.754,2.38,0.67,1.257,1,6,0,14.286,85.714,0,2026-09-15T13:43:27Z
observed_tmax_band,<25,station_1200545_complete,"Porto, Pedras Rubras (1200545), dia completo",individual_station_sensitivity,morning,tmax,3,D+3,25,25,limited,2026-05-30,2026-09-12,2026-06-02,2026-09-15,22.76,21.312,21.476,-1.448,-1.942,-0.954,systematic_underforecast,1.744,1.864,2.5,0.638,-1.284,-1.791,-0.777,systematic_underforecast,1.468,1.76,2.56,0.642,0.276,8,17,0,32,68,0,2026-09-16T13:37:33Z
observed_tmax_band,>=30,station_1200545_complete,"Porto, Pedras Rubras (1200545), dia completo",individual_station_sensitivity,morning,tmax,3,D+3,4,4,insufficient,2026-06-29,2026-09-19,2026-07-02,2026-09-22,35.125,30.725,30.825,-4.4,-9.777,0.977,inconclusive,4.4,5.284,7.52,0.154,-4.3,-7.723,-0.877,systematic_underforecast,4.3,4.686,6.28,0.748,0.1,2,2,0,50,50,0,2026-09-23T13:45:43Z
target_month,2026-06,station_1200545_complete,"Porto, Pedras Rubras (1200545), dia completo",individual_station_sensitivity,morning,tmax,3,D+3,11,11,limited,2026-05-30,2026-06-26,2026-06-02,2026-06-29,23.518,21.773,21.918,-1.745,-2.962,-0.529,systematic_underforecast,2.309,2.455,2.9,0.793,-1.6,-2.619,-0.581,systematic_underforecast,1.818,2.157,3.3,0.855,0.491,3,8,0,27.273,72.727,0,2026-06-30T11:28:55Z
target_month,2026-07,station_1200545_complete,"Porto, Pedras Rubras (1200545), dia completo",individual_station_sensitivity,morning,tmax,3,D+3,8,8,insufficient,2026-06-29,2026-07-27,2026-07-02,2026-07-30,26.312,23.825,24.462,-2.488,-4.592,-0.383,systematic_underforecast,2.638,3.425,4.57,0.932,-1.85,-3.302,-0.398,systematic_underforecast,2.075,2.462,4.04,0.991,0.562,2,6,0,25,75,0,2026-07-31T11:05:10Z
target_month,2026-08,station_1200545_complete,"Porto, Pedras Rubras (1200545), dia completo",individual_station_sensitivity,morning,tmax,3,D+3,8,8,insufficient,2026-08-03,2026-08-28,2026-08-06,2026-08-31,25.062,23.113,23.788,-1.95,-2.45,-1.45,systematic_underforecast,1.95,2.029,2.59,0.989,-1.275,-2.026,-0.524,systematic_underforecast,1.325,1.527,2.22,0.973,0.625,1,7,0,12.5,87.5,0,2026-09-01T13:35:24Z
target_month,2026-09,station_1200545_complete,"Porto, Pedras Rubras (1200545), dia completo",individual_station_sensitivity,morning,tmax,3,D+3,9,9,insufficient,2026-08-29,2026-09-19,2026-09-01,2026-09-22,25.167,23.078,23.233,-2.089,-3.483,-0.695,systematic_underforecast,2.089,2.699,4.16,0.935,-1.933,-3.537,-0.33,systematic_underforecast,1.956,2.758,3.48,0.875,0.133,5,4,0,55.556,44.444,0,2026-09-23T13:45:43Z
cycle_horizon,all,station_1200545_complete,"Porto, Pedras Rubras (1200545), dia completo",individual_station_sensitivity,morning,tmax,4,D+4,28,28,limited,2026-05-30,2026-09-19,2026-06-03,2026-09-23,24.364,22.632,23.139,-1.732,-2.333,-1.132,systematic_underforecast,2.004,2.305,3.81,0.898,-1.225,-1.854,-0.596,systematic_underforecast,1.668,2.009,2.97,0.892,0.336,12,16,0,42.857,57.143,0,2026-09-24T13:40:48Z
observed_tmax_band,25-29.9,station_1200545_complete,"Porto, Pedras Rubras (1200545), dia completo",individual_station_sensitivity,morning,tmax,4,D+4,4,4,insufficient,2026-06-19,2026-09-19,2026-06-23,2026-09-23,25.7,23.3,25.85,-2.4,-5.444,0.644,inconclusive,2.4,2.916,4.24,0.845,0.15,-3.688,3.988,inconclusive,1.65,2.094,3.03,0.909,0.75,2,2,0,50,50,0,2026-09-24T13:40:48Z
observed_tmax_band,<25,station_1200545_complete,"Porto, Pedras Rubras (1200545), dia completo",individual_station_sensitivity,morning,tmax,4,D+4,21,21,limited,2026-05-30,2026-09-11,2026-06-03,2026-09-15,22.857,21.443,21.614,-1.414,-2.007,-0.822,systematic_underforecast,1.776,1.901,2.6,0.428,-1.243,-1.782,-0.703,systematic_underforecast,1.49,1.698,2.6,0.495,0.286,9,12,0,42.857,57.143,0,2026-09-16T13:37:33Z
observed_tmax_band,>=30,station_1200545_complete,"Porto, Pedras Rubras (1200545), dia completo",individual_station_sensitivity,morning,tmax,4,D+4,3,3,insufficient,2026-06-29,2026-09-08,2026-07-03,2026-09-12,33.133,30.067,30.2,-3.067,-8.809,2.676,inconclusive,3.067,3.601,4.46,0.714,-2.933,-8.24,2.373,inconclusive,2.933,3.413,4.66,0.907,0.133,1,2,0,33.333,66.667,0,2026-09-13T13:23:19Z
target_month,2026-06,station_1200545_complete,"Porto, Pedras Rubras (1200545), dia completo",individual_station_sensitivity,morning,tmax,4,D+4,9,9,insufficient,2026-05-30,2026-06-23,2026-06-03,2026-06-27,22.722,21.944,22.5,-0.778,-2.015,0.46,inconclusive,1.622,1.706,2.12,0.735,-0.222,-1.814,1.37,inconclusive,1.6,1.965,3.6,0.786,0.022,3,6,0,33.333,66.667,0,2026-06-28T10:40:55Z
target_month,2026-07,station_1200545_complete,"Porto, Pedras Rubras (1200545), dia completo",individual_station_sensitivity,morning,tmax,4,D+4,5,5,insufficient,2026-06-29,2026-07-27,2026-07-03,2026-07-31,27.62,25.1,25.1,-2.52,-4.509,-0.531,systematic_underforecast,2.52,2.899,4.14,0.967,-2.52,-4.655,-0.385,systematic_underforecast,2.52,2.952,4.32,0.962,0,3,2,0,60,40,0,2026-08-01T10:14:45Z
target_month,2026-08,station_1200545_complete,"Porto, Pedras Rubras (1200545), dia completo",individual_station_sensitivity,morning,tmax,4,D+4,4,4,insufficient,2026-08-03,2026-08-26,2026-08-07,2026-08-30,23.55,21.45,22.325,-2.1,-3.277,-0.923,systematic_underforecast,2.1,2.195,2.74,0.891,-1.225,-2.404,-0.046,systematic_underforecast,1.225,1.383,1.81,0.834,0.875,0,4,0,0,100,0,2026-08-31T16:15:47Z
target_month,2026-09,station_1200545_complete,"Porto, Pedras Rubras (1200545), dia completo",individual_station_sensitivity,morning,tmax,4,D+4,10,10,limited,2026-08-28,2026-09-19,2026-09-01,2026-09-23,24.54,22.49,23.06,-2.05,-3.097,-1.003,systematic_underforecast,2.05,2.476,4.36,0.838,-1.48,-2.019,-0.941,systematic_underforecast,1.48,1.644,2.24,0.96,0.57,6,4,0,60,40,0,2026-09-24T13:40:48Z
cycle_horizon,all,station_1200545_complete,"Porto, Pedras Rubras (1200545), dia completo",individual_station_sensitivity,morning,tmax,5,D+5,92,92,more_stable,2026-05-29,2026-09-19,2026-06-03,2026-09-24,24.701,22.626,25.296,-2.075,-2.535,-1.615,systematic_underforecast,2.416,3.032,4.37,0.833,0.595,0.012,1.178,systematic_overforecast,1.882,2.862,3.78,0.741,0.535,26,66,0,28.261,71.739,0,2026-09-25T13:59:55Z
observed_tmax_band,25-29.9,station_1200545_complete,"Porto, Pedras Rubras (1200545), dia completo",individual_station_sensitivity,morning,tmax,5,D+5,19,19,limited,2026-06-06,2026-09-11,2026-06-11,2026-09-16,26.405,23.768,26.826,-2.637,-3.56,-1.714,systematic_underforecast,2.847,3.229,4.16,0.43,0.421,-0.987,1.829,inconclusive,2.263,2.875,5.44,0.472,0.584,6,13,0,31.579,68.421,0,2026-09-17T13:39:28Z
observed_tmax_band,<25,station_1200545_complete,"Porto, Pedras Rubras (1200545), dia completo",individual_station_sensitivity,morning,tmax,5,D+5,63,63,more_stable,2026-05-29,2026-09-19,2026-06-03,2026-09-24,22.737,21.416,23.713,-1.321,-1.693,-0.948,systematic_underforecast,1.756,1.974,2.6,0.524,0.976,0.278,1.675,systematic_overforecast,1.71,2.92,3.16,0.227,0.046,20,43,0,31.746,68.254,0,2026-09-25T13:59:55Z
observed_tmax_band,>=30,station_1200545_complete,"Porto, Pedras Rubras (1200545), dia completo",individual_station_sensitivity,morning,tmax,5,D+5,10,10,limited,2026-06-07,2026-09-08,2026-06-12,2026-09-13,33.84,28.08,32.36,-5.76,-7.761,-3.759,systematic_underforecast,5.76,6.342,9.08,0.38,-1.48,-2.944,-0.016,systematic_underforecast,2.24,2.441,3.15,0.682,3.52,0,10,0,0,100,0,2026-09-14T15:08:18Z
target_month,2026-06,station_1200545_complete,"Porto, Pedras Rubras (1200545), dia completo",individual_station_sensitivity,morning,tmax,5,D+5,22,22,limited,2026-05-29,2026-06-25,2026-06-03,2026-06-30,23.468,21.827,24.709,-1.641,-2.912,-0.37,systematic_underforecast,2.314,3.245,3.83,0.711,1.241,-0.363,2.845,inconclusive,2.486,3.745,4.45,0.659,-0.173,10,12,0,45.455,54.545,0,2026-07-01T11:39:31Z
target_month,2026-07,station_1200545_complete,"Porto, Pedras Rubras (1200545), dia completo",individual_station_sensitivity,morning,tmax,5,D+5,31,31,preliminary,2026-06-26,2026-07-26,2026-07-01,2026-07-31,25.497,23.232,25.794,-2.265,-3.091,-1.438,systematic_underforecast,2.652,3.168,5,0.903,0.297,-0.757,1.35,inconclusive,1.806,2.841,2.6,0.809,0.845,6,25,0,19.355,80.645,0,2026-08-01T10:14:45Z
target_month,2026-08,station_1200545_complete,"Porto, Pedras Rubras (1200545), dia completo",individual_station_sensitivity,morning,tmax,5,D+5,29,29,limited,2026-07-27,2026-08-26,2026-08-01,2026-08-31,24.666,22.4,24.634,-2.266,-3.027,-1.504,systematic_underforecast,2.424,3,4.16,0.685,-0.031,-0.809,0.747,inconclusive,1.417,2.009,3,0.733,1.007,6,23,0,20.69,79.31,0,2026-09-01T13:35:24Z
target_month,2026-09,station_1200545_complete,"Porto, Pedras Rubras (1200545), dia completo",individual_station_sensitivity,morning,tmax,5,D+5,10,10,limited,2026-08-28,2026-09-19,2026-09-02,2026-09-24,25.05,23.16,26.96,-1.89,-2.484,-1.296,systematic_underforecast,1.89,2.048,2.93,0.978,1.91,0.375,3.445,systematic_overforecast,2.13,2.791,3.9,0.754,-0.24,4,6,0,40,60,0,2026-09-25T13:59:55Z
cycle_horizon,all,station_1200545_complete,"Porto, Pedras Rubras (1200545), dia completo",individual_station_sensitivity,morning,tmax,6,D+6,92,92,more_stable,2026-05-29,2026-09-19,2026-06-04,2026-09-25,24.788,22.77,24.973,-2.018,-2.571,-1.466,systematic_underforecast,2.512,3.332,4.84,0.73,0.185,-0.414,0.784,inconclusive,2.109,2.883,4.77,0.728,0.403,35,57,0,38.043,61.957,0,2026-09-26T13:16:04Z
observed_tmax_band,25-29.9,station_1200545_complete,"Porto, Pedras Rubras (1200545), dia completo",individual_station_sensitivity,morning,tmax,6,D+6,19,19,limited,2026-06-05,2026-09-08,2026-06-11,2026-09-14,26.605,23.705,26.137,-2.9,-3.96,-1.84,systematic_underforecast,3.005,3.605,4.38,0.346,-0.468,-2.171,1.235,inconclusive,2.9,3.471,5.56,0.407,0.105,9,10,0,47.368,52.632,0,2026-09-15T13:43:27Z
observed_tmax_band,<25,station_1200545_complete,"Porto, Pedras Rubras (1200545), dia completo",individual_station_sensitivity,morning,tmax,6,D+6,63,63,more_stable,2026-05-29,2026-09-19,2026-06-04,2026-09-25,22.803,21.756,23.495,-1.048,-1.482,-0.613,systematic_underforecast,1.737,2.008,2.96,0.444,0.692,0.082,1.302,systematic_overforecast,1.771,2.5,3.36,0.272,-0.035,24,39,0,38.095,61.905,0,2026-09-26T13:16:04Z
observed_tmax_band,>=30,station_1200545_complete,"Porto, Pedras Rubras (1200545), dia completo",individual_station_sensitivity,morning,tmax,6,D+6,10,10,limited,2026-06-06,2026-09-06,2026-06-12,2026-09-12,33.84,27.38,32.07,-6.46,-8.885,-4.035,systematic_underforecast,6.46,7.216,10.17,0.165,-1.77,-4.279,0.739,inconclusive,2.73,3.769,6.75,0.522,3.73,2,8,0,20,80,0,2026-09-13T13:23:19Z
target_month,2026-06,station_1200545_complete,"Porto, Pedras Rubras (1200545), dia completo",individual_station_sensitivity,morning,tmax,6,D+6,21,21,limited,2026-05-29,2026-06-24,2026-06-04,2026-06-30,23.581,22.076,23.814,-1.505,-3.129,0.12,inconclusive,2.533,3.794,4.1,0.529,0.233,-1.235,1.701,inconclusive,2.671,3.156,4.8,0.66,-0.138,10,11,0,47.619,52.381,0,2026-07-01T11:39:31Z
target_month,2026-07,station_1200545_complete,"Porto, Pedras Rubras (1200545), dia completo",individual_station_sensitivity,morning,tmax,6,D+6,31,31,preliminary,2026-06-25,2026-07-25,2026-07-01,2026-07-31,25.497,23.435,25.994,-2.061,-3.08,-1.042,systematic_underforecast,2.687,3.423,5.7,0.829,0.497,-0.541,1.535,inconclusive,1.819,2.828,3.2,0.827,0.868,9,22,0,29.032,70.968,0,2026-08-01T10:14:45Z
target_month,2026-08,station_1200545_complete,"Porto, Pedras Rubras (1200545), dia completo",individual_station_sensitivity,morning,tmax,6,D+6,29,29,limited,2026-07-26,2026-08-25,2026-08-01,2026-08-31,24.666,22.359,24.169,-2.307,-3.132,-1.482,systematic_underforecast,2.459,3.141,4.38,0.613,-0.497,-1.637,0.644,inconclusive,2.145,2.988,5.56,0.414,0.314,10,19,0,34.483,65.517,0,2026-09-01T13:35:24Z
target_month,2026-09,station_1200545_complete,"Porto, Pedras Rubras (1200545), dia completo",individual_station_sensitivity,morning,tmax,6,D+6,11,11,limited,2026-08-26,2026-09-19,2026-09-01,2026-09-25,25.418,23.3,26.427,-2.118,-3.082,-1.155,systematic_underforecast,2.118,2.521,3.9,0.892,1.009,-0.291,2.309,inconclusive,1.755,2.103,3,0.844,0.364,6,5,0,54.545,45.455,0,2026-09-26T13:16:04Z
cycle_horizon,all,station_1200545_complete,"Porto, Pedras Rubras (1200545), dia completo",individual_station_sensitivity,morning,tmax,7,D+7,92,92,more_stable,2026-05-29,2026-09-19,2026-06-05,2026-09-26,24.865,22.777,24.742,-2.088,-2.722,-1.455,systematic_underforecast,2.751,3.69,5.77,0.615,-0.123,-0.779,0.533,inconclusive,2.195,3.153,4.9,0.613,0.557,31,59,2,33.696,64.13,2.174,2026-09-27T14:09:28Z
observed_tmax_band,25-29.9,station_1200545_complete,"Porto, Pedras Rubras (1200545), dia completo",individual_station_sensitivity,morning,tmax,7,D+7,17,17,limited,2026-06-06,2026-09-12,2026-06-13,2026-09-19,26.482,23.282,24.894,-3.2,-4.063,-2.337,systematic_underforecast,3.2,3.591,4.92,0.354,-1.588,-2.808,-0.368,systematic_underforecast,2.376,2.796,3.54,0.187,0.824,4,13,0,23.529,76.471,0,2026-09-20T13:07:39Z
observed_tmax_band,<25,station_1200545_complete,"Porto, Pedras Rubras (1200545), dia completo",individual_station_sensitivity,morning,tmax,7,D+7,64,64,more_stable,2026-05-29,2026-09-19,2026-06-05,2026-09-26,22.936,22.027,23.82,-0.909,-1.434,-0.384,systematic_underforecast,1.862,2.275,3.17,0.194,0.884,0.228,1.54,systematic_overforecast,1.781,2.751,4.51,0.151,0.081,25,37,2,39.062,57.812,3.125,2026-09-27T14:09:28Z
observed_tmax_band,>=30,station_1200545_complete,"Porto, Pedras Rubras (1200545), dia completo",individual_station_sensitivity,morning,tmax,7,D+7,11,11,limited,2026-06-05,2026-09-06,2026-06-12,2026-09-13,33.591,26.364,29.873,-7.227,-9.627,-4.828,systematic_underforecast,7.227,7.989,10.6,0.108,-3.718,-6.279,-1.157,systematic_underforecast,4.318,5.199,8.5,0.345,2.909,2,9,0,18.182,81.818,0,2026-09-14T15:08:18Z
target_month,2026-06,station_1200545_complete,"Porto, Pedras Rubras (1200545), dia completo",individual_station_sensitivity,morning,tmax,7,D+7,20,20,limited,2026-05-29,2026-06-23,2026-06-05,2026-06-30,23.195,21.945,23.82,-1.25,-2.947,0.447,inconclusive,2.46,3.748,3.64,0.349,0.625,-0.814,2.064,inconclusive,2.195,3.062,5.09,0.592,0.265,9,11,0,45,55,0,2026-07-01T11:39:31Z
target_month,2026-07,station_1200545_complete,"Porto, Pedras Rubras (1200545), dia completo",individual_station_sensitivity,morning,tmax,7,D+7,31,31,preliminary,2026-06-24,2026-07-24,2026-07-01,2026-07-31,25.497,23.506,25.758,-1.99,-3.263,-0.717,systematic_underforecast,3.023,3.952,8,0.689,0.261,-1.026,1.549,inconclusive,2.345,3.462,4.9,0.694,0.677,9,22,0,29.032,70.968,0,2026-08-01T10:14:45Z
target_month,2026-08,station_1200545_complete,"Porto, Pedras Rubras (1200545), dia completo",individual_station_sensitivity,morning,tmax,7,D+7,29,29,limited,2026-07-25,2026-08-24,2026-08-01,2026-08-31,24.666,22.441,24.041,-2.224,-3.079,-1.369,systematic_underforecast,2.39,3.135,3.8,0.574,-0.624,-1.761,0.513,inconclusive,2.059,3.002,3.86,0.223,0.331,10,18,1,34.483,62.069,3.448,2026-09-01T13:35:24Z
target_month,2026-09,station_1200545_complete,"Porto, Pedras Rubras (1200545), dia completo",individual_station_sensitivity,morning,tmax,7,D+7,12,12,limited,2026-08-25,2026-09-19,2026-09-01,2026-09-26,26.5,23.092,25.35,-3.408,-4.93,-1.886,systematic_underforecast,3.408,4.108,6.52,0.659,-1.15,-2.846,0.546,inconclusive,2.133,2.803,3.79,0.63,1.275,3,8,1,25,66.667,8.333,2026-09-27T14:09:28Z
cycle_horizon,all,station_1200545_complete,"Porto, Pedras Rubras (1200545), dia completo",individual_station_sensitivity,morning,tmax,8,D+8,92,92,more_stable,2026-05-29,2026-09-19,2026-06-06,2026-09-27,25.02,22.958,24.9,-2.062,-2.712,-1.412,systematic_underforecast,2.858,3.739,6.2,0.572,-0.12,-0.92,0.681,inconclusive,2.585,3.846,5.89,0.465,0.273,35,54,3,38.043,58.696,3.261,2026-09-28T16:51:47Z
observed_tmax_band,25-29.9,station_1200545_complete,"Porto, Pedras Rubras (1200545), dia completo",individual_station_sensitivity,morning,tmax,8,D+8,20,20,limited,2026-06-03,2026-09-11,2026-06-11,2026-09-19,26.795,23.12,25.515,-3.675,-4.431,-2.919,systematic_underforecast,3.675,3.998,5.82,0.457,-1.28,-2.325,-0.235,systematic_underforecast,2.09,2.524,3.96,0.379,1.585,2,16,2,10,80,10,2026-09-20T13:07:39Z
observed_tmax_band,<25,station_1200545_complete,"Porto, Pedras Rubras (1200545), dia completo",individual_station_sensitivity,morning,tmax,8,D+8,61,61,more_stable,2026-05-29,2026-09-19,2026-06-06,2026-09-27,22.936,22.339,23.974,-0.597,-1.17,-0.024,systematic_underforecast,1.797,2.298,3.2,-0.017,1.038,0.092,1.984,systematic_overforecast,2.369,3.807,5.4,-0.067,-0.572,30,30,1,49.18,49.18,1.639,2026-09-28T16:51:47Z
observed_tmax_band,>=30,station_1200545_complete,"Porto, Pedras Rubras (1200545), dia completo",individual_station_sensitivity,morning,tmax,8,D+8,11,11,limited,2026-06-23,2026-09-12,2026-07-01,2026-09-20,33.345,26.091,28.918,-7.255,-8.976,-5.533,systematic_underforecast,7.255,7.655,10.1,0.429,-4.427,-6.882,-1.972,systematic_underforecast,4.682,5.634,6.9,0.655,2.573,3,8,0,27.273,72.727,0,2026-09-21T15:13:21Z
target_month,2026-06,station_1200545_complete,"Porto, Pedras Rubras (1200545), dia completo",individual_station_sensitivity,morning,tmax,8,D+8,19,19,limited,2026-05-29,2026-06-21,2026-06-06,2026-06-29,23.063,21.974,23.726,-1.089,-2.43,0.251,inconclusive,2.247,2.918,4.76,0.314,0.663,-0.787,2.113,inconclusive,2.179,3.003,4.36,0.539,0.068,9,10,0,47.368,52.632,0,2026-06-30T11:28:55Z
target_month,2026-07,station_1200545_complete,"Porto, Pedras Rubras (1200545), dia completo",individual_station_sensitivity,morning,tmax,8,D+8,31,31,preliminary,2026-06-23,2026-07-23,2026-07-01,2026-07-31,25.497,23.745,26.335,-1.752,-3.161,-0.342,systematic_underforecast,3.177,4.166,8.3,0.59,0.839,-1.022,2.699,inconclusive,3.006,5.06,6.3,0.417,0.171,10,21,0,32.258,67.742,0,2026-08-01T10:14:45Z
target_month,2026-08,station_1200545_complete,"Porto, Pedras Rubras (1200545), dia completo",individual_station_sensitivity,morning,tmax,8,D+8,29,29,limited,2026-07-24,2026-08-23,2026-08-01,2026-08-31,24.666,22.607,24.207,-2.059,-2.943,-1.174,systematic_underforecast,2.3,3.076,4.2,0.531,-0.459,-1.482,0.565,inconclusive,2.045,2.684,3.86,0.385,0.255,12,15,2,41.379,51.724,6.897,2026-09-01T13:35:24Z
target_month,2026-09,station_1200545_complete,"Porto, Pedras Rubras (1200545), dia completo",individual_station_sensitivity,morning,tmax,8,D+8,13,13,limited,2026-08-24,2026-09-19,2026-09-01,2026-09-27,27.531,23.3,24.738,-4.231,-5.787,-2.674,systematic_underforecast,4.231,4.901,6.78,0.657,-2.792,-4.406,-1.179,systematic_underforecast,3.377,3.792,5.7,0.698,0.854,4,8,1,30.769,61.538,7.692,2026-09-28T16:51:47Z
cycle_horizon,all,station_1200545_complete,"Porto, Pedras Rubras (1200545), dia completo",individual_station_sensitivity,morning,tmax,9,D+9,88,88,more_stable,2026-05-29,2026-09-19,2026-06-07,2026-09-28,24.992,23.072,25.3,-1.92,-2.652,-1.189,systematic_underforecast,2.818,3.935,6.61,0.478,0.308,-0.665,1.281,inconclusive,3.097,4.578,8.12,0.321,-0.278,42,44,2,47.727,50,2.273,2026-09-29T14:56:00Z
observed_tmax_band,25-29.9,station_1200545_complete,"Porto, Pedras Rubras (1200545), dia completo",individual_station_sensitivity,morning,tmax,9,D+9,18,18,limited,2026-06-02,2026-09-05,2026-06-11,2026-09-14,26.383,23.461,25.639,-2.922,-3.598,-2.246,systematic_underforecast,2.922,3.207,4.46,0.462,-0.744,-2.371,0.882,inconclusive,2.722,3.265,4.54,0.15,0.2,7,10,1,38.889,55.556,5.556,2026-09-15T13:43:27Z
observed_tmax_band,<25,station_1200545_complete,"Porto, Pedras Rubras (1200545), dia completo",individual_station_sensitivity,morning,tmax,9,D+9,59,59,preliminary,2026-05-29,2026-09-19,2026-06-07,2026-09-28,22.932,22.544,24.527,-0.388,-0.972,0.196,inconclusive,1.727,2.255,3.2,-0.058,1.595,0.532,2.658,systematic_overforecast,2.666,4.348,5.48,-0.149,-0.939,32,26,1,54.237,44.068,1.695,2026-09-29T14:56:00Z
observed_tmax_band,>=30,station_1200545_complete,"Porto, Pedras Rubras (1200545), dia completo",individual_station_sensitivity,morning,tmax,9,D+9,11,11,limited,2026-06-03,2026-09-12,2026-06-12,2026-09-21,33.764,25.264,28.891,-8.5,-10.432,-6.568,systematic_underforecast,8.5,8.931,11.3,0.337,-4.873,-8.401,-1.344,systematic_underforecast,6.018,6.987,10.7,0.152,2.482,3,8,0,27.273,72.727,0,2026-09-22T13:31:58Z
target_month,2026-06,station_1200545_complete,"Porto, Pedras Rubras (1200545), dia completo",individual_station_sensitivity,morning,tmax,9,D+9,18,18,limited,2026-05-29,2026-06-21,2026-06-07,2026-06-30,23.867,22.272,24.783,-1.594,-3.478,0.289,inconclusive,2.583,4.012,5.83,0.327,0.917,-1.613,3.447,inconclusive,3.394,5.028,7.98,0.244,-0.811,11,7,0,61.111,38.889,0,2026-07-01T11:39:31Z
target_month,2026-07,station_1200545_complete,"Porto, Pedras Rubras (1200545), dia completo",individual_station_sensitivity,morning,tmax,9,D+9,30,30,preliminary,2026-06-23,2026-07-22,2026-07-02,2026-07-31,25.283,23.903,27.083,-1.38,-2.922,0.162,inconclusive,3.18,4.288,7.62,0.471,1.8,-0.262,3.862,inconclusive,3.98,5.72,9.62,0.284,-0.8,14,15,1,46.667,50,3.333,2026-08-01T10:14:45Z
target_month,2026-08,station_1200545_complete,"Porto, Pedras Rubras (1200545), dia completo",individual_station_sensitivity,morning,tmax,9,D+9,29,29,limited,2026-07-23,2026-08-22,2026-08-01,2026-08-31,24.666,22.621,23.962,-2.045,-2.915,-1.174,systematic_underforecast,2.286,3.039,3.9,0.554,-0.703,-1.693,0.286,inconclusive,1.759,2.652,3.46,0.492,0.528,11,18,0,37.931,62.069,0,2026-09-01T13:35:24Z
target_month,2026-09,station_1200545_complete,"Porto, Pedras Rubras (1200545), dia completo",individual_station_sensitivity,morning,tmax,9,D+9,11,11,limited,2026-08-23,2026-09-19,2026-09-01,2026-09-28,26.9,23.3,24.809,-3.6,-5.837,-1.363,systematic_underforecast,3.618,4.8,7.8,0.579,-2.091,-4.739,0.558,inconclusive,3.727,4.301,5.7,0.472,-0.109,6,4,1,54.545,36.364,9.091,2026-09-29T14:56:00Z
cycle_horizon,all,station_1200545_complete,"Porto, Pedras Rubras (1200545), dia completo",individual_station_sensitivity,afternoon,tmin,0,D+0,92,92,more_stable,2026-05-29,2026-10-08,2026-05-29,2026-10-08,17.382,15.928,17.509,-1.453,-1.669,-1.238,systematic_underforecast,1.514,1.784,2.6,0.928,0.127,-0.107,0.361,inconclusive,0.842,1.13,1.9,0.897,0.672,20,71,1,21.739,77.174,1.087,2026-10-08T20:03:21Z
target_month,2026-05,station_1200545_complete,"Porto, Pedras Rubras (1200545), dia completo",individual_station_sensitivity,afternoon,tmin,0,D+0,1,1,insufficient,2026-05-29,2026-05-29,2026-05-29,2026-05-29,16.2,15.4,16.8,-0.8,,,inconclusive,0.8,0.8,0.8,,0.6,,,inconclusive,0.6,0.6,0.6,,0.2,0,1,0,0,100,0,2026-05-30T10:24:06Z
target_month,2026-06,station_1200545_complete,"Porto, Pedras Rubras (1200545), dia completo",individual_station_sensitivity,afternoon,tmin,0,D+0,18,18,limited,2026-06-01,2026-06-28,2026-06-01,2026-06-28,16.128,15.211,16.283,-0.917,-1.259,-0.575,systematic_underforecast,0.972,1.135,1.63,0.97,0.156,-0.279,0.59,inconclusive,0.678,0.864,1.24,0.931,0.294,6,12,0,33.333,66.667,0,2026-06-29T12:46:53Z
target_month,2026-07,station_1200545_complete,"Porto, Pedras Rubras (1200545), dia completo",individual_station_sensitivity,afternoon,tmin,0,D+0,20,20,limited,2026-07-03,2026-07-31,2026-07-03,2026-07-31,18.605,16.665,18.755,-1.94,-2.329,-1.551,systematic_underforecast,1.94,2.103,2.66,0.946,0.15,-0.246,0.546,inconclusive,0.65,0.838,1.22,0.952,1.29,1,19,0,5,95,0,2026-08-01T10:14:45Z
target_month,2026-08,station_1200545_complete,"Porto, Pedras Rubras (1200545), dia completo",individual_station_sensitivity,afternoon,tmin,0,D+0,24,24,limited,2026-08-01,2026-08-31,2026-08-01,2026-08-31,18.229,16.754,18.408,-1.475,-1.845,-1.105,systematic_underforecast,1.558,1.707,2.4,0.893,0.179,-0.164,0.523,inconclusive,0.654,0.816,1.27,0.891,0.904,3,21,0,12.5,87.5,0,2026-09-01T13:35:24Z
target_month,2026-09,station_1200545_complete,"Porto, Pedras Rubras (1200545), dia completo",individual_station_sensitivity,afternoon,tmin,0,D+0,22,22,limited,2026-09-01,2026-09-30,2026-09-01,2026-09-30,16.764,15.318,16.795,-1.445,-2.069,-0.822,systematic_underforecast,1.545,1.995,3.28,0.899,0.032,-0.752,0.816,inconclusive,1.35,1.727,3.14,0.829,0.195,8,13,1,36.364,59.091,4.545,2026-10-01T15:40:49Z
target_month,2026-10,station_1200545_complete,"Porto, Pedras Rubras (1200545), dia completo",individual_station_sensitivity,afternoon,tmin,0,D+0,7,7,insufficient,2026-10-01,2026-10-08,2026-10-01,2026-10-08,16.314,14.829,16.357,-1.486,-2.526,-0.446,systematic_underforecast,1.543,1.814,2.5,0.898,0.043,-1.024,1.109,inconclusive,0.9,1.068,1.52,0.868,0.643,2,5,0,28.571,71.429,0,2026-10-08T20:03:21Z
cycle_horizon,all,station_1200545_complete,"Porto, Pedras Rubras (1200545), dia completo",individual_station_sensitivity,afternoon,tmin,1,D+1,91,91,more_stable,2026-05-29,2026-10-07,2026-05-30,2026-10-08,17.127,15.688,17.327,-1.44,-1.687,-1.192,systematic_underforecast,1.525,1.862,2.7,0.908,0.2,-0.072,0.472,inconclusive,0.976,1.314,2.2,0.855,0.549,22,66,3,24.176,72.527,3.297,2026-10-08T20:02:33Z
target_month,2026-05,station_1200545_complete,"Porto, Pedras Rubras (1200545), dia completo",individual_station_sensitivity,afternoon,tmin,1,D+1,1,1,insufficient,2026-05-29,2026-05-29,2026-05-30,2026-05-30,15.9,14.5,16.5,-1.4,,,inconclusive,1.4,1.4,1.4,,0.6,,,inconclusive,0.6,0.6,0.6,,0.8,0,1,0,0,100,0,2026-05-31T10:31:32Z
target_month,2026-06,station_1200545_complete,"Porto, Pedras Rubras (1200545), dia completo",individual_station_sensitivity,afternoon,tmin,1,D+1,18,18,limited,2026-05-31,2026-06-28,2026-06-01,2026-06-29,15.367,14.661,15.85,-0.706,-1.098,-0.313,systematic_underforecast,0.828,1.043,1.82,0.969,0.483,0.111,0.856,systematic_overforecast,0.739,0.874,1.33,0.951,0.089,8,9,1,44.444,50,5.556,2026-06-30T11:28:55Z
target_month,2026-07,station_1200545_complete,"Porto, Pedras Rubras (1200545), dia completo",individual_station_sensitivity,afternoon,tmin,1,D+1,21,21,limited,2026-06-30,2026-07-30,2026-07-01,2026-07-31,18.419,16.671,18.538,-1.748,-2.266,-1.229,systematic_underforecast,1.767,2.071,2.7,0.927,0.119,-0.516,0.754,inconclusive,0.91,1.366,2.2,0.871,0.857,4,17,0,19.048,80.952,0,2026-08-01T10:14:45Z
target_month,2026-08,station_1200545_complete,"Porto, Pedras Rubras (1200545), dia completo",individual_station_sensitivity,afternoon,tmin,1,D+1,22,22,limited,2026-07-31,2026-08-30,2026-08-01,2026-08-31,18.195,16.577,18.441,-1.618,-2.066,-1.171,systematic_underforecast,1.682,1.895,2.67,0.856,0.245,-0.169,0.66,inconclusive,0.727,0.946,1.74,0.857,0.955,2,20,0,9.091,90.909,0,2026-09-01T13:35:24Z
target_month,2026-09,station_1200545_complete,"Porto, Pedras Rubras (1200545), dia completo",individual_station_sensitivity,afternoon,tmin,1,D+1,22,22,limited,2026-08-31,2026-09-29,2026-09-01,2026-09-30,16.582,15.118,16.677,-1.464,-2.123,-0.804,systematic_underforecast,1.627,2.063,3.3,0.822,0.095,-0.717,0.908,inconclusive,1.468,1.793,2.76,0.686,0.159,7,13,2,31.818,59.091,9.091,2026-10-01T15:40:49Z
target_month,2026-10,station_1200545_complete,"Porto, Pedras Rubras (1200545), dia completo",individual_station_sensitivity,afternoon,tmin,1,D+1,7,7,insufficient,2026-09-30,2026-10-07,2026-10-01,2026-10-08,16.314,14.543,16.157,-1.771,-2.927,-0.615,systematic_underforecast,1.8,2.116,2.94,0.855,-0.157,-1.534,1.22,inconclusive,1.071,1.387,2.32,0.692,0.729,1,6,0,14.286,85.714,0,2026-10-08T20:02:33Z
cycle_horizon,all,station_1200545_complete,"Porto, Pedras Rubras (1200545), dia completo",individual_station_sensitivity,afternoon,tmin,2,D+2,93,93,more_stable,2026-05-31,2026-10-06,2026-06-02,2026-10-08,17.335,15.927,17.538,-1.409,-1.683,-1.135,systematic_underforecast,1.568,1.933,3.08,0.842,0.202,-0.091,0.495,inconclusive,1.082,1.43,2.38,0.807,0.486,32,59,2,34.409,63.441,2.151,2026-10-08T20:02:33Z
target_month,2026-06,station_1200545_complete,"Porto, Pedras Rubras (1200545), dia completo",individual_station_sensitivity,afternoon,tmin,2,D+2,17,17,limited,2026-05-31,2026-06-28,2026-06-02,2026-06-30,15.582,14.824,15.818,-0.759,-1.298,-0.22,systematic_underforecast,0.971,1.269,2.1,0.944,0.235,-0.516,0.987,inconclusive,1.165,1.438,2.26,0.805,-0.194,11,6,0,64.706,35.294,0,2026-07-01T11:39:31Z
target_month,2026-07,station_1200545_complete,"Porto, Pedras Rubras (1200545), dia completo",individual_station_sensitivity,afternoon,tmin,2,D+2,24,24,limited,2026-06-30,2026-07-29,2026-07-02,2026-07-31,18.308,16.704,18.421,-1.604,-2.193,-1.016,systematic_underforecast,1.796,2.106,3.01,0.704,0.112,-0.402,0.627,inconclusive,0.946,1.198,2,0.779,0.85,6,18,0,25,75,0,2026-08-01T10:14:45Z
target_month,2026-08,station_1200545_complete,"Porto, Pedras Rubras (1200545), dia completo",individual_station_sensitivity,afternoon,tmin,2,D+2,23,23,limited,2026-07-30,2026-08-29,2026-08-01,2026-08-31,18.509,16.861,18.978,-1.648,-2.068,-1.227,systematic_underforecast,1.683,1.903,2.4,0.873,0.47,0.133,0.806,systematic_overforecast,0.652,0.894,1.1,0.93,1.03,3,20,0,13.043,86.957,0,2026-09-01T13:35:24Z
target_month,2026-09,station_1200545_complete,"Porto, Pedras Rubras (1200545), dia completo",individual_station_sensitivity,afternoon,tmin,2,D+2,22,22,limited,2026-08-30,2026-09-28,2026-09-01,2026-09-30,16.727,15.341,16.727,-1.386,-2.151,-0.622,systematic_underforecast,1.65,2.182,4.08,0.706,0,-0.915,0.915,inconclusive,1.636,2.015,2.99,0.576,0.014,10,10,2,45.455,45.455,9.091,2026-10-01T15:40:49Z
target_month,2026-10,station_1200545_complete,"Porto, Pedras Rubras (1200545), dia completo",individual_station_sensitivity,afternoon,tmin,2,D+2,7,7,insufficient,2026-09-29,2026-10-06,2026-10-01,2026-10-08,16.314,14.714,16.5,-1.6,-2.641,-0.559,systematic_underforecast,1.6,1.909,2.88,0.853,0.186,-1.148,1.519,inconclusive,1.014,1.347,2,0.732,0.586,2,5,0,28.571,71.429,0,2026-10-08T20:02:33Z
cycle_horizon,all,station_1200545_complete,"Porto, Pedras Rubras (1200545), dia completo",individual_station_sensitivity,afternoon,tmin,3,D+3,92,92,more_stable,2026-05-29,2026-10-05,2026-06-01,2026-10-08,17.412,15.858,17.6,-1.554,-1.836,-1.272,systematic_underforecast,1.657,2.061,3.4,0.881,0.188,-0.135,0.511,inconclusive,1.21,1.564,2.59,0.805,0.447,30,58,4,32.609,63.043,4.348,2026-10-08T20:02:33Z
target_month,2026-06,station_1200545_complete,"Porto, Pedras Rubras (1200545), dia completo",individual_station_sensitivity,afternoon,tmin,3,D+3,17,17,limited,2026-05-29,2026-06-27,2026-06-01,2026-06-30,15.624,14.929,16,-0.694,-1.156,-0.232,systematic_underforecast,0.906,1.114,1.82,0.975,0.376,-0.416,1.169,inconclusive,1.235,1.542,2.14,0.881,-0.329,9,7,1,52.941,41.176,5.882,2026-07-01T11:39:31Z
target_month,2026-07,station_1200545_complete,"Porto, Pedras Rubras (1200545), dia completo",individual_station_sensitivity,afternoon,tmin,3,D+3,23,23,limited,2026-06-28,2026-07-28,2026-07-01,2026-07-31,18.304,16.504,18.487,-1.8,-2.338,-1.262,systematic_underforecast,1.896,2.173,3.06,0.867,0.183,-0.509,0.874,inconclusive,1.243,1.574,2.86,0.711,0.652,5,17,1,21.739,73.913,4.348,2026-08-01T10:14:45Z
target_month,2026-08,station_1200545_complete,"Porto, Pedras Rubras (1200545), dia completo",individual_station_sensitivity,afternoon,tmin,3,D+3,23,23,limited,2026-07-29,2026-08-28,2026-08-01,2026-08-31,18.413,16.704,18.891,-1.709,-2.156,-1.262,systematic_underforecast,1.743,1.985,3.18,0.809,0.478,0.084,0.873,systematic_overforecast,0.783,1.013,1.78,0.867,0.961,6,17,0,26.087,73.913,0,2026-09-01T13:35:24Z
target_month,2026-09,station_1200545_complete,"Porto, Pedras Rubras (1200545), dia completo",individual_station_sensitivity,afternoon,tmin,3,D+3,22,22,limited,2026-08-29,2026-09-27,2026-09-01,2026-09-30,17.164,15.355,16.959,-1.809,-2.636,-0.982,systematic_underforecast,1.936,2.567,4.66,0.812,-0.205,-1.15,0.741,inconclusive,1.705,2.094,3.44,0.774,0.232,8,12,2,36.364,54.545,9.091,2026-10-01T15:40:49Z
target_month,2026-10,station_1200545_complete,"Porto, Pedras Rubras (1200545), dia completo",individual_station_sensitivity,afternoon,tmin,3,D+3,7,7,insufficient,2026-09-28,2026-10-05,2026-10-01,2026-10-08,16.314,14.786,16.343,-1.529,-2.672,-0.385,systematic_underforecast,1.529,1.91,2.94,0.813,0.029,-1.021,1.079,inconclusive,0.886,1.052,1.46,0.839,0.643,2,5,0,28.571,71.429,0,2026-10-08T20:02:33Z
cycle_horizon,all,station_1200545_complete,"Porto, Pedras Rubras (1200545), dia completo",individual_station_sensitivity,afternoon,tmin,4,D+4,100,100,more_stable,2026-05-29,2026-10-04,2026-06-02,2026-10-08,17.533,15.863,17.598,-1.67,-1.942,-1.398,systematic_underforecast,1.802,2.155,3.03,0.866,0.065,-0.259,0.389,inconclusive,1.267,1.628,2.6,0.769,0.535,31,68,1,31,68,1,2026-10-08T20:02:33Z
target_month,2026-06,station_1200545_complete,"Porto, Pedras Rubras (1200545), dia completo",individual_station_sensitivity,afternoon,tmin,4,D+4,19,19,limited,2026-05-29,2026-06-26,2026-06-02,2026-06-30,15.637,14.568,15.784,-1.068,-1.785,-0.352,systematic_underforecast,1.332,1.799,2.54,0.94,0.147,-0.587,0.882,inconclusive,1.242,1.491,1.96,0.887,0.089,10,9,0,52.632,47.368,0,2026-07-01T11:39:31Z
target_month,2026-07,station_1200545_complete,"Porto, Pedras Rubras (1200545), dia completo",individual_station_sensitivity,afternoon,tmin,4,D+4,26,26,limited,2026-06-27,2026-07-26,2026-07-01,2026-07-30,18.185,16.631,18.381,-1.554,-2.024,-1.084,systematic_underforecast,1.738,1.928,2.65,0.791,0.196,-0.38,0.772,inconclusive,1.165,1.411,2.2,0.739,0.573,9,17,0,34.615,65.385,0,2026-07-31T11:05:10Z
target_month,2026-08,station_1200545_complete,"Porto, Pedras Rubras (1200545), dia completo",individual_station_sensitivity,afternoon,tmin,4,D+4,26,26,limited,2026-07-28,2026-08-27,2026-08-01,2026-08-31,18.55,16.685,19.058,-1.865,-2.217,-1.514,systematic_underforecast,1.912,2.051,2.85,0.885,0.508,0.1,0.915,systematic_overforecast,0.862,1.111,1.65,0.84,1.05,4,21,1,15.385,80.769,3.846,2026-09-01T13:35:24Z
target_month,2026-09,station_1200545_complete,"Porto, Pedras Rubras (1200545), dia completo",individual_station_sensitivity,afternoon,tmin,4,D+4,22,22,limited,2026-08-28,2026-09-26,2026-09-01,2026-09-30,17.586,15.405,17.014,-2.182,-3.006,-1.357,systematic_underforecast,2.245,2.839,4.95,0.82,-0.573,-1.571,0.426,inconclusive,1.845,2.274,3.53,0.626,0.4,6,16,0,27.273,72.727,0,2026-10-01T15:40:49Z
target_month,2026-10,station_1200545_complete,"Porto, Pedras Rubras (1200545), dia completo",individual_station_sensitivity,afternoon,tmin,4,D+4,7,7,insufficient,2026-09-27,2026-10-04,2026-10-01,2026-10-08,16.314,14.914,16.029,-1.4,-2.301,-0.499,systematic_underforecast,1.514,1.666,2.4,0.918,-0.286,-2.153,1.582,inconclusive,1.4,1.891,3.12,0.511,0.114,2,5,0,28.571,71.429,0,2026-10-08T20:02:33Z
cycle_horizon,all,station_1200545_complete,"Porto, Pedras Rubras (1200545), dia completo",individual_station_sensitivity,afternoon,tmin,5,D+5,34,34,preliminary,2026-06-01,2026-10-03,2026-06-06,2026-10-08,17.144,15.241,16.706,-1.903,-2.35,-1.456,systematic_underforecast,1.903,2.284,3.84,0.853,-0.438,-1.055,0.178,inconclusive,1.385,1.796,2.91,0.654,0.518,6,27,1,17.647,79.412,2.941,2026-10-08T20:02:33Z
target_month,2026-06,station_1200545_complete,"Porto, Pedras Rubras (1200545), dia completo",individual_station_sensitivity,afternoon,tmin,5,D+5,4,4,insufficient,2026-06-01,2026-06-22,2026-06-06,2026-06-27,16.075,14.675,16.575,-1.4,-2.355,-0.445,systematic_underforecast,1.4,1.493,1.98,0.907,0.5,-0.123,1.123,inconclusive,0.5,0.604,0.88,0.96,0.9,0,4,0,0,100,0,2026-06-28T10:40:55Z
target_month,2026-08,station_1200545_complete,"Porto, Pedras Rubras (1200545), dia completo",individual_station_sensitivity,afternoon,tmin,5,D+5,1,1,insufficient,2026-08-18,2026-08-18,2026-08-23,2026-08-23,17.2,15.6,16.3,-1.6,,,inconclusive,1.6,1.6,1.6,,-0.9,,,inconclusive,0.9,0.9,0.9,,0.7,0,1,0,0,100,0,2026-08-24T09:11:12Z
target_month,2026-09,station_1200545_complete,"Porto, Pedras Rubras (1200545), dia completo",individual_station_sensitivity,afternoon,tmin,5,D+5,22,22,limited,2026-08-27,2026-09-25,2026-09-01,2026-09-30,17.6,15.464,16.868,-2.136,-2.749,-1.524,systematic_underforecast,2.136,2.527,3.88,0.875,-0.732,-1.599,0.135,inconclusive,1.632,2.046,3,0.639,0.505,5,16,1,22.727,72.727,4.545,2026-10-01T15:40:49Z
target_month,2026-10,station_1200545_complete,"Porto, Pedras Rubras (1200545), dia completo",individual_station_sensitivity,afternoon,tmin,5,D+5,7,7,insufficient,2026-09-26,2026-10-03,2026-10-01,2026-10-08,16.314,14.814,16.329,-1.5,-2.671,-0.329,systematic_underforecast,1.5,1.904,2.8,0.798,0.014,-1.458,1.487,inconclusive,1.186,1.474,2.46,0.654,0.314,1,6,0,14.286,85.714,0,2026-10-08T20:02:33Z
cycle_horizon,all,station_1200545_complete,"Porto, Pedras Rubras (1200545), dia completo",individual_station_sensitivity,afternoon,tmin,6,D+6,33,33,preliminary,2026-06-01,2026-10-02,2026-06-07,2026-10-08,17.227,15.312,16.815,-1.915,-2.538,-1.293,systematic_underforecast,2.079,2.58,4.52,0.764,-0.412,-1.289,0.464,inconclusive,1.964,2.469,4.26,0.387,0.115,13,19,1,39.394,57.576,3.03,2026-10-08T20:02:33Z
target_month,2026-06,station_1200545_complete,"Porto, Pedras Rubras (1200545), dia completo",individual_station_sensitivity,afternoon,tmin,6,D+6,4,4,insufficient,2026-06-01,2026-06-22,2026-06-07,2026-06-28,16.075,14.95,15.95,-1.125,-3.958,1.708,inconclusive,1.425,1.909,2.82,0.631,-0.125,-3.33,3.08,inconclusive,1.375,1.749,2.61,0.485,0.05,1,3,0,25,75,0,2026-06-29T12:46:53Z
target_month,2026-08,station_1200545_complete,"Porto, Pedras Rubras (1200545), dia completo",individual_station_sensitivity,afternoon,tmin,6,D+6,1,1,insufficient,2026-08-18,2026-08-18,2026-08-24,2026-08-24,18.7,14.8,14.4,-3.9,,,inconclusive,3.9,3.9,3.9,,-4.3,,,inconclusive,4.3,4.3,4.3,,-0.4,1,0,0,100,0,0,2026-08-25T09:06:02Z
target_month,2026-09,station_1200545_complete,"Porto, Pedras Rubras (1200545), dia completo",individual_station_sensitivity,afternoon,tmin,6,D+6,21,21,limited,2026-08-27,2026-09-24,2026-09-02,2026-09-30,17.681,15.538,17.19,-2.143,-3.004,-1.282,systematic_underforecast,2.314,2.828,4.8,0.771,-0.49,-1.704,0.723,inconclusive,2.129,2.647,4.5,0.368,0.186,8,12,1,38.095,57.143,4.762,2026-10-01T15:40:49Z
target_month,2026-10,station_1200545_complete,"Porto, Pedras Rubras (1200545), dia completo",individual_station_sensitivity,afternoon,tmin,6,D+6,7,7,insufficient,2026-09-25,2026-10-02,2026-10-01,2026-10-08,16.314,14.914,16.529,-1.4,-2.483,-0.317,systematic_underforecast,1.486,1.77,2.54,0.829,0.214,-1.597,2.025,inconclusive,1.471,1.826,2.62,0.47,0.014,3,4,0,42.857,57.143,0,2026-10-08T20:02:33Z
cycle_horizon,all,station_1200545_complete,"Porto, Pedras Rubras (1200545), dia completo",individual_station_sensitivity,afternoon,tmin,7,D+7,32,32,preliminary,2026-06-01,2026-10-01,2026-06-08,2026-10-08,16.95,15.125,17.006,-1.825,-2.595,-1.055,systematic_underforecast,2.075,2.784,4.98,0.491,0.056,-0.835,0.948,inconclusive,1.881,2.434,3.86,0.322,0.194,12,19,1,37.5,59.375,3.125,2026-10-08T20:02:33Z
target_month,2026-06,station_1200545_complete,"Porto, Pedras Rubras (1200545), dia completo",individual_station_sensitivity,afternoon,tmin,7,D+7,4,4,insufficient,2026-06-01,2026-06-22,2026-06-08,2026-06-29,15.775,15.825,16.975,0.05,-0.155,0.255,inconclusive,0.1,0.122,0.17,0.999,1.2,-0.572,2.972,inconclusive,1.2,1.539,2.28,0.906,-1.1,3,0,1,75,0,25,2026-06-30T11:28:55Z
target_month,2026-08,station_1200545_complete,"Porto, Pedras Rubras (1200545), dia completo",individual_station_sensitivity,afternoon,tmin,7,D+7,1,1,insufficient,2026-08-18,2026-08-18,2026-08-25,2026-08-25,18.9,14.1,14.3,-4.8,,,inconclusive,4.8,4.8,4.8,,-4.6,,,inconclusive,4.6,4.6,4.6,,0.2,0,1,0,0,100,0,2026-08-26T09:08:46Z
target_month,2026-09,station_1200545_complete,"Porto, Pedras Rubras (1200545), dia completo",individual_station_sensitivity,afternoon,tmin,7,D+7,20,20,limited,2026-08-27,2026-09-23,2026-09-03,2026-09-30,17.31,15.24,17.37,-2.07,-3.084,-1.056,systematic_underforecast,2.39,2.958,5.07,0.562,0.06,-1.177,1.297,inconclusive,2.01,2.576,3.66,0.311,0.38,7,13,0,35,65,0,2026-10-01T15:40:49Z
target_month,2026-10,station_1200545_complete,"Porto, Pedras Rubras (1200545), dia completo",individual_station_sensitivity,afternoon,tmin,7,D+7,7,7,insufficient,2026-09-24,2026-10-01,2026-10-01,2026-10-08,16.314,14.543,16.371,-1.771,-3.768,0.226,inconclusive,1.914,2.671,3.96,0.339,0.057,-1.875,1.99,inconclusive,1.514,1.935,2.82,0.445,0.4,2,5,0,28.571,71.429,0,2026-10-08T20:02:33Z
cycle_horizon,all,station_1200545_complete,"Porto, Pedras Rubras (1200545), dia completo",individual_station_sensitivity,afternoon,tmin,8,D+8,30,30,preliminary,2026-06-01,2026-09-30,2026-06-09,2026-10-08,16.687,15.07,16.303,-1.617,-2.488,-0.745,systematic_underforecast,2.17,2.806,4.74,0.383,-0.383,-1.38,0.614,inconclusive,2.01,2.653,4.54,0.319,0.16,13,17,0,43.333,56.667,0,2026-10-08T20:02:33Z
target_month,2026-06,station_1200545_complete,"Porto, Pedras Rubras (1200545), dia completo",individual_station_sensitivity,afternoon,tmin,8,D+8,4,4,insufficient,2026-06-01,2026-06-22,2026-06-09,2026-06-30,15.975,16.55,17.725,0.575,-0.802,1.952,inconclusive,0.675,0.945,1.41,0.98,1.75,-0.015,3.515,inconclusive,1.75,1.996,2.75,0.893,-1.075,4,0,0,100,0,0,2026-07-01T11:39:31Z
target_month,2026-09,station_1200545_complete,"Porto, Pedras Rubras (1200545), dia completo",individual_station_sensitivity,afternoon,tmin,8,D+8,19,19,limited,2026-08-27,2026-09-22,2026-09-04,2026-09-30,16.974,15.068,16.705,-1.905,-3.039,-0.772,systematic_underforecast,2.316,2.979,4.86,0.466,-0.268,-1.668,1.131,inconclusive,2.1,2.838,4.84,0.193,0.216,7,12,0,36.842,63.158,0,2026-10-01T15:40:49Z
target_month,2026-10,station_1200545_complete,"Porto, Pedras Rubras (1200545), dia completo",individual_station_sensitivity,afternoon,tmin,8,D+8,7,7,insufficient,2026-09-23,2026-09-30,2026-10-01,2026-10-08,16.314,14.229,14.4,-2.086,-4.278,0.106,inconclusive,2.629,3.027,4.86,0.145,-1.914,-3.445,-0.384,systematic_underforecast,1.914,2.452,4,0.676,0.714,2,5,0,28.571,71.429,0,2026-10-08T20:02:33Z
cycle_horizon,all,station_1200545_complete,"Porto, Pedras Rubras (1200545), dia completo",individual_station_sensitivity,afternoon,tmin,9,D+9,29,29,limited,2026-06-01,2026-09-29,2026-06-10,2026-10-08,16.49,15.11,16.376,-1.379,-2.313,-0.445,systematic_underforecast,2.152,2.779,4.94,0.164,-0.114,-1.253,1.025,inconclusive,2.383,2.945,5.28,0.155,-0.231,17,11,1,58.621,37.931,3.448,2026-10-08T20:02:33Z
target_month,2026-06,station_1200545_complete,"Porto, Pedras Rubras (1200545), dia completo",individual_station_sensitivity,afternoon,tmin,9,D+9,3,3,insufficient,2026-06-01,2026-06-16,2026-06-10,2026-06-25,16.167,17.033,18.4,0.867,-5.27,7.004,inconclusive,1.8,2.195,3.08,0.858,2.233,-8.231,12.697,inconclusive,3.233,4.101,5.74,-0.572,-1.433,3,0,0,100,0,0,2026-06-26T11:24:44Z
target_month,2026-07,station_1200545_complete,"Porto, Pedras Rubras (1200545), dia completo",individual_station_sensitivity,afternoon,tmin,9,D+9,1,1,insufficient,2026-06-22,2026-06-22,2026-07-01,2026-07-01,16.4,17.5,18.4,1.1,,,inconclusive,1.1,1.1,1.1,,2,,,inconclusive,2,2,2,,-0.9,1,0,0,100,0,0,2026-07-02T11:08:18Z
target_month,2026-09,station_1200545_complete,"Porto, Pedras Rubras (1200545), dia completo",individual_station_sensitivity,afternoon,tmin,9,D+9,18,18,limited,2026-08-27,2026-09-21,2026-09-05,2026-09-30,16.617,15.05,16.539,-1.567,-2.716,-0.417,systematic_underforecast,2.067,2.739,4.82,0.246,-0.078,-1.311,1.156,inconclusive,2,2.412,3.57,0.423,0.067,8,9,1,44.444,50,5.556,2026-10-01T15:40:49Z
target_month,2026-10,station_1200545_complete,"Porto, Pedras Rubras (1200545), dia completo",individual_station_sensitivity,afternoon,tmin,9,D+9,7,7,insufficient,2026-09-22,2026-09-29,2026-10-01,2026-10-08,16.314,14.1,14.8,-2.214,-4.572,0.144,inconclusive,2.671,3.237,5.14,-0.212,-1.514,-4.813,1.784,inconclusive,3.057,3.632,5.88,-0.414,-0.386,5,2,0,71.429,28.571,0,2026-10-08T20:02:33Z
cycle_horizon,all,station_1200545_complete,"Porto, Pedras Rubras (1200545), dia completo",individual_station_sensitivity,morning,tmin,0,D+0,39,39,preliminary,2026-05-30,2026-09-19,2026-05-30,2026-09-19,17.679,16.292,17.844,-1.387,-1.755,-1.019,systematic_underforecast,1.408,1.783,3.22,0.949,0.164,-0.276,0.604,inconclusive,1.015,1.351,2.12,0.873,0.392,13,25,1,33.333,64.103,2.564,2026-09-20T13:07:39Z
target_month,2026-05,station_1200545_complete,"Porto, Pedras Rubras (1200545), dia completo",individual_station_sensitivity,morning,tmin,0,D+0,1,1,insufficient,2026-05-30,2026-05-30,2026-05-30,2026-05-30,15.9,15.7,16.8,-0.2,,,inconclusive,0.2,0.2,0.2,,0.9,,,inconclusive,0.9,0.9,0.9,,-0.7,1,0,0,100,0,0,2026-05-31T10:31:32Z
target_month,2026-06,station_1200545_complete,"Porto, Pedras Rubras (1200545), dia completo",individual_station_sensitivity,morning,tmin,0,D+0,11,11,limited,2026-06-08,2026-06-30,2026-06-08,2026-06-30,15.736,14.845,16.2,-0.891,-1.542,-0.24,systematic_underforecast,0.891,1.283,1.7,0.978,0.464,-0.614,1.542,inconclusive,1.227,1.599,1.5,0.901,-0.336,7,4,0,63.636,36.364,0,2026-07-01T11:39:31Z
target_month,2026-07,station_1200545_complete,"Porto, Pedras Rubras (1200545), dia completo",individual_station_sensitivity,morning,tmin,0,D+0,11,11,limited,2026-07-01,2026-07-30,2026-07-01,2026-07-30,18.155,16.873,18.618,-1.282,-2.146,-0.417,systematic_underforecast,1.355,1.774,2.1,0.926,0.464,-0.376,1.303,inconclusive,1.009,1.278,2.2,0.901,0.345,3,7,1,27.273,63.636,9.091,2026-07-31T11:05:10Z
target_month,2026-08,station_1200545_complete,"Porto, Pedras Rubras (1200545), dia completo",individual_station_sensitivity,morning,tmin,0,D+0,8,8,insufficient,2026-08-03,2026-08-29,2026-08-03,2026-08-29,19.113,17.2,18.938,-1.912,-2.76,-1.065,systematic_underforecast,1.912,2.135,3.38,0.92,-0.175,-0.839,0.489,inconclusive,0.625,0.763,1.23,0.931,1.287,0,8,0,0,100,0,2026-08-30T13:53:39Z
target_month,2026-09,station_1200545_complete,"Porto, Pedras Rubras (1200545), dia completo",individual_station_sensitivity,morning,tmin,0,D+0,8,8,insufficient,2026-09-03,2026-09-19,2026-09-03,2026-09-19,18.488,16.65,18.075,-1.838,-2.715,-0.96,systematic_underforecast,1.838,2.084,2.95,0.896,-0.412,-1.762,0.937,inconclusive,1.138,1.565,2.38,0.617,0.7,2,6,0,25,75,0,2026-09-20T13:07:39Z
cycle_horizon,all,station_1200545_complete,"Porto, Pedras Rubras (1200545), dia completo",individual_station_sensitivity,morning,tmin,1,D+1,39,39,preliminary,2026-06-09,2026-09-19,2026-06-10,2026-09-20,18.321,16.608,18.103,-1.713,-2.111,-1.315,systematic_underforecast,1.723,2.098,3.58,0.911,-0.218,-0.742,0.306,inconclusive,1.187,1.611,2.42,0.762,0.536,11,26,2,28.205,66.667,5.128,2026-09-21T15:13:21Z
target_month,2026-06,station_1200545_complete,"Porto, Pedras Rubras (1200545), dia completo",individual_station_sensitivity,morning,tmin,1,D+1,11,11,limited,2026-06-09,2026-06-29,2026-06-10,2026-06-30,16.982,15.818,16.709,-1.164,-1.885,-0.442,systematic_underforecast,1.164,1.55,1.8,0.948,-0.273,-1.687,1.141,inconclusive,1.527,2.025,2.4,0.629,-0.364,6,4,1,54.545,36.364,9.091,2026-07-01T11:39:31Z
target_month,2026-07,station_1200545_complete,"Porto, Pedras Rubras (1200545), dia completo",individual_station_sensitivity,morning,tmin,1,D+1,10,10,limited,2026-07-01,2026-07-27,2026-07-02,2026-07-28,18.5,16.76,18.49,-1.74,-2.441,-1.039,systematic_underforecast,1.74,1.973,2.39,0.94,-0.01,-0.798,0.778,inconclusive,0.81,1.045,1.24,0.915,0.93,1,9,0,10,90,0,2026-07-29T11:00:40Z
target_month,2026-08,station_1200545_complete,"Porto, Pedras Rubras (1200545), dia completo",individual_station_sensitivity,morning,tmin,1,D+1,10,10,limited,2026-08-02,2026-08-29,2026-08-03,2026-08-30,18.93,17.08,19.17,-1.85,-2.515,-1.185,systematic_underforecast,1.85,2.05,3.41,0.889,0.24,-0.368,0.848,inconclusive,0.64,0.841,1.27,0.873,1.21,1,9,0,10,90,0,2026-08-31T16:15:47Z
target_month,2026-09,station_1200545_complete,"Porto, Pedras Rubras (1200545), dia completo",individual_station_sensitivity,morning,tmin,1,D+1,8,8,insufficient,2026-09-03,2026-09-19,2026-09-04,2026-09-20,19.175,16.913,18.2,-2.262,-3.79,-0.735,systematic_underforecast,2.312,2.836,4.38,0.883,-0.975,-2.721,0.771,inconclusive,1.875,2.183,3.44,0.634,0.437,3,4,1,37.5,50,12.5,2026-09-21T15:13:21Z
cycle_horizon,all,station_1200545_complete,"Porto, Pedras Rubras (1200545), dia completo",individual_station_sensitivity,morning,tmin,2,D+2,36,36,preliminary,2026-05-30,2026-09-19,2026-06-01,2026-09-21,17.853,16.142,17.683,-1.711,-2.143,-1.28,systematic_underforecast,1.772,2.123,3.6,0.948,-0.169,-0.829,0.491,inconclusive,1.403,1.931,3.25,0.748,0.369,11,25,0,30.556,69.444,0,2026-09-22T13:31:58Z
target_month,2026-06,station_1200545_complete,"Porto, Pedras Rubras (1200545), dia completo",individual_station_sensitivity,morning,tmin,2,D+2,12,12,limited,2026-05-30,2026-06-27,2026-06-01,2026-06-29,16.542,15.483,16.55,-1.058,-1.676,-0.441,systematic_underforecast,1.175,1.409,1.67,0.972,0.008,-1.106,1.123,inconclusive,1.092,1.679,2.21,0.769,0.083,4,8,0,33.333,66.667,0,2026-06-30T11:28:55Z
target_month,2026-07,station_1200545_complete,"Porto, Pedras Rubras (1200545), dia completo",individual_station_sensitivity,morning,tmin,2,D+2,7,7,insufficient,2026-06-29,2026-07-27,2026-07-01,2026-07-29,18.914,16.986,18.686,-1.929,-3.281,-0.576,systematic_underforecast,2.043,2.356,3.14,0.951,-0.229,-2.066,1.609,inconclusive,1.4,1.854,3.16,0.874,0.643,1,6,0,14.286,85.714,0,2026-07-30T10:37:22Z
target_month,2026-08,station_1200545_complete,"Porto, Pedras Rubras (1200545), dia completo",individual_station_sensitivity,morning,tmin,2,D+2,9,9,insufficient,2026-08-03,2026-08-29,2026-08-05,2026-08-31,17.844,16.167,18.367,-1.678,-2.313,-1.043,systematic_underforecast,1.678,1.85,2.58,0.822,0.522,-0.303,1.347,inconclusive,0.967,1.139,1.72,0.663,0.711,2,7,0,22.222,77.778,0,2026-09-01T13:35:24Z
target_month,2026-09,station_1200545_complete,"Porto, Pedras Rubras (1200545), dia completo",individual_station_sensitivity,morning,tmin,2,D+2,8,8,insufficient,2026-09-03,2026-09-19,2026-09-05,2026-09-21,18.9,16.363,17.738,-2.537,-3.853,-1.222,systematic_underforecast,2.537,2.933,4.35,0.982,-1.162,-3.481,1.156,inconclusive,2.363,2.843,4.78,0.748,0.175,4,4,0,50,50,0,2026-09-22T13:31:58Z
cycle_horizon,all,station_1200545_complete,"Porto, Pedras Rubras (1200545), dia completo",individual_station_sensitivity,morning,tmin,3,D+3,36,36,preliminary,2026-05-30,2026-09-19,2026-06-02,2026-09-22,17.486,16.444,17.914,-1.042,-1.394,-0.69,systematic_underforecast,1.231,1.462,2.15,0.883,0.428,0.021,0.834,systematic_overforecast,1.044,1.259,1.85,0.837,0.186,14,20,2,38.889,55.556,5.556,2026-09-23T13:45:43Z
target_month,2026-06,station_1200545_complete,"Porto, Pedras Rubras (1200545), dia completo",individual_station_sensitivity,morning,tmin,3,D+3,11,11,limited,2026-05-30,2026-06-26,2026-06-02,2026-06-29,16.818,15.927,16.873,-0.891,-1.381,-0.4,systematic_underforecast,0.964,1.131,1.7,0.932,0.055,-0.774,0.884,inconclusive,0.945,1.178,1.3,0.654,0.018,4,6,1,36.364,54.545,9.091,2026-06-30T11:28:55Z
target_month,2026-07,station_1200545_complete,"Porto, Pedras Rubras (1200545), dia completo",individual_station_sensitivity,morning,tmin,3,D+3,8,8,insufficient,2026-06-29,2026-07-27,2026-07-02,2026-07-30,18.85,17.637,19.188,-1.213,-2.576,0.151,inconclusive,1.688,1.948,2.64,0.835,0.337,-0.449,1.124,inconclusive,0.763,0.943,1.4,0.944,0.925,2,6,0,25,75,0,2026-07-31T11:05:10Z
target_month,2026-08,station_1200545_complete,"Porto, Pedras Rubras (1200545), dia completo",individual_station_sensitivity,morning,tmin,3,D+3,8,8,insufficient,2026-08-03,2026-08-28,2026-08-06,2026-08-31,17.762,16.65,18.85,-1.112,-1.878,-0.347,systematic_underforecast,1.213,1.404,2.02,0.946,1.088,0.196,1.979,systematic_overforecast,1.213,1.476,2.13,0.908,-0,3,4,1,37.5,50,12.5,2026-09-01T13:35:24Z
target_month,2026-09,station_1200545_complete,"Porto, Pedras Rubras (1200545), dia completo",individual_station_sensitivity,morning,tmin,3,D+3,9,9,insufficient,2026-08-29,2026-09-19,2026-09-01,2026-09-22,16.844,15.833,17.222,-1.011,-1.756,-0.266,systematic_underforecast,1.167,1.363,1.96,0.858,0.378,-0.71,1.465,inconclusive,1.267,1.386,1.94,0.503,-0.1,5,4,0,55.556,44.444,0,2026-09-23T13:45:43Z
cycle_horizon,all,station_1200545_complete,"Porto, Pedras Rubras (1200545), dia completo",individual_station_sensitivity,morning,tmin,4,D+4,28,28,limited,2026-05-30,2026-09-19,2026-06-03,2026-09-23,17.061,16.132,17.85,-0.929,-1.366,-0.491,systematic_underforecast,1.121,1.446,2.22,0.891,0.789,0.21,1.369,systematic_overforecast,1.404,1.666,2.59,0.791,-0.282,16,11,1,57.143,39.286,3.571,2026-09-24T13:40:48Z
target_month,2026-06,station_1200545_complete,"Porto, Pedras Rubras (1200545), dia completo",individual_station_sensitivity,morning,tmin,4,D+4,9,9,insufficient,2026-05-30,2026-06-23,2026-06-03,2026-06-27,16.833,16.178,17.078,-0.656,-1.233,-0.078,systematic_underforecast,0.878,0.966,1.44,0.849,0.244,-0.65,1.139,inconclusive,1,1.124,1.5,0.658,-0.122,5,3,1,55.556,33.333,11.111,2026-06-28T10:40:55Z
target_month,2026-07,station_1200545_complete,"Porto, Pedras Rubras (1200545), dia completo",individual_station_sensitivity,morning,tmin,4,D+4,5,5,insufficient,2026-06-29,2026-07-27,2026-07-03,2026-07-31,19.8,18.32,19.62,-1.48,-3.805,0.845,inconclusive,1.68,2.235,3.44,0.9,-0.18,-2.194,1.834,inconclusive,1.34,1.462,1.98,0.968,0.34,3,2,0,60,40,0,2026-08-01T10:14:45Z
target_month,2026-08,station_1200545_complete,"Porto, Pedras Rubras (1200545), dia completo",individual_station_sensitivity,morning,tmin,4,D+4,4,4,insufficient,2026-08-03,2026-08-26,2026-08-07,2026-08-30,17.125,16.025,18.425,-1.1,-2.517,0.317,inconclusive,1.1,1.344,1.95,0.781,1.3,-0.542,3.142,inconclusive,1.3,1.642,2.3,0.586,-0.2,2,2,0,50,50,0,2026-08-31T16:15:47Z
target_month,2026-09,station_1200545_complete,"Porto, Pedras Rubras (1200545), dia completo",individual_station_sensitivity,morning,tmin,4,D+4,10,10,limited,2026-08-28,2026-09-19,2026-09-01,2026-09-23,15.87,15.04,17.43,-0.83,-1.624,-0.036,systematic_underforecast,1.07,1.341,2.51,0.734,1.56,0.479,2.641,systematic_overforecast,1.84,2.118,3.03,0.47,-0.77,6,4,0,60,40,0,2026-09-24T13:40:48Z
cycle_horizon,all,station_1200545_complete,"Porto, Pedras Rubras (1200545), dia completo",individual_station_sensitivity,morning,tmin,5,D+5,92,92,more_stable,2026-05-29,2026-09-19,2026-06-03,2026-09-24,17.673,16.197,17.957,-1.476,-1.763,-1.189,systematic_underforecast,1.615,2.018,2.99,0.853,0.284,-0.067,0.634,inconclusive,1.275,1.706,2.5,0.751,0.34,34,55,3,36.957,59.783,3.261,2026-09-25T13:59:55Z
target_month,2026-06,station_1200545_complete,"Porto, Pedras Rubras (1200545), dia completo",individual_station_sensitivity,morning,tmin,5,D+5,22,22,limited,2026-05-29,2026-06-25,2026-06-03,2026-06-30,16.195,15.214,16.382,-0.982,-1.735,-0.229,systematic_underforecast,1.282,1.928,2.68,0.812,0.186,-0.771,1.144,inconclusive,1.45,2.117,3.32,0.631,-0.168,14,8,0,63.636,36.364,0,2026-07-01T11:39:31Z
target_month,2026-07,station_1200545_complete,"Porto, Pedras Rubras (1200545), dia completo",individual_station_sensitivity,morning,tmin,5,D+5,31,31,preliminary,2026-06-26,2026-07-26,2026-07-01,2026-07-31,18.445,16.81,18.735,-1.635,-2.133,-1.138,systematic_underforecast,1.771,2.111,3,0.82,0.29,-0.215,0.796,inconclusive,1.135,1.387,2.3,0.811,0.635,9,21,1,29.032,67.742,3.226,2026-08-01T10:14:45Z
target_month,2026-08,station_1200545_complete,"Porto, Pedras Rubras (1200545), dia completo",individual_station_sensitivity,morning,tmin,5,D+5,29,29,limited,2026-07-27,2026-08-26,2026-08-01,2026-08-31,18.472,16.621,18.717,-1.852,-2.234,-1.47,systematic_underforecast,1.879,2.098,2.82,0.828,0.245,-0.312,0.801,inconclusive,1.134,1.458,2.42,0.717,0.745,7,22,0,24.138,75.862,0,2026-09-01T13:35:24Z
target_month,2026-09,station_1200545_complete,"Porto, Pedras Rubras (1200545), dia completo",individual_station_sensitivity,morning,tmin,5,D+5,10,10,limited,2026-08-28,2026-09-19,2026-09-02,2026-09-24,16.21,15.23,16.8,-0.98,-1.977,0.017,inconclusive,1.1,1.646,1.8,0.895,0.59,-0.998,2.178,inconclusive,1.73,2.187,2.96,0.506,-0.63,4,4,2,40,40,20,2026-09-25T13:59:55Z
cycle_horizon,all,station_1200545_complete,"Porto, Pedras Rubras (1200545), dia completo",individual_station_sensitivity,morning,tmin,6,D+6,92,92,more_stable,2026-05-29,2026-09-19,2026-06-04,2026-09-25,17.724,16.191,18.101,-1.533,-1.865,-1.2,systematic_underforecast,1.735,2.213,3.26,0.754,0.377,-0.045,0.799,inconclusive,1.495,2.061,3.38,0.614,0.24,32,58,2,34.783,63.043,2.174,2026-09-26T13:16:04Z
target_month,2026-06,station_1200545_complete,"Porto, Pedras Rubras (1200545), dia completo",individual_station_sensitivity,morning,tmin,6,D+6,21,21,limited,2026-05-29,2026-06-24,2026-06-04,2026-06-30,16.305,15.286,16.562,-1.019,-1.925,-0.113,systematic_underforecast,1.438,2.193,2.8,0.668,0.257,-0.901,1.415,inconclusive,1.629,2.495,3.4,0.457,-0.19,9,11,1,42.857,52.381,4.762,2026-07-01T11:39:31Z
target_month,2026-07,station_1200545_complete,"Porto, Pedras Rubras (1200545), dia completo",individual_station_sensitivity,morning,tmin,6,D+6,31,31,preliminary,2026-06-25,2026-07-25,2026-07-01,2026-07-31,18.445,16.861,18.855,-1.584,-2.122,-1.046,systematic_underforecast,1.687,2.143,3.3,0.794,0.41,-0.278,1.097,inconclusive,1.397,1.888,2.9,0.628,0.29,10,21,0,32.258,67.742,0,2026-08-01T10:14:45Z
target_month,2026-08,station_1200545_complete,"Porto, Pedras Rubras (1200545), dia completo",individual_station_sensitivity,morning,tmin,6,D+6,29,29,limited,2026-07-26,2026-08-25,2026-08-01,2026-08-31,18.472,16.352,18.686,-2.121,-2.642,-1.6,systematic_underforecast,2.183,2.512,3.94,0.649,0.214,-0.519,0.947,inconclusive,1.49,1.905,3.14,0.507,0.693,8,20,1,27.586,68.966,3.448,2026-09-01T13:35:24Z
target_month,2026-09,station_1200545_complete,"Porto, Pedras Rubras (1200545), dia completo",individual_station_sensitivity,morning,tmin,6,D+6,11,11,limited,2026-08-26,2026-09-19,2026-09-01,2026-09-25,16.427,15.609,17.373,-0.818,-1.688,0.052,inconclusive,1.255,1.481,2.2,0.793,0.945,-0.303,2.194,inconclusive,1.527,2.009,3.1,0.573,-0.273,5,6,0,45.455,54.545,0,2026-09-26T13:16:04Z
cycle_horizon,all,station_1200545_complete,"Porto, Pedras Rubras (1200545), dia completo",individual_station_sensitivity,morning,tmin,7,D+7,92,92,more_stable,2026-05-29,2026-09-19,2026-06-05,2026-09-26,17.858,16.145,17.697,-1.713,-2.107,-1.319,systematic_underforecast,2.033,2.552,3.68,0.662,-0.161,-0.592,0.271,inconclusive,1.533,2.079,3.57,0.601,0.5,27,65,0,29.348,70.652,0,2026-09-27T14:09:28Z
target_month,2026-06,station_1200545_complete,"Porto, Pedras Rubras (1200545), dia completo",individual_station_sensitivity,morning,tmin,7,D+7,20,20,limited,2026-05-29,2026-06-23,2026-06-05,2026-06-30,16.24,15.245,16.35,-0.995,-2.07,0.08,inconclusive,1.665,2.449,2.93,0.613,0.11,-1.139,1.359,inconclusive,1.81,2.604,3.2,0.434,-0.145,8,12,0,40,60,0,2026-07-01T11:39:31Z
target_month,2026-07,station_1200545_complete,"Porto, Pedras Rubras (1200545), dia completo",individual_station_sensitivity,morning,tmin,7,D+7,31,31,preliminary,2026-06-24,2026-07-24,2026-07-01,2026-07-31,18.445,16.865,18.539,-1.581,-2.218,-0.943,systematic_underforecast,1.877,2.328,3.1,0.675,0.094,-0.596,0.783,inconclusive,1.481,1.851,3,0.61,0.397,9,22,0,29.032,70.968,0,2026-08-01T10:14:45Z
target_month,2026-08,station_1200545_complete,"Porto, Pedras Rubras (1200545), dia completo",individual_station_sensitivity,morning,tmin,7,D+7,29,29,limited,2026-07-25,2026-08-24,2026-08-01,2026-08-31,18.472,16.238,18.024,-2.234,-2.793,-1.676,systematic_underforecast,2.386,2.66,3.68,0.58,-0.448,-1.167,0.27,inconclusive,1.407,1.909,3.48,0.471,0.979,6,23,0,20.69,79.31,0,2026-09-01T13:35:24Z
target_month,2026-09,station_1200545_complete,"Porto, Pedras Rubras (1200545), dia completo",individual_station_sensitivity,morning,tmin,7,D+7,12,12,limited,2026-08-25,2026-09-19,2026-09-01,2026-09-26,17.55,15.558,16.975,-1.992,-3.458,-0.525,systematic_underforecast,2.192,2.975,5.28,0.633,-0.575,-1.876,0.726,inconclusive,1.508,2.043,3.55,0.718,0.683,4,8,0,33.333,66.667,0,2026-09-27T14:09:28Z
cycle_horizon,all,station_1200545_complete,"Porto, Pedras Rubras (1200545), dia completo",individual_station_sensitivity,morning,tmin,8,D+8,92,92,more_stable,2026-05-29,2026-09-19,2026-06-06,2026-09-27,17.958,16.226,17.57,-1.732,-2.119,-1.344,systematic_underforecast,2.062,2.543,4.1,0.589,-0.388,-0.922,0.146,inconclusive,2.001,2.594,4.48,0.422,0.061,41,50,1,44.565,54.348,1.087,2026-09-28T16:51:47Z
target_month,2026-06,station_1200545_complete,"Porto, Pedras Rubras (1200545), dia completo",individual_station_sensitivity,morning,tmin,8,D+8,19,19,limited,2026-05-29,2026-06-21,2026-06-06,2026-06-29,16.126,15.232,17.005,-0.895,-1.644,-0.145,systematic_underforecast,1.411,1.759,2.68,0.67,0.879,-0.173,1.931,inconclusive,1.626,2.299,3.94,0.533,-0.216,12,7,0,63.158,36.842,0,2026-06-30T11:28:55Z
target_month,2026-07,station_1200545_complete,"Porto, Pedras Rubras (1200545), dia completo",individual_station_sensitivity,morning,tmin,8,D+8,31,31,preliminary,2026-06-23,2026-07-23,2026-07-01,2026-07-31,18.445,16.958,18.584,-1.487,-2.128,-0.846,systematic_underforecast,1.855,2.273,3.1,0.673,0.139,-0.893,1.17,inconclusive,2.042,2.771,3.5,0.462,-0.187,12,19,0,38.71,61.29,0,2026-08-01T10:14:45Z
target_month,2026-08,station_1200545_complete,"Porto, Pedras Rubras (1200545), dia completo",individual_station_sensitivity,morning,tmin,8,D+8,29,29,limited,2026-07-24,2026-08-23,2026-08-01,2026-08-31,18.472,16.352,17.197,-2.121,-2.758,-1.484,systematic_underforecast,2.403,2.684,3.92,0.396,-1.276,-2.044,-0.507,systematic_underforecast,1.897,2.36,4.34,0.34,0.507,11,17,1,37.931,58.621,3.448,2026-09-01T13:35:24Z
target_month,2026-09,station_1200545_complete,"Porto, Pedras Rubras (1200545), dia completo",individual_station_sensitivity,morning,tmin,8,D+8,13,13,limited,2026-08-24,2026-09-19,2026-09-01,2026-09-27,18.323,15.654,16.808,-2.669,-4.174,-1.164,systematic_underforecast,2.746,3.585,5.86,0.263,-1.515,-3.163,0.132,inconclusive,2.685,3.026,4.46,0.313,0.062,6,7,0,46.154,53.846,0,2026-09-28T16:51:47Z
cycle_horizon,all,station_1200545_complete,"Porto, Pedras Rubras (1200545), dia completo",individual_station_sensitivity,morning,tmin,9,D+9,88,88,more_stable,2026-05-29,2026-09-19,2026-06-07,2026-09-28,18.083,16.32,17.976,-1.762,-2.175,-1.35,systematic_underforecast,2.04,2.618,3.89,0.56,-0.107,-0.754,0.54,inconclusive,2.175,3.039,4.56,0.374,-0.135,39,48,1,44.318,54.545,1.136,2026-09-29T14:56:00Z
target_month,2026-06,station_1200545_complete,"Porto, Pedras Rubras (1200545), dia completo",individual_station_sensitivity,morning,tmin,9,D+9,18,18,limited,2026-05-29,2026-06-21,2026-06-07,2026-06-30,16.583,15.472,17.111,-1.111,-2.059,-0.164,systematic_underforecast,1.289,2.159,2.34,0.559,0.528,-0.918,1.973,inconclusive,1.894,2.873,3.59,0.432,-0.606,10,8,0,55.556,44.444,0,2026-07-01T11:39:31Z
target_month,2026-07,station_1200545_complete,"Porto, Pedras Rubras (1200545), dia completo",individual_station_sensitivity,morning,tmin,9,D+9,30,30,preliminary,2026-06-23,2026-07-22,2026-07-02,2026-07-31,18.513,17.04,19.21,-1.473,-2.126,-0.821,systematic_underforecast,1.893,2.263,3.06,0.68,0.697,-0.666,2.059,inconclusive,2.517,3.654,5.94,0.294,-0.623,14,15,1,46.667,50,3.333,2026-08-01T10:14:45Z
target_month,2026-08,station_1200545_complete,"Porto, Pedras Rubras (1200545), dia completo",individual_station_sensitivity,morning,tmin,9,D+9,29,29,limited,2026-07-23,2026-08-22,2026-08-01,2026-08-31,18.472,16.348,17.428,-2.124,-2.759,-1.489,systematic_underforecast,2.379,2.683,4.12,0.397,-1.045,-1.903,-0.186,systematic_underforecast,2.003,2.452,4.16,0.436,0.376,11,18,0,37.931,62.069,0,2026-09-01T13:35:24Z
target_month,2026-09,station_1200545_complete,"Porto, Pedras Rubras (1200545), dia completo",individual_station_sensitivity,morning,tmin,9,D+9,11,11,limited,2026-08-23,2026-09-19,2026-09-01,2026-09-28,18.336,15.673,17.473,-2.664,-4.55,-0.777,systematic_underforecast,2.773,3.776,6.4,0.349,-0.864,-2.777,1.05,inconclusive,2.155,2.85,4.7,0.41,0.618,4,7,0,36.364,63.636,0,2026-09-29T14:56:00Z
cycle_horizon,all,station_1210649_complete,"S. Gens (1210649), dia completo",individual_station_sensitivity,afternoon,tmax,0,D+0,67,67,more_stable,2026-07-11,2026-10-08,2026-07-11,2026-10-08,25.654,22.433,23.094,-3.221,-3.61,-2.831,systematic_underforecast,3.301,3.59,4.78,0.879,-2.56,-2.864,-2.255,systematic_underforecast,2.604,2.844,3.84,0.919,0.697,11,53,3,16.418,79.104,4.478,2026-10-08T20:03:21Z
observed_tmax_band,25-29.9,station_1210649_complete,"S. Gens (1210649), dia completo",individual_station_sensitivity,afternoon,tmax,0,D+0,32,32,preliminary,2026-07-12,2026-10-05,2026-07-12,2026-10-05,26.619,22.572,23.478,-4.047,-4.345,-3.749,systematic_underforecast,4.047,4.128,4.88,0.739,-3.141,-3.476,-2.805,systematic_underforecast,3.141,3.271,3.99,0.688,0.906,2,29,1,6.25,90.625,3.125,2026-10-06T15:20:59Z
observed_tmax_band,<25,station_1210649_complete,"S. Gens (1210649), dia completo",individual_station_sensitivity,afternoon,tmax,0,D+0,30,30,preliminary,2026-07-11,2026-10-08,2026-07-11,2026-10-08,23.27,21.247,21.423,-2.023,-2.569,-1.478,systematic_underforecast,2.203,2.481,3.42,0.463,-1.847,-2.257,-1.436,systematic_underforecast,1.947,2.139,3.11,0.734,0.257,9,19,2,30,63.333,6.667,2026-10-08T20:03:21Z
observed_tmax_band,>=30,station_1210649_complete,"S. Gens (1210649), dia completo",individual_station_sensitivity,afternoon,tmax,0,D+0,5,5,insufficient,2026-08-16,2026-09-22,2026-08-16,2026-09-22,33.78,28.66,30.66,-5.12,-6.063,-4.177,systematic_underforecast,5.12,5.165,5.86,0.906,-3.12,-5.395,-0.845,systematic_underforecast,3.12,3.524,5,0.59,2,0,5,0,0,100,0,2026-09-23T13:45:43Z
target_month,2026-07,station_1210649_complete,"S. Gens (1210649), dia completo",individual_station_sensitivity,afternoon,tmax,0,D+0,14,14,limited,2026-07-11,2026-07-31,2026-07-11,2026-07-31,25.764,21.693,22.564,-4.071,-4.507,-3.636,systematic_underforecast,4.071,4.136,4.84,0.695,-3.2,-3.584,-2.816,systematic_underforecast,3.2,3.264,3.87,0.779,0.871,0,13,1,0,92.857,7.143,2026-08-01T10:14:45Z
target_month,2026-08,station_1210649_complete,"S. Gens (1210649), dia completo",individual_station_sensitivity,afternoon,tmax,0,D+0,24,24,limited,2026-08-02,2026-08-31,2026-08-02,2026-08-31,25.379,22.312,22.633,-3.067,-3.859,-2.274,systematic_underforecast,3.292,3.575,4.64,0.753,-2.746,-3.258,-2.233,systematic_underforecast,2.829,2.992,4.09,0.939,0.462,5,19,0,20.833,79.167,0,2026-09-01T13:35:24Z
target_month,2026-09,station_1210649_complete,"S. Gens (1210649), dia completo",individual_station_sensitivity,afternoon,tmax,0,D+0,22,22,limited,2026-09-01,2026-09-30,2026-09-01,2026-09-30,26.423,23.136,24.036,-3.286,-3.921,-2.652,systematic_underforecast,3.286,3.571,5.15,0.962,-2.386,-2.986,-1.786,systematic_underforecast,2.432,2.728,3.6,0.948,0.855,3,17,2,13.636,77.273,9.091,2026-10-01T15:40:49Z
target_month,2026-10,station_1210649_complete,"S. Gens (1210649), dia completo",individual_station_sensitivity,afternoon,tmax,0,D+0,7,7,insufficient,2026-10-01,2026-10-08,2026-10-01,2026-10-08,23.957,22.114,22.771,-1.843,-3.192,-0.493,systematic_underforecast,1.843,2.285,3.48,0.928,-1.186,-1.968,-0.404,systematic_underforecast,1.186,1.421,2.12,0.955,0.657,3,4,0,42.857,57.143,0,2026-10-08T20:03:21Z
cycle_horizon,all,station_1210649_complete,"S. Gens (1210649), dia completo",individual_station_sensitivity,afternoon,tmax,1,D+1,66,66,more_stable,2026-07-10,2026-10-07,2026-07-11,2026-10-08,25.729,22.361,23.105,-3.368,-3.77,-2.967,systematic_underforecast,3.447,3.738,5.2,0.874,-2.624,-2.936,-2.313,systematic_underforecast,2.667,2.91,3.9,0.92,0.78,11,53,2,16.667,80.303,3.03,2026-10-08T20:02:33Z
observed_tmax_band,25-29.9,station_1210649_complete,"S. Gens (1210649), dia completo",individual_station_sensitivity,afternoon,tmax,1,D+1,29,29,limited,2026-07-15,2026-10-04,2026-07-16,2026-10-05,26.659,22.648,23.586,-4.01,-4.394,-3.626,systematic_underforecast,4.01,4.131,5.14,0.589,-3.072,-3.451,-2.694,systematic_underforecast,3.072,3.224,4.06,0.587,0.938,3,26,0,10.345,89.655,0,2026-10-06T15:20:59Z
observed_tmax_band,<25,station_1210649_complete,"S. Gens (1210649), dia completo",individual_station_sensitivity,afternoon,tmax,1,D+1,31,31,preliminary,2026-07-10,2026-10-07,2026-07-11,2026-10-08,23.465,21.161,21.494,-2.303,-2.793,-1.814,systematic_underforecast,2.471,2.651,3.4,0.427,-1.971,-2.367,-1.575,systematic_underforecast,2.061,2.238,3,0.661,0.41,7,22,2,22.581,70.968,6.452,2026-10-08T20:02:33Z
observed_tmax_band,>=30,station_1210649_complete,"S. Gens (1210649), dia completo",individual_station_sensitivity,afternoon,tmax,1,D+1,6,6,insufficient,2026-07-26,2026-09-21,2026-07-27,2026-09-22,32.933,27.167,29.1,-5.767,-7.225,-4.308,systematic_underforecast,5.767,5.905,7.3,0.66,-3.833,-5.581,-2.085,systematic_underforecast,3.833,4.124,5.8,0.524,1.933,1,5,0,16.667,83.333,0,2026-09-23T13:45:43Z
target_month,2026-07,station_1210649_complete,"S. Gens (1210649), dia completo",individual_station_sensitivity,afternoon,tmax,1,D+1,16,16,limited,2026-07-10,2026-07-30,2026-07-11,2026-07-31,26.144,22.156,22.981,-3.987,-4.684,-3.291,systematic_underforecast,3.987,4.183,5,0.873,-3.162,-3.464,-2.861,systematic_underforecast,3.162,3.21,3.75,0.97,0.825,1,13,2,6.25,81.25,12.5,2026-08-01T10:14:45Z
target_month,2026-08,station_1210649_complete,"S. Gens (1210649), dia completo",individual_station_sensitivity,afternoon,tmax,1,D+1,21,21,limited,2026-08-01,2026-08-30,2026-08-02,2026-08-31,25.443,22.171,22.705,-3.271,-4.105,-2.438,systematic_underforecast,3.519,3.727,4.7,0.713,-2.738,-3.342,-2.134,systematic_underforecast,2.843,3.029,3.9,0.889,0.676,3,18,0,14.286,85.714,0,2026-09-01T13:35:24Z
target_month,2026-09,station_1210649_complete,"S. Gens (1210649), dia completo",individual_station_sensitivity,afternoon,tmax,1,D+1,22,22,limited,2026-08-31,2026-09-29,2026-09-01,2026-09-30,26.264,22.768,23.668,-3.495,-4.172,-2.819,systematic_underforecast,3.495,3.8,5.3,0.946,-2.595,-3.191,-2,systematic_underforecast,2.595,2.908,4.22,0.949,0.9,5,17,0,22.727,77.273,0,2026-10-01T15:40:49Z
target_month,2026-10,station_1210649_complete,"S. Gens (1210649), dia completo",individual_station_sensitivity,afternoon,tmax,1,D+1,7,7,insufficient,2026-09-30,2026-10-07,2026-10-01,2026-10-08,23.957,22.114,22.814,-1.843,-2.961,-0.724,systematic_underforecast,1.843,2.156,3.08,0.959,-1.143,-2.081,-0.204,systematic_underforecast,1.229,1.479,2.08,0.936,0.614,2,5,0,28.571,71.429,0,2026-10-08T20:02:33Z
cycle_horizon,all,station_1210649_complete,"S. Gens (1210649), dia completo",individual_station_sensitivity,afternoon,tmax,2,D+2,69,69,more_stable,2026-07-09,2026-10-06,2026-07-11,2026-10-08,25.936,22.484,23.317,-3.452,-3.893,-3.011,systematic_underforecast,3.53,3.903,5.3,0.86,-2.619,-2.974,-2.263,systematic_underforecast,2.691,3.003,3.92,0.907,0.839,13,54,2,18.841,78.261,2.899,2026-10-08T20:02:33Z
observed_tmax_band,25-29.9,station_1210649_complete,"S. Gens (1210649), dia completo",individual_station_sensitivity,afternoon,tmax,2,D+2,30,30,preliminary,2026-07-10,2026-10-03,2026-07-12,2026-10-05,26.473,22.517,23.507,-3.957,-4.348,-3.566,systematic_underforecast,3.957,4.088,5.12,0.495,-2.967,-3.346,-2.587,systematic_underforecast,2.967,3.13,3.81,0.537,0.99,3,27,0,10,90,0,2026-10-06T15:20:59Z
observed_tmax_band,<25,station_1210649_complete,"S. Gens (1210649), dia completo",individual_station_sensitivity,afternoon,tmax,2,D+2,30,30,preliminary,2026-07-09,2026-10-06,2026-07-11,2026-10-08,23.293,21.043,21.447,-2.25,-2.808,-1.692,systematic_underforecast,2.43,2.687,3.8,0.446,-1.847,-2.319,-1.374,systematic_underforecast,2.013,2.227,3.1,0.634,0.417,8,20,2,26.667,66.667,6.667,2026-10-08T20:02:33Z
observed_tmax_band,>=30,station_1210649_complete,"S. Gens (1210649), dia completo",individual_station_sensitivity,afternoon,tmax,2,D+2,9,9,insufficient,2026-07-25,2026-09-20,2026-07-27,2026-09-22,32.956,27.178,28.922,-5.778,-7.337,-4.219,systematic_underforecast,5.778,6.086,8.7,0.479,-4.033,-5.597,-2.47,systematic_underforecast,4.033,4.466,6.18,0.418,1.744,2,7,0,22.222,77.778,0,2026-09-23T13:45:43Z
target_month,2026-07,station_1210649_complete,"S. Gens (1210649), dia completo",individual_station_sensitivity,afternoon,tmax,2,D+2,17,17,limited,2026-07-09,2026-07-29,2026-07-11,2026-07-31,26.224,22.224,22.965,-4,-4.426,-3.574,systematic_underforecast,4,4.08,4.98,0.931,-3.259,-3.63,-2.888,systematic_underforecast,3.259,3.333,3.94,0.948,0.741,2,15,0,11.765,88.235,0,2026-08-01T10:14:45Z
target_month,2026-08,station_1210649_complete,"S. Gens (1210649), dia completo",individual_station_sensitivity,afternoon,tmax,2,D+2,23,23,limited,2026-07-31,2026-08-29,2026-08-02,2026-08-31,25.639,22.483,23.048,-3.157,-4.055,-2.258,systematic_underforecast,3.391,3.754,4.42,0.834,-2.591,-3.251,-1.931,systematic_underforecast,2.774,2.991,3.58,0.94,0.617,5,18,0,21.739,78.261,0,2026-09-01T13:35:24Z
target_month,2026-09,station_1210649_complete,"S. Gens (1210649), dia completo",individual_station_sensitivity,afternoon,tmax,2,D+2,22,22,limited,2026-08-30,2026-09-28,2026-09-01,2026-09-30,26.655,22.732,24.018,-3.923,-4.78,-3.065,systematic_underforecast,3.923,4.354,6.14,0.907,-2.636,-3.399,-1.874,systematic_underforecast,2.636,3.126,4.61,0.911,1.286,2,18,2,9.091,81.818,9.091,2026-10-01T15:40:49Z
target_month,2026-10,station_1210649_complete,"S. Gens (1210649), dia completo",individual_station_sensitivity,afternoon,tmax,2,D+2,7,7,insufficient,2026-09-29,2026-10-06,2026-10-01,2026-10-08,23.957,22.343,22.857,-1.614,-2.746,-0.482,systematic_underforecast,1.614,1.972,3.28,0.924,-1.1,-1.874,-0.326,systematic_underforecast,1.214,1.345,1.98,0.96,0.4,4,3,0,57.143,42.857,0,2026-10-08T20:02:33Z
cycle_horizon,all,station_1210649_complete,"S. Gens (1210649), dia completo",individual_station_sensitivity,afternoon,tmax,3,D+3,69,69,more_stable,2026-07-08,2026-10-05,2026-07-11,2026-10-08,25.948,22.387,23.594,-3.561,-3.981,-3.141,systematic_underforecast,3.677,3.961,5.4,0.857,-2.354,-2.747,-1.96,systematic_underforecast,2.539,2.86,4.06,0.862,1.138,7,60,2,10.145,86.957,2.899,2026-10-08T20:02:33Z
observed_tmax_band,25-29.9,station_1210649_complete,"S. Gens (1210649), dia completo",individual_station_sensitivity,afternoon,tmax,3,D+3,34,34,preliminary,2026-07-09,2026-10-02,2026-07-12,2026-10-05,26.582,22.4,23.794,-4.182,-4.587,-3.778,systematic_underforecast,4.182,4.335,5.4,0.566,-2.788,-3.22,-2.357,systematic_underforecast,2.788,3.043,3.97,0.655,1.394,3,31,0,8.824,91.176,0,2026-10-06T15:20:59Z
observed_tmax_band,<25,station_1210649_complete,"S. Gens (1210649), dia completo",individual_station_sensitivity,afternoon,tmax,3,D+3,27,27,limited,2026-07-08,2026-10-05,2026-07-11,2026-10-08,23.178,20.948,21.648,-2.23,-2.854,-1.605,systematic_underforecast,2.526,2.715,3.54,0.397,-1.53,-2.219,-0.84,systematic_underforecast,2.004,2.294,3.44,0.383,0.522,4,21,2,14.815,77.778,7.407,2026-10-08T20:02:33Z
observed_tmax_band,>=30,station_1210649_complete,"S. Gens (1210649), dia completo",individual_station_sensitivity,afternoon,tmax,3,D+3,8,8,insufficient,2026-07-24,2026-09-18,2026-07-27,2026-09-21,32.6,27.188,29.312,-5.412,-6.415,-4.41,systematic_underforecast,5.412,5.528,6.69,0.765,-3.287,-4.739,-1.836,systematic_underforecast,3.287,3.667,5.22,0.56,2.125,0,8,0,0,100,0,2026-09-22T13:31:58Z
target_month,2026-07,station_1210649_complete,"S. Gens (1210649), dia completo",individual_station_sensitivity,afternoon,tmax,3,D+3,17,17,limited,2026-07-08,2026-07-28,2026-07-11,2026-07-31,26.218,21.959,23.159,-4.259,-4.859,-3.658,systematic_underforecast,4.259,4.407,5.4,0.869,-3.059,-3.499,-2.618,systematic_underforecast,3.059,3.17,3.84,0.948,1.2,1,15,1,5.882,88.235,5.882,2026-08-01T10:14:45Z
target_month,2026-08,station_1210649_complete,"S. Gens (1210649), dia completo",individual_station_sensitivity,afternoon,tmax,3,D+3,23,23,limited,2026-07-30,2026-08-28,2026-08-02,2026-08-31,25.43,22.122,22.939,-3.309,-4.189,-2.428,systematic_underforecast,3.657,3.862,5.12,0.727,-2.491,-3.286,-1.696,systematic_underforecast,2.796,3.073,4.4,0.756,0.861,4,18,1,17.391,78.261,4.348,2026-09-01T13:35:24Z
target_month,2026-09,station_1210649_complete,"S. Gens (1210649), dia completo",individual_station_sensitivity,afternoon,tmax,3,D+3,22,22,limited,2026-08-29,2026-09-27,2026-09-01,2026-09-30,26.914,23.055,24.705,-3.859,-4.576,-3.142,systematic_underforecast,3.859,4.17,5.85,0.93,-2.209,-2.967,-1.451,systematic_underforecast,2.4,2.77,4.25,0.914,1.459,1,21,0,4.545,95.455,0,2026-10-01T15:40:49Z
target_month,2026-10,station_1210649_complete,"S. Gens (1210649), dia completo",individual_station_sensitivity,afternoon,tmax,3,D+3,7,7,insufficient,2026-09-28,2026-10-05,2026-10-01,2026-10-08,23.957,22.2,23.314,-1.757,-2.615,-0.9,systematic_underforecast,1.757,1.956,2.8,0.971,-0.643,-1.48,0.194,inconclusive,0.871,1.056,1.54,0.954,0.886,1,6,0,14.286,85.714,0,2026-10-08T20:02:33Z
cycle_horizon,all,station_1210649_complete,"S. Gens (1210649), dia completo",individual_station_sensitivity,afternoon,tmax,4,D+4,74,74,more_stable,2026-07-07,2026-10-04,2026-07-11,2026-10-08,26.181,22.349,23.203,-3.832,-4.294,-3.371,systematic_underforecast,3.927,4.313,6.14,0.836,-2.978,-3.42,-2.537,systematic_underforecast,3.103,3.529,4.77,0.834,0.824,17,56,1,22.973,75.676,1.351,2026-10-08T20:02:33Z
observed_tmax_band,25-29.9,station_1210649_complete,"S. Gens (1210649), dia completo",individual_station_sensitivity,afternoon,tmax,4,D+4,36,36,preliminary,2026-07-08,2026-10-01,2026-07-12,2026-10-05,26.617,22.575,23.219,-4.042,-4.432,-3.652,systematic_underforecast,4.042,4.198,5.2,0.633,-3.397,-3.852,-2.942,systematic_underforecast,3.397,3.647,4.9,0.56,0.644,9,27,0,25,75,0,2026-10-06T15:20:59Z
observed_tmax_band,<25,station_1210649_complete,"S. Gens (1210649), dia completo",individual_station_sensitivity,afternoon,tmax,4,D+4,28,28,limited,2026-07-07,2026-10-04,2026-07-11,2026-10-08,23.204,20.743,21.311,-2.461,-3.065,-1.857,systematic_underforecast,2.711,2.897,3.93,0.407,-1.893,-2.549,-1.236,systematic_underforecast,2.221,2.519,3.53,0.469,0.489,7,21,0,25,75,0,2026-10-08T20:02:33Z
observed_tmax_band,>=30,station_1210649_complete,"S. Gens (1210649), dia completo",individual_station_sensitivity,afternoon,tmax,4,D+4,10,10,limited,2026-07-23,2026-09-18,2026-07-27,2026-09-22,32.95,26.03,28.44,-6.92,-8.183,-5.657,systematic_underforecast,6.92,7.12,9.2,0.717,-4.51,-6.382,-2.638,systematic_underforecast,4.51,5.148,8.53,0.595,2.41,1,8,1,10,80,10,2026-09-23T13:45:43Z
target_month,2026-07,station_1210649_complete,"S. Gens (1210649), dia completo",individual_station_sensitivity,afternoon,tmax,4,D+4,19,19,limited,2026-07-07,2026-07-26,2026-07-11,2026-07-30,26.205,22.021,23.189,-4.184,-4.737,-3.632,systematic_underforecast,4.184,4.33,5.3,0.86,-3.016,-3.601,-2.43,systematic_underforecast,3.016,3.239,4.24,0.866,1.168,3,16,0,15.789,84.211,0,2026-07-31T11:05:10Z
target_month,2026-08,station_1210649_complete,"S. Gens (1210649), dia completo",individual_station_sensitivity,afternoon,tmax,4,D+4,26,26,limited,2026-07-29,2026-08-27,2026-08-02,2026-08-31,25.892,22.5,23.173,-3.392,-4.331,-2.453,systematic_underforecast,3.646,4.087,5.65,0.74,-2.719,-3.409,-2.029,systematic_underforecast,2.942,3.194,4.35,0.864,0.704,6,20,0,23.077,76.923,0,2026-09-01T13:35:24Z
target_month,2026-09,station_1210649_complete,"S. Gens (1210649), dia completo",individual_station_sensitivity,afternoon,tmax,4,D+4,22,22,limited,2026-08-28,2026-09-26,2026-09-01,2026-09-30,27.209,22.673,23.768,-4.536,-5.396,-3.677,systematic_underforecast,4.536,4.916,7.21,0.912,-3.441,-4.503,-2.379,systematic_underforecast,3.495,4.161,6.97,0.835,1.041,5,16,1,22.727,72.727,4.545,2026-10-01T15:40:49Z
target_month,2026-10,station_1210649_complete,"S. Gens (1210649), dia completo",individual_station_sensitivity,afternoon,tmax,4,D+4,7,7,insufficient,2026-09-27,2026-10-04,2026-10-01,2026-10-08,23.957,21.657,21.571,-2.3,-3.87,-0.73,systematic_underforecast,2.357,2.785,4.5,0.838,-2.386,-4.654,-0.118,systematic_underforecast,2.7,3.294,5.16,0.525,-0.343,3,4,0,42.857,57.143,0,2026-10-08T20:02:33Z
cycle_horizon,all,station_1210649_complete,"S. Gens (1210649), dia completo",individual_station_sensitivity,afternoon,tmax,5,D+5,30,30,preliminary,2026-08-18,2026-10-03,2026-08-23,2026-10-08,26.41,22.857,25.753,-3.553,-4.287,-2.82,systematic_underforecast,3.58,4.045,6.11,0.902,-0.657,-1.59,0.276,inconclusive,2.143,2.543,4.14,0.811,1.437,9,21,0,30,70,0,2026-10-08T20:02:33Z
observed_tmax_band,25-29.9,station_1210649_complete,"S. Gens (1210649), dia completo",individual_station_sensitivity,afternoon,tmax,5,D+5,10,10,limited,2026-08-28,2026-09-30,2026-09-02,2026-10-05,26.82,22.98,26.36,-3.84,-4.875,-2.805,systematic_underforecast,3.84,4.078,4.85,0.656,-0.46,-2.772,1.852,inconclusive,2.58,3.101,4.61,0.114,1.26,4,6,0,40,60,0,2026-10-06T15:20:59Z
observed_tmax_band,<25,station_1210649_complete,"S. Gens (1210649), dia completo",individual_station_sensitivity,afternoon,tmax,5,D+5,13,13,limited,2026-08-18,2026-10-03,2026-08-23,2026-10-08,22.862,20.769,22.515,-2.092,-2.776,-1.408,systematic_underforecast,2.154,2.358,3.1,0.657,-0.346,-1.761,1.069,inconclusive,1.931,2.276,3.78,0.106,0.223,5,8,0,38.462,61.538,0,2026-10-08T20:02:33Z
observed_tmax_band,>=30,station_1210649_complete,"S. Gens (1210649), dia completo",individual_station_sensitivity,afternoon,tmax,5,D+5,7,7,insufficient,2026-08-29,2026-09-17,2026-09-03,2026-09-22,32.414,26.557,30.9,-5.857,-7.166,-4.548,systematic_underforecast,5.857,6.002,7.5,0.801,-1.514,-2.952,-0.076,systematic_underforecast,1.914,2.089,2.9,0.707,3.943,0,7,0,0,100,0,2026-09-23T13:45:43Z
target_month,2026-08,station_1210649_complete,"S. Gens (1210649), dia completo",individual_station_sensitivity,afternoon,tmax,5,D+5,1,1,insufficient,2026-08-18,2026-08-18,2026-08-23,2026-08-23,24.4,21.9,20.3,-2.5,,,inconclusive,2.5,2.5,2.5,,-4.1,,,inconclusive,4.1,4.1,4.1,,-1.6,1,0,0,100,0,0,2026-08-24T09:11:12Z
target_month,2026-09,station_1210649_complete,"S. Gens (1210649), dia completo",individual_station_sensitivity,afternoon,tmax,5,D+5,22,22,limited,2026-08-27,2026-09-25,2026-09-01,2026-09-30,27.282,23.241,26.882,-4.041,-4.891,-3.191,systematic_underforecast,4.041,4.454,6.99,0.908,-0.4,-1.476,0.676,inconclusive,2.036,2.405,3.79,0.827,2.005,4,18,0,18.182,81.818,0,2026-10-01T15:40:49Z
target_month,2026-10,station_1210649_complete,"S. Gens (1210649), dia completo",individual_station_sensitivity,afternoon,tmax,5,D+5,7,7,insufficient,2026-09-26,2026-10-03,2026-10-01,2026-10-08,23.957,21.786,22.986,-2.171,-3.634,-0.708,systematic_underforecast,2.286,2.619,3.94,0.866,-0.971,-3.457,1.514,inconclusive,2.2,2.671,4.22,0.449,0.086,4,3,0,57.143,42.857,0,2026-10-08T20:02:33Z
cycle_horizon,all,station_1210649_complete,"S. Gens (1210649), dia completo",individual_station_sensitivity,afternoon,tmax,6,D+6,29,29,limited,2026-08-18,2026-10-02,2026-08-24,2026-10-08,26.114,22.762,25.803,-3.352,-4.287,-2.417,systematic_underforecast,3.634,4.131,6.66,0.849,-0.31,-1.406,0.785,inconclusive,2.359,2.846,4.8,0.769,1.276,8,21,0,27.586,72.414,0,2026-10-08T20:02:33Z
observed_tmax_band,25-29.9,station_1210649_complete,"S. Gens (1210649), dia completo",individual_station_sensitivity,afternoon,tmax,6,D+6,9,9,insufficient,2026-08-27,2026-09-29,2026-09-02,2026-10-05,26.356,22.456,25.311,-3.9,-4.962,-2.838,systematic_underforecast,3.9,4.112,4.98,0.201,-1.044,-3.664,1.575,inconclusive,2.711,3.378,5.42,-0.315,1.189,2,7,0,22.222,77.778,0,2026-10-06T15:20:59Z
observed_tmax_band,<25,station_1210649_complete,"S. Gens (1210649), dia completo",individual_station_sensitivity,afternoon,tmax,6,D+6,13,13,limited,2026-08-18,2026-10-02,2026-08-24,2026-10-08,22.523,21.054,23.285,-1.469,-2.599,-0.34,systematic_underforecast,2.1,2.32,3.56,0.298,0.762,-0.484,2.007,inconclusive,1.792,2.122,3.68,0.546,0.308,6,7,0,46.154,53.846,0,2026-10-08T20:02:33Z
observed_tmax_band,>=30,station_1210649_complete,"S. Gens (1210649), dia completo",individual_station_sensitivity,afternoon,tmax,6,D+6,7,7,insufficient,2026-08-28,2026-09-16,2026-09-03,2026-09-22,32.471,26.329,31.114,-6.143,-7.256,-5.029,systematic_underforecast,6.143,6.243,7.34,0.881,-1.357,-4.301,1.587,inconclusive,2.957,3.245,4.5,0.269,3.186,0,7,0,0,100,0,2026-09-23T13:45:43Z
target_month,2026-08,station_1210649_complete,"S. Gens (1210649), dia completo",individual_station_sensitivity,afternoon,tmax,6,D+6,1,1,insufficient,2026-08-18,2026-08-18,2026-08-24,2026-08-24,19.7,20.8,22.9,1.1,,,inconclusive,1.1,1.1,1.1,,3.2,,,inconclusive,3.2,3.2,3.2,,-2.1,1,0,0,100,0,0,2026-08-25T09:06:02Z
target_month,2026-09,station_1210649_complete,"S. Gens (1210649), dia completo",individual_station_sensitivity,afternoon,tmax,6,D+6,21,21,limited,2026-08-27,2026-09-24,2026-09-02,2026-09-30,27.138,23.133,26.881,-4.005,-4.973,-3.037,systematic_underforecast,4.005,4.511,6.9,0.894,-0.257,-1.572,1.058,inconclusive,2.352,2.831,4.8,0.774,1.652,4,17,0,19.048,80.952,0,2026-10-01T15:40:49Z
target_month,2026-10,station_1210649_complete,"S. Gens (1210649), dia completo",individual_station_sensitivity,afternoon,tmax,6,D+6,7,7,insufficient,2026-09-25,2026-10-02,2026-10-01,2026-10-08,23.957,21.929,22.986,-2.029,-4.346,0.289,inconclusive,2.886,3.082,3.92,0.483,-0.971,-3.637,1.694,inconclusive,2.257,2.84,3.96,0.388,0.629,3,4,0,42.857,57.143,0,2026-10-08T20:02:33Z
cycle_horizon,all,station_1210649_complete,"S. Gens (1210649), dia completo",individual_station_sensitivity,afternoon,tmax,7,D+7,28,28,limited,2026-08-18,2026-10-01,2026-08-25,2026-10-08,25.879,22.368,25.004,-3.511,-4.526,-2.495,systematic_underforecast,3.668,4.352,6.88,0.79,-0.875,-2.2,0.45,inconclusive,2.532,3.468,6,0.609,1.136,6,21,1,21.429,75,3.571,2026-10-08T20:02:33Z
observed_tmax_band,25-29.9,station_1210649_complete,"S. Gens (1210649), dia completo",individual_station_sensitivity,afternoon,tmax,7,D+7,9,9,insufficient,2026-08-28,2026-09-28,2026-09-04,2026-10-05,26.622,23,25.922,-3.622,-4.831,-2.413,systematic_underforecast,3.622,3.914,5.18,0.452,-0.7,-2.787,1.387,inconclusive,2.1,2.654,3.9,-0.496,1.522,2,7,0,22.222,77.778,0,2026-10-06T15:20:59Z
observed_tmax_band,<25,station_1210649_complete,"S. Gens (1210649), dia completo",individual_station_sensitivity,afternoon,tmax,7,D+7,14,14,limited,2026-08-18,2026-10-01,2026-08-25,2026-10-08,22.893,20.893,23.05,-2,-2.959,-1.041,systematic_underforecast,2.314,2.562,4.16,0.36,0.157,-1.317,1.631,inconclusive,1.8,2.465,4.02,0.395,0.514,3,10,1,21.429,71.429,7.143,2026-10-08T20:02:33Z
observed_tmax_band,>=30,station_1210649_complete,"S. Gens (1210649), dia completo",individual_station_sensitivity,afternoon,tmax,7,D+7,5,5,insufficient,2026-08-27,2026-09-15,2026-09-03,2026-09-22,32.9,25.36,28.82,-7.54,-10.044,-5.036,systematic_underforecast,7.54,7.753,9.58,0.622,-4.08,-10.444,2.284,inconclusive,5.36,6.137,8.48,0.178,2.18,1,4,0,20,80,0,2026-09-23T13:45:43Z
target_month,2026-08,station_1210649_complete,"S. Gens (1210649), dia completo",individual_station_sensitivity,afternoon,tmax,7,D+7,1,1,insufficient,2026-08-18,2026-08-18,2026-08-25,2026-08-25,24.4,20,21.6,-4.4,,,inconclusive,4.4,4.4,4.4,,-2.8,,,inconclusive,2.8,2.8,2.8,,1.6,0,1,0,0,100,0,2026-08-26T09:08:46Z
target_month,2026-09,station_1210649_complete,"S. Gens (1210649), dia completo",individual_station_sensitivity,afternoon,tmax,7,D+7,20,20,limited,2026-08-27,2026-09-23,2026-09-03,2026-09-30,26.625,22.785,25.815,-3.84,-5.038,-2.642,systematic_underforecast,3.84,4.58,7.42,0.84,-0.81,-2.655,1.035,inconclusive,2.91,3.927,6.2,0.534,0.93,5,14,1,25,70,5,2026-10-01T15:40:49Z
target_month,2026-10,station_1210649_complete,"S. Gens (1210649), dia completo",individual_station_sensitivity,afternoon,tmax,7,D+7,7,7,insufficient,2026-09-24,2026-10-01,2026-10-01,2026-10-08,23.957,21.514,23.171,-2.443,-5.103,0.218,inconclusive,3.071,3.614,5.36,0.162,-0.786,-2.308,0.736,inconclusive,1.414,1.714,2.5,0.816,1.657,1,6,0,14.286,85.714,0,2026-10-08T20:02:33Z
cycle_horizon,all,station_1210649_complete,"S. Gens (1210649), dia completo",individual_station_sensitivity,afternoon,tmax,8,D+8,26,26,limited,2026-08-27,2026-09-30,2026-09-04,2026-10-08,25.362,22.1,23.062,-3.262,-4.484,-2.039,systematic_underforecast,3.392,4.409,7.7,0.588,-2.3,-3.773,-0.827,systematic_underforecast,3.662,4.252,6.65,0.481,-0.269,13,11,2,50,42.308,7.692,2026-10-08T20:02:33Z
observed_tmax_band,25-29.9,station_1210649_complete,"S. Gens (1210649), dia completo",individual_station_sensitivity,afternoon,tmax,8,D+8,8,8,insufficient,2026-08-27,2026-09-27,2026-09-04,2026-10-05,26.288,22,23.925,-4.287,-6.278,-2.297,systematic_underforecast,4.287,4.832,6.84,-0.692,-2.363,-6.046,1.321,inconclusive,4.438,4.75,6.35,-0.307,-0.15,4,3,1,50,37.5,12.5,2026-10-06T15:20:59Z
observed_tmax_band,<25,station_1210649_complete,"S. Gens (1210649), dia completo",individual_station_sensitivity,afternoon,tmax,8,D+8,14,14,limited,2026-08-29,2026-09-30,2026-09-06,2026-10-08,22.814,21.529,21.771,-1.286,-2.165,-0.406,systematic_underforecast,1.529,1.951,2.74,0.471,-1.043,-2.614,0.529,inconclusive,2.386,2.823,4.42,0.089,-0.857,8,5,1,57.143,35.714,7.143,2026-10-08T20:02:33Z
observed_tmax_band,>=30,station_1210649_complete,"S. Gens (1210649), dia completo",individual_station_sensitivity,afternoon,tmax,8,D+8,4,4,insufficient,2026-08-28,2026-09-14,2026-09-05,2026-09-22,32.425,24.3,25.85,-8.125,-9.191,-7.059,systematic_underforecast,8.125,8.146,8.77,0.975,-6.575,-8.659,-4.491,systematic_underforecast,6.575,6.672,7.68,0.952,1.55,1,3,0,25,75,0,2026-09-23T13:45:43Z
target_month,2026-09,station_1210649_complete,"S. Gens (1210649), dia completo",individual_station_sensitivity,afternoon,tmax,8,D+8,19,19,limited,2026-08-27,2026-09-22,2026-09-04,2026-09-30,25.879,22.521,23.926,-3.358,-4.792,-1.923,systematic_underforecast,3.453,4.435,7.84,0.691,-1.953,-3.741,-0.164,systematic_underforecast,3.5,4.106,6.62,0.512,-0.047,8,10,1,42.105,52.632,5.263,2026-10-01T15:40:49Z
target_month,2026-10,station_1210649_complete,"S. Gens (1210649), dia completo",individual_station_sensitivity,afternoon,tmax,8,D+8,7,7,insufficient,2026-09-23,2026-09-30,2026-10-01,2026-10-08,23.957,20.957,20.714,-3,-6.132,0.132,inconclusive,3.229,4.339,6.92,-0.094,-3.243,-6.539,0.053,inconclusive,4.1,4.626,6.5,-0.278,-0.871,5,1,1,71.429,14.286,14.286,2026-10-08T20:02:33Z
cycle_horizon,all,station_1210649_complete,"S. Gens (1210649), dia completo",individual_station_sensitivity,afternoon,tmax,9,D+9,26,26,limited,2026-08-18,2026-09-29,2026-08-27,2026-10-08,25.331,21.9,23.277,-3.431,-4.72,-2.142,systematic_underforecast,3.546,4.643,7.3,0.574,-2.054,-3.25,-0.858,systematic_underforecast,2.869,3.557,5.6,0.669,0.677,12,13,1,46.154,50,3.846,2026-10-08T20:02:33Z
observed_tmax_band,25-29.9,station_1210649_complete,"S. Gens (1210649), dia completo",individual_station_sensitivity,afternoon,tmax,9,D+9,8,8,insufficient,2026-08-29,2026-09-26,2026-09-07,2026-10-05,26.387,21.863,23.462,-4.525,-6.411,-2.639,systematic_underforecast,4.525,4.993,7,-0.578,-2.925,-5.673,-0.177,systematic_underforecast,3.75,4.244,6.07,-0.061,0.775,2,6,0,25,75,0,2026-10-06T15:20:59Z
observed_tmax_band,<25,station_1210649_complete,"S. Gens (1210649), dia completo",individual_station_sensitivity,afternoon,tmax,9,D+9,14,14,limited,2026-08-18,2026-09-29,2026-08-27,2026-10-08,22.7,21.379,21.714,-1.321,-2.162,-0.481,systematic_underforecast,1.536,1.927,3.44,0.495,-0.986,-2.294,0.322,inconclusive,1.971,2.395,3.51,0.275,-0.436,10,3,1,71.429,21.429,7.143,2026-10-08T20:02:33Z
observed_tmax_band,>=30,station_1210649_complete,"S. Gens (1210649), dia completo",individual_station_sensitivity,afternoon,tmax,9,D+9,4,4,insufficient,2026-08-27,2026-09-13,2026-09-05,2026-09-22,32.425,23.8,28.375,-8.625,-11.75,-5.5,systematic_underforecast,8.625,8.791,10.55,0.61,-4.05,-9.782,1.682,inconclusive,4.25,5.112,7.29,0.121,4.375,0,4,0,0,100,0,2026-09-23T13:45:43Z
target_month,2026-08,station_1210649_complete,"S. Gens (1210649), dia completo",individual_station_sensitivity,afternoon,tmax,9,D+9,1,1,insufficient,2026-08-18,2026-08-18,2026-08-27,2026-08-27,19.7,20.4,20.9,0.7,,,inconclusive,0.7,0.7,0.7,,1.2,,,inconclusive,1.2,1.2,1.2,,-0.5,1,0,0,100,0,0,2026-08-27T23:52:07Z
target_month,2026-09,station_1210649_complete,"S. Gens (1210649), dia completo",individual_station_sensitivity,afternoon,tmax,9,D+9,18,18,limited,2026-08-27,2026-09-21,2026-09-05,2026-09-30,26.178,22.428,23.928,-3.75,-5.345,-2.155,systematic_underforecast,3.772,4.877,7.96,0.612,-2.25,-3.725,-0.775,systematic_underforecast,2.928,3.656,5.52,0.686,0.844,8,9,1,44.444,50,5.556,2026-10-01T15:40:49Z
target_month,2026-10,station_1210649_complete,"S. Gens (1210649), dia completo",individual_station_sensitivity,afternoon,tmax,9,D+9,7,7,insufficient,2026-09-22,2026-09-29,2026-10-01,2026-10-08,23.957,20.757,21.943,-3.2,-6.132,-0.268,systematic_underforecast,3.371,4.342,7,-0.161,-2.014,-4.902,0.874,inconclusive,2.957,3.524,5.5,0.419,0.414,3,4,0,42.857,57.143,0,2026-10-08T20:02:33Z
cycle_horizon,all,station_1210649_complete,"S. Gens (1210649), dia completo",individual_station_sensitivity,morning,tmax,0,D+0,23,23,limited,2026-07-13,2026-09-19,2026-07-13,2026-09-19,27.457,23.474,24.574,-3.983,-4.77,-3.195,systematic_underforecast,3.983,4.362,5.46,0.861,-2.883,-3.454,-2.311,systematic_underforecast,2.883,3.159,3.78,0.919,1.1,2,21,0,8.696,91.304,0,2026-09-20T13:07:39Z
observed_tmax_band,25-29.9,station_1210649_complete,"S. Gens (1210649), dia completo",individual_station_sensitivity,morning,tmax,0,D+0,11,11,limited,2026-07-16,2026-09-11,2026-07-16,2026-09-11,26.6,22.991,23.673,-3.609,-4.596,-2.622,systematic_underforecast,3.609,3.871,5.2,0.101,-2.927,-3.592,-2.262,systematic_underforecast,2.927,3.076,3.7,0.668,0.682,2,9,0,18.182,81.818,0,2026-09-12T12:15:38Z
observed_tmax_band,<25,station_1210649_complete,"S. Gens (1210649), dia completo",individual_station_sensitivity,morning,tmax,0,D+0,6,6,insufficient,2026-07-13,2026-09-08,2026-07-13,2026-09-08,24.317,21.333,22,-2.983,-3.693,-2.273,systematic_underforecast,2.983,3.047,3.6,0.031,-2.317,-2.965,-1.668,systematic_underforecast,2.317,2.384,2.85,0.245,0.667,0,6,0,0,100,0,2026-09-09T13:03:08Z
observed_tmax_band,>=30,station_1210649_complete,"S. Gens (1210649), dia completo",individual_station_sensitivity,morning,tmax,0,D+0,6,6,insufficient,2026-07-27,2026-09-19,2026-07-27,2026-09-19,32.167,26.5,28.8,-5.667,-7.989,-3.344,systematic_underforecast,5.667,6.016,7.8,0.437,-3.367,-5.637,-1.097,systematic_underforecast,3.367,3.903,5.65,0.489,2.3,0,6,0,0,100,0,2026-09-20T13:07:39Z
target_month,2026-07,station_1210649_complete,"S. Gens (1210649), dia completo",individual_station_sensitivity,morning,tmax,0,D+0,7,7,insufficient,2026-07-13,2026-07-30,2026-07-13,2026-07-30,26.8,22.929,23.743,-3.871,-5.072,-2.671,systematic_underforecast,3.871,4.054,5.42,0.931,-3.057,-3.639,-2.475,systematic_underforecast,3.057,3.112,3.78,0.981,0.814,1,6,0,14.286,85.714,0,2026-07-31T11:05:10Z
target_month,2026-08,station_1210649_complete,"S. Gens (1210649), dia completo",individual_station_sensitivity,morning,tmax,0,D+0,8,8,insufficient,2026-08-03,2026-08-29,2026-08-03,2026-08-29,27.387,22.85,23.875,-4.538,-6.567,-2.508,systematic_underforecast,4.538,5.074,6.64,0.896,-3.513,-4.902,-2.123,systematic_underforecast,3.513,3.841,4.77,0.968,1.025,1,7,0,12.5,87.5,0,2026-08-30T13:53:39Z
target_month,2026-09,station_1210649_complete,"S. Gens (1210649), dia completo",individual_station_sensitivity,morning,tmax,0,D+0,8,8,insufficient,2026-09-03,2026-09-19,2026-09-03,2026-09-19,28.1,24.575,26,-3.525,-4.84,-2.21,systematic_underforecast,3.525,3.82,4.8,0.89,-2.1,-3.018,-1.182,systematic_underforecast,2.1,2.338,3.52,0.937,1.425,0,8,0,0,100,0,2026-09-20T13:07:39Z
cycle_horizon,all,station_1210649_complete,"S. Gens (1210649), dia completo",individual_station_sensitivity,morning,tmax,1,D+1,24,24,limited,2026-07-11,2026-09-19,2026-07-12,2026-09-20,27.108,23.212,24.133,-3.896,-4.623,-3.169,systematic_underforecast,3.896,4.245,5.51,0.909,-2.975,-3.511,-2.439,systematic_underforecast,2.975,3.224,4.28,0.953,0.921,3,21,0,12.5,87.5,0,2026-09-21T15:13:21Z
observed_tmax_band,25-29.9,station_1210649_complete,"S. Gens (1210649), dia completo",individual_station_sensitivity,morning,tmax,1,D+1,14,14,limited,2026-07-11,2026-09-06,2026-07-12,2026-09-07,26.214,22.364,23.207,-3.85,-4.486,-3.214,systematic_underforecast,3.85,3.994,5.15,0.381,-3.007,-3.449,-2.565,systematic_underforecast,3.007,3.096,3.9,0.702,0.843,2,12,0,14.286,85.714,0,2026-09-08T12:57:39Z
observed_tmax_band,<25,station_1210649_complete,"S. Gens (1210649), dia completo",individual_station_sensitivity,morning,tmax,1,D+1,5,5,insufficient,2026-08-26,2026-09-08,2026-08-27,2026-09-09,23.4,21.2,21.82,-2.2,-3.905,-0.495,systematic_underforecast,2.2,2.52,3.46,0.818,-1.58,-2.699,-0.461,systematic_underforecast,1.58,1.774,2.44,0.925,0.62,1,4,0,20,80,0,2026-09-10T13:00:04Z
observed_tmax_band,>=30,station_1210649_complete,"S. Gens (1210649), dia completo",individual_station_sensitivity,morning,tmax,1,D+1,5,5,insufficient,2026-08-16,2026-09-19,2026-08-17,2026-09-20,33.32,27.6,29.04,-5.72,-8.022,-3.418,systematic_underforecast,5.72,5.956,7.76,0.624,-4.28,-6.026,-2.534,systematic_underforecast,4.28,4.461,5.68,0.814,1.44,0,5,0,0,100,0,2026-09-21T15:13:21Z
target_month,2026-07,station_1210649_complete,"S. Gens (1210649), dia completo",individual_station_sensitivity,morning,tmax,1,D+1,5,5,insufficient,2026-07-11,2026-07-27,2026-07-12,2026-07-28,26,21.58,22.7,-4.42,-5.363,-3.477,systematic_underforecast,4.42,4.472,5.16,0.695,-3.3,-4.563,-2.037,systematic_underforecast,3.3,3.423,3.96,0.412,1.12,0,5,0,0,100,0,2026-07-29T11:00:40Z
target_month,2026-08,station_1210649_complete,"S. Gens (1210649), dia completo",individual_station_sensitivity,morning,tmax,1,D+1,11,11,limited,2026-08-02,2026-08-29,2026-08-03,2026-08-30,26.445,22.545,23.5,-3.9,-5.299,-2.501,systematic_underforecast,3.9,4.376,5.3,0.955,-2.945,-3.74,-2.151,systematic_underforecast,2.945,3.154,3.5,0.993,0.955,2,9,0,18.182,81.818,0,2026-08-31T16:15:47Z
target_month,2026-09,station_1210649_complete,"S. Gens (1210649), dia completo",individual_station_sensitivity,morning,tmax,1,D+1,8,8,insufficient,2026-09-03,2026-09-19,2026-09-04,2026-09-20,28.712,25.15,25.9,-3.562,-4.983,-2.142,systematic_underforecast,3.562,3.901,5.31,0.949,-2.812,-4.159,-1.466,systematic_underforecast,2.812,3.191,4.82,0.942,0.75,1,7,0,12.5,87.5,0,2026-09-21T15:13:21Z
cycle_horizon,all,station_1210649_complete,"S. Gens (1210649), dia completo",individual_station_sensitivity,morning,tmax,2,D+2,21,21,limited,2026-07-13,2026-09-19,2026-07-15,2026-09-21,26.738,22.871,23.567,-3.867,-4.416,-3.318,systematic_underforecast,3.867,4.042,5.5,0.935,-3.171,-3.626,-2.717,systematic_underforecast,3.171,3.318,4.2,0.947,0.695,4,17,0,19.048,80.952,0,2026-09-22T13:31:58Z
observed_tmax_band,25-29.9,station_1210649_complete,"S. Gens (1210649), dia completo",individual_station_sensitivity,morning,tmax,2,D+2,11,11,limited,2026-07-13,2026-09-12,2026-07-15,2026-09-14,26.764,22.591,23.109,-4.173,-4.934,-3.411,systematic_underforecast,4.173,4.31,5.5,0.737,-3.655,-4.215,-3.094,systematic_underforecast,3.655,3.74,4.2,0.872,0.518,3,8,0,27.273,72.727,0,2026-09-15T13:43:27Z
observed_tmax_band,<25,station_1210649_complete,"S. Gens (1210649), dia completo",individual_station_sensitivity,morning,tmax,2,D+2,7,7,insufficient,2026-08-18,2026-09-08,2026-08-20,2026-09-10,24.143,21.286,21.914,-2.857,-3.396,-2.318,systematic_underforecast,2.857,2.908,3.4,0.045,-2.229,-2.839,-1.618,systematic_underforecast,2.229,2.311,2.88,0.172,0.629,1,6,0,14.286,85.714,0,2026-09-11T12:55:08Z
observed_tmax_band,>=30,station_1210649_complete,"S. Gens (1210649), dia completo",individual_station_sensitivity,morning,tmax,2,D+2,3,3,insufficient,2026-09-03,2026-09-19,2026-09-05,2026-09-21,32.7,27.6,29.1,-5.1,-7.251,-2.949,systematic_underforecast,5.1,5.149,5.6,0.924,-3.6,-5.391,-1.809,systematic_underforecast,3.6,3.648,4.2,0.982,1.5,0,3,0,0,100,0,2026-09-22T13:31:58Z
target_month,2026-07,station_1210649_complete,"S. Gens (1210649), dia completo",individual_station_sensitivity,morning,tmax,2,D+2,4,4,insufficient,2026-07-13,2026-07-27,2026-07-15,2026-07-29,25.625,21.75,21.925,-3.875,-6.097,-1.653,systematic_underforecast,3.875,4.059,5.08,-0.658,-3.7,-4.795,-2.605,systematic_underforecast,3.7,3.748,4.17,0.335,0.175,2,2,0,50,50,0,2026-07-30T10:37:22Z
target_month,2026-08,station_1210649_complete,"S. Gens (1210649), dia completo",individual_station_sensitivity,morning,tmax,2,D+2,9,9,insufficient,2026-08-03,2026-08-29,2026-08-05,2026-08-31,25.911,22.011,22.811,-3.9,-4.622,-3.178,systematic_underforecast,3.9,3.999,4.94,0.933,-3.1,-4.065,-2.135,systematic_underforecast,3.1,3.318,4.12,0.798,0.8,0,9,0,0,100,0,2026-09-01T13:35:24Z
target_month,2026-09,station_1210649_complete,"S. Gens (1210649), dia completo",individual_station_sensitivity,morning,tmax,2,D+2,8,8,insufficient,2026-09-03,2026-09-19,2026-09-05,2026-09-21,28.225,24.4,25.238,-3.825,-5.096,-2.554,systematic_underforecast,3.825,4.081,5.6,0.966,-2.987,-3.658,-2.317,systematic_underforecast,2.987,3.08,3.91,0.988,0.837,2,6,0,25,75,0,2026-09-22T13:31:58Z
cycle_horizon,all,station_1210649_complete,"S. Gens (1210649), dia completo",individual_station_sensitivity,morning,tmax,3,D+3,21,21,limited,2026-07-13,2026-09-19,2026-07-16,2026-09-22,26.286,22.819,23.329,-3.467,-4.139,-2.795,systematic_underforecast,3.467,3.754,4.5,0.908,-2.957,-3.7,-2.214,systematic_underforecast,2.957,3.359,4.2,0.881,0.51,6,15,0,28.571,71.429,0,2026-09-23T13:45:43Z
observed_tmax_band,25-29.9,station_1210649_complete,"S. Gens (1210649), dia completo",individual_station_sensitivity,morning,tmax,3,D+3,9,9,insufficient,2026-07-13,2026-09-11,2026-07-16,2026-09-14,26.7,22.789,23.356,-3.911,-4.64,-3.182,systematic_underforecast,3.911,4.012,4.74,0.775,-3.344,-4.207,-2.482,systematic_underforecast,3.344,3.508,4.28,0.676,0.567,2,7,0,22.222,77.778,0,2026-09-15T13:43:27Z
observed_tmax_band,<25,station_1210649_complete,"S. Gens (1210649), dia completo",individual_station_sensitivity,morning,tmax,3,D+3,10,10,limited,2026-07-27,2026-09-12,2026-07-30,2026-09-15,24.12,21.53,22.08,-2.59,-3.349,-1.831,systematic_underforecast,2.59,2.779,3.81,0.073,-2.04,-2.656,-1.424,systematic_underforecast,2.04,2.197,2.83,0.742,0.55,3,7,0,30,70,0,2026-09-16T13:37:33Z
observed_tmax_band,>=30,station_1210649_complete,"S. Gens (1210649), dia completo",individual_station_sensitivity,morning,tmax,3,D+3,2,2,insufficient,2026-08-14,2026-09-19,2026-08-17,2026-09-22,35.25,29.4,29.45,-5.85,-26.815,15.115,inconclusive,5.85,6.078,7.17,,-5.8,-35.024,23.424,inconclusive,5.8,6.239,7.64,,0.05,1,1,0,50,50,0,2026-09-23T13:45:43Z
target_month,2026-07,station_1210649_complete,"S. Gens (1210649), dia completo",individual_station_sensitivity,morning,tmax,3,D+3,4,4,insufficient,2026-07-13,2026-07-27,2026-07-16,2026-07-30,25.65,21.65,22.625,-4,-6.123,-1.877,systematic_underforecast,4,4.164,5.25,0.024,-3.025,-5.602,-0.448,systematic_underforecast,3.025,3.334,4.45,-0.126,0.975,0,4,0,0,100,0,2026-07-31T11:05:10Z
target_month,2026-08,station_1210649_complete,"S. Gens (1210649), dia completo",individual_station_sensitivity,morning,tmax,3,D+3,8,8,insufficient,2026-08-03,2026-08-28,2026-08-06,2026-08-31,26.587,23.113,23.788,-3.475,-4.286,-2.664,systematic_underforecast,3.475,3.592,4.29,0.973,-2.8,-3.778,-1.822,systematic_underforecast,2.8,3.006,3.85,0.958,0.675,1,7,0,12.5,87.5,0,2026-09-01T13:35:24Z
target_month,2026-09,station_1210649_complete,"S. Gens (1210649), dia completo",individual_station_sensitivity,morning,tmax,3,D+3,9,9,insufficient,2026-08-29,2026-09-19,2026-09-01,2026-09-22,26.3,23.078,23.233,-3.222,-4.71,-1.734,systematic_underforecast,3.222,3.703,4.78,0.924,-3.067,-4.685,-1.448,systematic_underforecast,3.067,3.653,4.98,0.891,0.156,5,4,0,55.556,44.444,0,2026-09-23T13:45:43Z
cycle_horizon,all,station_1210649_complete,"S. Gens (1210649), dia completo",individual_station_sensitivity,morning,tmax,4,D+4,16,16,limited,2026-07-13,2026-09-19,2026-07-17,2026-09-23,25.55,22.05,22.769,-3.5,-4.195,-2.805,systematic_underforecast,3.5,3.721,5,0.795,-2.781,-3.256,-2.306,systematic_underforecast,2.781,2.912,3.7,0.917,0.719,7,9,0,43.75,56.25,0,2026-09-24T13:40:48Z
observed_tmax_band,25-29.9,station_1210649_complete,"S. Gens (1210649), dia completo",individual_station_sensitivity,morning,tmax,4,D+4,7,7,insufficient,2026-07-27,2026-09-19,2026-07-31,2026-09-23,26.129,22.043,23.457,-4.086,-5.09,-3.082,systematic_underforecast,4.086,4.207,4.96,0.409,-2.671,-3.783,-1.559,systematic_underforecast,2.671,2.894,3.68,0.196,1.414,2,5,0,28.571,71.429,0,2026-09-24T13:40:48Z
observed_tmax_band,<25,station_1210649_complete,"S. Gens (1210649), dia completo",individual_station_sensitivity,morning,tmax,4,D+4,8,8,insufficient,2026-07-13,2026-09-11,2026-07-17,2026-09-15,24.188,21.462,21.337,-2.725,-3.552,-1.898,systematic_underforecast,2.725,2.878,3.86,-0.425,-2.85,-3.405,-2.295,systematic_underforecast,2.85,2.917,3.55,0.266,-0.125,5,3,0,62.5,37.5,0,2026-09-16T13:37:33Z
observed_tmax_band,>=30,station_1210649_complete,"S. Gens (1210649), dia completo",individual_station_sensitivity,morning,tmax,4,D+4,1,1,insufficient,2026-09-08,2026-09-08,2026-09-12,2026-09-12,32.4,26.8,29.4,-5.6,,,inconclusive,5.6,5.6,5.6,,-3,,,inconclusive,3,3,3,,2.6,0,1,0,0,100,0,2026-09-13T13:23:19Z
target_month,2026-07,station_1210649_complete,"S. Gens (1210649), dia completo",individual_station_sensitivity,morning,tmax,4,D+4,2,2,insufficient,2026-07-13,2026-07-27,2026-07-17,2026-07-31,25.2,21.05,22.2,-4.15,-11.138,2.838,inconclusive,4.15,4.186,4.59,,-3,-14.436,8.436,inconclusive,3,3.132,3.72,,1.15,1,1,0,50,50,0,2026-08-01T10:14:45Z
target_month,2026-08,station_1210649_complete,"S. Gens (1210649), dia completo",individual_station_sensitivity,morning,tmax,4,D+4,4,4,insufficient,2026-08-03,2026-08-26,2026-08-07,2026-08-30,25.45,21.45,22.325,-4,-5.476,-2.524,systematic_underforecast,4,4.08,4.71,0.765,-3.125,-4.659,-1.591,systematic_underforecast,3.125,3.235,3.74,0.698,0.875,0,4,0,0,100,0,2026-08-31T16:15:47Z
target_month,2026-09,station_1210649_complete,"S. Gens (1210649), dia completo",individual_station_sensitivity,morning,tmax,4,D+4,10,10,limited,2026-08-28,2026-09-19,2026-09-01,2026-09-23,25.66,22.49,23.06,-3.17,-4.221,-2.119,systematic_underforecast,3.17,3.463,5.24,0.844,-2.6,-3.214,-1.986,systematic_underforecast,2.6,2.724,3.13,0.949,0.57,6,4,0,60,40,0,2026-09-24T13:40:48Z
cycle_horizon,all,station_1210649_complete,"S. Gens (1210649), dia completo",individual_station_sensitivity,morning,tmax,5,D+5,60,60,more_stable,2026-07-06,2026-09-19,2026-07-11,2026-09-24,26.035,22.428,24.752,-3.607,-4.043,-3.17,systematic_underforecast,3.647,3.977,5.01,0.803,-1.283,-1.814,-0.753,systematic_underforecast,2.013,2.407,3.74,0.732,1.633,6,54,0,10,90,0,2026-09-25T13:59:55Z
observed_tmax_band,25-29.9,station_1210649_complete,"S. Gens (1210649), dia completo",individual_station_sensitivity,morning,tmax,5,D+5,33,33,preliminary,2026-07-07,2026-09-11,2026-07-12,2026-09-16,26.497,22.661,24.812,-3.836,-4.249,-3.424,systematic_underforecast,3.836,4.004,5,0.581,-1.685,-2.363,-1.007,systematic_underforecast,2.139,2.526,3.68,0.487,1.697,2,31,0,6.061,93.939,0,2026-09-17T13:39:28Z
observed_tmax_band,<25,station_1210649_complete,"S. Gens (1210649), dia completo",individual_station_sensitivity,morning,tmax,5,D+5,22,22,limited,2026-07-06,2026-09-19,2026-07-11,2026-09-24,23.755,21.105,23.309,-2.65,-3.211,-2.089,systematic_underforecast,2.759,2.924,3.59,0.514,-0.445,-1.367,0.476,inconclusive,1.682,2.08,3.33,0.265,1.077,4,18,0,18.182,81.818,0,2026-09-25T13:59:55Z
observed_tmax_band,>=30,station_1210649_complete,"S. Gens (1210649), dia completo",individual_station_sensitivity,morning,tmax,5,D+5,5,5,insufficient,2026-07-22,2026-09-08,2026-07-27,2026-09-13,33.02,26.72,30.7,-6.3,-9.894,-2.706,systematic_underforecast,6.3,6.811,9.5,0.065,-2.32,-4.73,0.09,inconclusive,2.64,2.898,3.92,0.535,3.66,0,5,0,0,100,0,2026-09-14T15:08:18Z
target_month,2026-07,station_1210649_complete,"S. Gens (1210649), dia completo",individual_station_sensitivity,morning,tmax,5,D+5,21,21,limited,2026-07-06,2026-07-26,2026-07-11,2026-07-31,26.11,22.21,24.086,-3.9,-4.373,-3.427,systematic_underforecast,3.9,4.03,5.1,0.86,-2.024,-2.778,-1.27,systematic_underforecast,2.281,2.59,3.7,0.702,1.619,1,20,0,4.762,95.238,0,2026-08-01T10:14:45Z
target_month,2026-08,station_1210649_complete,"S. Gens (1210649), dia completo",individual_station_sensitivity,morning,tmax,5,D+5,29,29,limited,2026-07-28,2026-08-26,2026-08-02,2026-08-31,25.879,22.334,24.472,-3.545,-4.387,-2.702,systematic_underforecast,3.628,4.16,5.18,0.737,-1.407,-2.159,-0.655,systematic_underforecast,2.007,2.399,3.62,0.798,1.621,4,25,0,13.793,86.207,0,2026-09-01T13:35:24Z
target_month,2026-09,station_1210649_complete,"S. Gens (1210649), dia completo",individual_station_sensitivity,morning,tmax,5,D+5,10,10,limited,2026-08-28,2026-09-19,2026-09-02,2026-09-24,26.33,23.16,26.96,-3.17,-3.74,-2.6,systematic_underforecast,3.17,3.259,4.31,0.976,0.63,-0.801,2.061,inconclusive,1.47,1.999,2.98,0.778,1.7,1,9,0,10,90,0,2026-09-25T13:59:55Z
cycle_horizon,all,station_1210649_complete,"S. Gens (1210649), dia completo",individual_station_sensitivity,morning,tmax,6,D+6,61,61,more_stable,2026-07-05,2026-09-19,2026-07-11,2026-09-25,26.08,22.467,24.387,-3.613,-4.097,-3.129,systematic_underforecast,3.662,4.071,5.3,0.745,-1.693,-2.34,-1.047,systematic_underforecast,2.48,3.024,4.1,0.63,1.182,17,44,0,27.869,72.131,0,2026-09-26T13:16:04Z
observed_tmax_band,25-29.9,station_1210649_complete,"S. Gens (1210649), dia completo",individual_station_sensitivity,morning,tmax,6,D+6,34,34,preliminary,2026-07-06,2026-09-12,2026-07-12,2026-09-18,26.559,22.871,24.744,-3.688,-4.147,-3.229,systematic_underforecast,3.688,3.909,4.87,0.493,-1.815,-2.709,-0.921,systematic_underforecast,2.838,3.109,4.31,0.237,0.85,13,21,0,38.235,61.765,0,2026-09-19T12:36:22Z
observed_tmax_band,<25,station_1210649_complete,"S. Gens (1210649), dia completo",individual_station_sensitivity,morning,tmax,6,D+6,22,22,limited,2026-07-05,2026-09-19,2026-07-11,2026-09-25,23.782,21.15,22.586,-2.632,-3.235,-2.028,systematic_underforecast,2.768,2.949,4.06,0.476,-1.195,-1.839,-0.552,systematic_underforecast,1.505,1.855,2.87,0.542,1.264,3,19,0,13.636,86.364,0,2026-09-26T13:16:04Z
observed_tmax_band,>=30,station_1210649_complete,"S. Gens (1210649), dia completo",individual_station_sensitivity,morning,tmax,6,D+6,5,5,insufficient,2026-07-21,2026-09-06,2026-07-27,2026-09-12,32.94,25.52,29.88,-7.42,-10.5,-4.34,systematic_underforecast,7.42,7.745,9.98,-0.178,-3.06,-9.467,3.347,inconclusive,4.34,5.537,8.5,-0.372,3.08,1,4,0,20,80,0,2026-09-13T13:23:19Z
target_month,2026-07,station_1210649_complete,"S. Gens (1210649), dia completo",individual_station_sensitivity,morning,tmax,6,D+6,21,21,limited,2026-07-05,2026-07-25,2026-07-11,2026-07-31,26.11,22.238,23.962,-3.871,-4.503,-3.24,systematic_underforecast,3.871,4.101,4.9,0.739,-2.148,-2.896,-1.399,systematic_underforecast,2.443,2.681,3.8,0.765,1.429,4,17,0,19.048,80.952,0,2026-08-01T10:14:45Z
target_month,2026-08,station_1210649_complete,"S. Gens (1210649), dia completo",individual_station_sensitivity,morning,tmax,6,D+6,29,29,limited,2026-07-27,2026-08-25,2026-08-02,2026-08-31,25.879,22.317,23.921,-3.562,-4.439,-2.685,systematic_underforecast,3.666,4.222,5.54,0.72,-1.959,-3.086,-0.832,systematic_underforecast,2.848,3.509,4.86,0.538,0.817,10,19,0,34.483,65.517,0,2026-09-01T13:35:24Z
target_month,2026-09,station_1210649_complete,"S. Gens (1210649), dia completo",individual_station_sensitivity,morning,tmax,6,D+6,11,11,limited,2026-08-26,2026-09-19,2026-09-01,2026-09-25,26.555,23.3,26.427,-3.255,-4.298,-2.211,systematic_underforecast,3.255,3.575,5,0.865,-0.127,-1.622,1.367,inconclusive,1.582,2.125,3.2,0.789,1.673,3,8,0,27.273,72.727,0,2026-09-26T13:16:04Z
cycle_horizon,all,station_1210649_complete,"S. Gens (1210649), dia completo",individual_station_sensitivity,morning,tmax,7,D+7,62,62,more_stable,2026-07-04,2026-09-19,2026-07-11,2026-09-26,26.297,22.431,24.11,-3.866,-4.446,-3.286,systematic_underforecast,3.905,4.481,7.03,0.614,-2.187,-2.838,-1.536,systematic_underforecast,2.655,3.353,4.5,0.522,1.25,9,50,3,14.516,80.645,4.839,2026-09-27T14:09:28Z
observed_tmax_band,25-29.9,station_1210649_complete,"S. Gens (1210649), dia completo",individual_station_sensitivity,morning,tmax,7,D+7,35,35,preliminary,2026-07-05,2026-09-19,2026-07-12,2026-09-26,26.486,22.669,24.277,-3.817,-4.309,-3.325,systematic_underforecast,3.834,4.07,4.9,0.293,-2.209,-2.832,-1.585,systematic_underforecast,2.517,2.843,4.24,0.271,1.317,4,31,0,11.429,88.571,0,2026-09-27T14:09:28Z
observed_tmax_band,<25,station_1210649_complete,"S. Gens (1210649), dia completo",individual_station_sensitivity,morning,tmax,7,D+7,20,20,limited,2026-07-04,2026-09-08,2026-07-11,2026-09-15,23.77,21.38,23.005,-2.39,-3.126,-1.654,systematic_underforecast,2.48,2.839,4.22,0.325,-0.765,-1.663,0.133,inconclusive,1.675,2.021,3.5,0.424,0.805,3,14,3,15,70,15,2026-09-16T13:37:33Z
observed_tmax_band,>=30,station_1210649_complete,"S. Gens (1210649), dia completo",individual_station_sensitivity,morning,tmax,7,D+7,7,7,insufficient,2026-07-20,2026-09-12,2026-07-27,2026-09-19,32.571,24.243,26.429,-8.329,-9.945,-6.712,systematic_underforecast,8.329,8.484,10.52,0.531,-6.143,-9.264,-3.022,systematic_underforecast,6.143,6.892,9.74,0.14,2.186,2,5,0,28.571,71.429,0,2026-09-20T13:07:39Z
target_month,2026-07,station_1210649_complete,"S. Gens (1210649), dia completo",individual_station_sensitivity,morning,tmax,7,D+7,21,21,limited,2026-07-04,2026-07-24,2026-07-11,2026-07-31,26.11,22.138,23.695,-3.971,-4.728,-3.215,systematic_underforecast,3.971,4.29,4.9,0.591,-2.414,-3.045,-1.784,systematic_underforecast,2.481,2.767,4,0.738,1.49,1,20,0,4.762,95.238,0,2026-08-01T10:14:45Z
target_month,2026-08,station_1210649_complete,"S. Gens (1210649), dia completo",individual_station_sensitivity,morning,tmax,7,D+7,29,29,limited,2026-07-26,2026-08-24,2026-08-02,2026-08-31,25.879,22.369,23.897,-3.51,-4.451,-2.57,systematic_underforecast,3.593,4.269,5.36,0.647,-1.983,-3.135,-0.83,systematic_underforecast,2.617,3.577,4.5,0.408,0.976,5,22,2,17.241,75.862,6.897,2026-09-01T13:35:24Z
target_month,2026-09,station_1210649_complete,"S. Gens (1210649), dia completo",individual_station_sensitivity,morning,tmax,7,D+7,12,12,limited,2026-08-25,2026-09-19,2026-09-01,2026-09-26,27.633,23.092,25.35,-4.542,-6.28,-2.804,systematic_underforecast,4.542,5.243,7.5,0.508,-2.283,-4.224,-0.343,systematic_underforecast,3.05,3.71,4.88,0.508,1.492,3,8,1,25,66.667,8.333,2026-09-27T14:09:28Z
cycle_horizon,all,station_1210649_complete,"S. Gens (1210649), dia completo",individual_station_sensitivity,morning,tmax,8,D+8,63,63,more_stable,2026-07-03,2026-09-19,2026-07-11,2026-09-27,26.551,22.605,24.178,-3.946,-4.561,-3.331,systematic_underforecast,4.013,4.63,7.24,0.642,-2.373,-3.141,-1.605,systematic_underforecast,3.052,3.846,5.74,0.4,0.96,16,46,1,25.397,73.016,1.587,2026-09-28T16:51:47Z
observed_tmax_band,25-29.9,station_1210649_complete,"S. Gens (1210649), dia completo",individual_station_sensitivity,morning,tmax,8,D+8,34,34,preliminary,2026-07-04,2026-09-08,2026-07-12,2026-09-16,26.591,22.785,24.547,-3.806,-4.166,-3.446,systematic_underforecast,3.806,3.939,4.7,0.594,-2.044,-2.687,-1.402,systematic_underforecast,2.45,2.733,3.7,0.199,1.356,4,29,1,11.765,85.294,2.941,2026-09-17T13:39:28Z
observed_tmax_band,<25,station_1210649_complete,"S. Gens (1210649), dia completo",individual_station_sensitivity,morning,tmax,8,D+8,20,20,limited,2026-07-03,2026-09-19,2026-07-11,2026-09-27,23.79,21.595,22.79,-2.195,-2.958,-1.432,systematic_underforecast,2.405,2.71,3.87,0.29,-1,-2.387,0.387,inconclusive,2.45,3.057,4.39,-0.074,-0.045,9,11,0,45,55,0,2026-09-28T16:51:47Z
observed_tmax_band,>=30,station_1210649_complete,"S. Gens (1210649), dia completo",individual_station_sensitivity,morning,tmax,8,D+8,9,9,insufficient,2026-07-19,2026-09-12,2026-07-27,2026-09-20,32.533,24.167,25.867,-8.367,-10.214,-6.519,systematic_underforecast,8.367,8.668,11.24,-0.038,-6.667,-9.258,-4.075,systematic_underforecast,6.667,7.386,9.38,0.113,1.7,3,6,0,33.333,66.667,0,2026-09-21T15:13:21Z
target_month,2026-07,station_1210649_complete,"S. Gens (1210649), dia completo",individual_station_sensitivity,morning,tmax,8,D+8,21,21,limited,2026-07-03,2026-07-23,2026-07-11,2026-07-31,26.11,22.31,23.91,-3.8,-4.7,-2.9,systematic_underforecast,3.8,4.262,4.7,0.273,-2.2,-3.631,-0.769,systematic_underforecast,2.962,3.775,3.7,-0.304,0.838,4,17,0,19.048,80.952,0,2026-08-01T10:14:45Z
target_month,2026-08,station_1210649_complete,"S. Gens (1210649), dia completo",individual_station_sensitivity,morning,tmax,8,D+8,29,29,limited,2026-07-25,2026-08-23,2026-08-02,2026-08-31,25.879,22.507,24.121,-3.372,-4.324,-2.421,systematic_underforecast,3.517,4.173,4.92,0.642,-1.759,-2.892,-0.625,systematic_underforecast,2.559,3.416,6.04,0.429,0.959,8,20,1,27.586,68.966,3.448,2026-09-01T13:35:24Z
target_month,2026-09,station_1210649_complete,"S. Gens (1210649), dia completo",individual_station_sensitivity,morning,tmax,8,D+8,13,13,limited,2026-08-24,2026-09-19,2026-09-01,2026-09-27,28.762,23.3,24.738,-5.462,-6.987,-3.936,systematic_underforecast,5.462,5.976,7.86,0.726,-4.023,-5.619,-2.427,systematic_underforecast,4.3,4.756,6.38,0.713,1.162,4,9,0,30.769,69.231,0,2026-09-28T16:51:47Z
cycle_horizon,all,station_1210649_complete,"S. Gens (1210649), dia completo",individual_station_sensitivity,morning,tmax,9,D+9,60,60,more_stable,2026-07-02,2026-09-19,2026-07-11,2026-09-28,26.425,22.77,24.383,-3.655,-4.356,-2.954,systematic_underforecast,3.765,4.538,6.53,0.45,-2.042,-2.905,-1.178,systematic_underforecast,3.082,3.893,5.63,0.295,0.683,20,39,1,33.333,65,1.667,2026-09-29T14:56:00Z
observed_tmax_band,25-29.9,station_1210649_complete,"S. Gens (1210649), dia completo",individual_station_sensitivity,morning,tmax,9,D+9,33,33,preliminary,2026-07-03,2026-09-05,2026-07-12,2026-09-14,26.536,23.036,24.655,-3.5,-4.005,-2.995,systematic_underforecast,3.548,3.771,4.84,0.273,-1.882,-2.714,-1.05,systematic_underforecast,2.664,2.98,3.68,0.032,0.885,7,25,1,21.212,75.758,3.03,2026-09-15T13:43:27Z
observed_tmax_band,<25,station_1210649_complete,"S. Gens (1210649), dia completo",individual_station_sensitivity,morning,tmax,9,D+9,20,20,limited,2026-07-02,2026-09-19,2026-07-11,2026-09-28,23.88,21.99,23.345,-1.89,-2.616,-1.164,systematic_underforecast,2.14,2.42,3.52,0.29,-0.535,-1.843,0.773,inconclusive,2.365,2.776,3.83,0.203,-0.225,11,9,0,55,45,0,2026-09-29T14:56:00Z
observed_tmax_band,>=30,station_1210649_complete,"S. Gens (1210649), dia completo",individual_station_sensitivity,morning,tmax,9,D+9,7,7,insufficient,2026-07-18,2026-09-12,2026-07-27,2026-09-21,33.171,23.743,26.071,-9.429,-11.387,-7.47,systematic_underforecast,9.429,9.63,11.7,0.08,-7.1,-11.048,-3.152,systematic_underforecast,7.1,8.126,11.8,-0.398,2.329,2,5,0,28.571,71.429,0,2026-09-22T13:31:58Z
target_month,2026-07,station_1210649_complete,"S. Gens (1210649), dia completo",individual_station_sensitivity,morning,tmax,9,D+9,21,21,limited,2026-07-02,2026-07-22,2026-07-11,2026-07-31,26.11,22.705,24.81,-3.405,-4.531,-2.279,systematic_underforecast,3.557,4.173,4.6,-0.199,-1.3,-2.836,0.236,inconclusive,2.643,3.541,3.6,-0.366,0.914,4,17,0,19.048,80.952,0,2026-08-01T10:14:45Z
target_month,2026-08,station_1210649_complete,"S. Gens (1210649), dia completo",individual_station_sensitivity,morning,tmax,9,D+9,28,28,limited,2026-07-24,2026-08-22,2026-08-02,2026-08-31,26.1,22.611,23.896,-3.489,-4.436,-2.542,systematic_underforecast,3.582,4.234,5.28,0.605,-2.204,-3.303,-1.104,systematic_underforecast,2.796,3.551,4.09,0.473,0.786,9,19,0,32.143,67.857,0,2026-09-01T13:35:24Z
target_month,2026-09,station_1210649_complete,"S. Gens (1210649), dia completo",individual_station_sensitivity,morning,tmax,9,D+9,11,11,limited,2026-08-23,2026-09-19,2026-09-01,2026-09-28,27.855,23.3,24.809,-4.555,-7.065,-2.044,systematic_underforecast,4.627,5.783,9.1,0.521,-3.045,-5.982,-0.108,systematic_underforecast,4.645,5.162,6.6,0.409,-0.018,7,3,1,63.636,27.273,9.091,2026-09-29T14:56:00Z
cycle_horizon,all,station_1210649_complete,"S. Gens (1210649), dia completo",individual_station_sensitivity,afternoon,tmin,0,D+0,67,67,more_stable,2026-07-11,2026-10-08,2026-07-11,2026-10-08,16.416,15.969,17.682,-0.448,-0.658,-0.238,systematic_underforecast,0.746,0.965,1.6,0.934,1.266,1.028,1.503,systematic_overforecast,1.379,1.592,2.34,0.895,-0.633,48,19,0,71.642,28.358,0,2026-10-08T20:03:21Z
target_month,2026-07,station_1210649_complete,"S. Gens (1210649), dia completo",individual_station_sensitivity,afternoon,tmin,0,D+0,14,14,limited,2026-07-11,2026-07-31,2026-07-11,2026-07-31,17.043,16.35,18.636,-0.693,-1.044,-0.342,systematic_underforecast,0.764,0.908,1.48,0.92,1.593,1.223,1.963,systematic_overforecast,1.593,1.708,2.37,0.895,-0.829,11,3,0,78.571,21.429,0,2026-08-01T10:14:45Z
target_month,2026-08,station_1210649_complete,"S. Gens (1210649), dia completo",individual_station_sensitivity,afternoon,tmin,0,D+0,24,24,limited,2026-08-02,2026-08-31,2026-08-02,2026-08-31,17.113,16.675,18.325,-0.438,-0.844,-0.031,systematic_underforecast,0.829,1.039,1.5,0.93,1.212,0.843,1.582,systematic_overforecast,1.271,1.484,2.17,0.923,-0.442,16,8,0,66.667,33.333,0,2026-09-01T13:35:24Z
target_month,2026-09,station_1210649_complete,"S. Gens (1210649), dia completo",individual_station_sensitivity,afternoon,tmin,0,D+0,22,22,limited,2026-09-01,2026-09-30,2026-09-01,2026-09-30,15.759,15.318,16.795,-0.441,-0.845,-0.037,systematic_underforecast,0.695,0.994,1.97,0.929,1.036,0.481,1.592,systematic_overforecast,1.318,1.603,2.29,0.869,-0.623,15,7,0,68.182,31.818,0,2026-10-01T15:40:49Z
target_month,2026-10,station_1210649_complete,"S. Gens (1210649), dia completo",individual_station_sensitivity,afternoon,tmin,0,D+0,7,7,insufficient,2026-10-01,2026-10-08,2026-10-01,2026-10-08,14.843,14.829,16.357,-0.014,-0.695,0.666,inconclusive,0.586,0.681,0.94,0.969,1.514,0.801,2.228,systematic_overforecast,1.514,1.674,2.28,0.941,-0.929,6,1,0,85.714,14.286,0,2026-10-08T20:03:21Z
cycle_horizon,all,station_1210649_complete,"S. Gens (1210649), dia completo",individual_station_sensitivity,afternoon,tmin,1,D+1,66,66,more_stable,2026-07-10,2026-10-07,2026-07-11,2026-10-08,16.402,15.823,17.608,-0.579,-0.829,-0.329,systematic_underforecast,0.918,1.163,1.9,0.893,1.206,0.929,1.484,systematic_overforecast,1.4,1.646,2.85,0.84,-0.482,38,25,3,57.576,37.879,4.545,2026-10-08T20:02:33Z
target_month,2026-07,station_1210649_complete,"S. Gens (1210649), dia completo",individual_station_sensitivity,afternoon,tmin,1,D+1,16,16,limited,2026-07-10,2026-07-30,2026-07-11,2026-07-31,17.038,16.387,18.45,-0.65,-1.146,-0.154,systematic_underforecast,0.975,1.111,1.55,0.807,1.413,0.92,1.905,systematic_overforecast,1.413,1.673,2.6,0.846,-0.438,7,8,1,43.75,50,6.25,2026-08-01T10:14:45Z
target_month,2026-08,station_1210649_complete,"S. Gens (1210649), dia completo",individual_station_sensitivity,afternoon,tmin,1,D+1,21,21,limited,2026-08-01,2026-08-30,2026-08-02,2026-08-31,17.243,16.557,18.424,-0.686,-1.18,-0.191,systematic_underforecast,1,1.262,2,0.891,1.181,0.765,1.597,systematic_overforecast,1.248,1.48,2.1,0.906,-0.248,12,7,2,57.143,33.333,9.524,2026-09-01T13:35:24Z
target_month,2026-09,station_1210649_complete,"S. Gens (1210649), dia completo",individual_station_sensitivity,afternoon,tmin,1,D+1,22,22,limited,2026-08-31,2026-09-29,2026-09-01,2026-09-30,15.632,15.118,16.677,-0.514,-0.997,-0.03,systematic_underforecast,0.841,1.183,1.98,0.867,1.045,0.388,1.703,systematic_overforecast,1.564,1.787,2.67,0.709,-0.723,14,8,0,63.636,36.364,0,2026-10-01T15:40:49Z
target_month,2026-10,station_1210649_complete,"S. Gens (1210649), dia completo",individual_station_sensitivity,afternoon,tmin,1,D+1,7,7,insufficient,2026-09-30,2026-10-07,2026-10-01,2026-10-08,14.843,14.543,16.157,-0.3,-1.117,0.517,inconclusive,0.786,0.871,1.18,0.933,1.314,0.412,2.216,systematic_overforecast,1.314,1.595,2.36,0.852,-0.529,5,2,0,71.429,28.571,0,2026-10-08T20:02:33Z
cycle_horizon,all,station_1210649_complete,"S. Gens (1210649), dia completo",individual_station_sensitivity,afternoon,tmin,2,D+2,69,69,more_stable,2026-07-09,2026-10-06,2026-07-11,2026-10-08,16.468,16.041,17.868,-0.428,-0.719,-0.136,systematic_underforecast,0.993,1.279,2.2,0.815,1.4,1.101,1.699,systematic_overforecast,1.609,1.868,3,0.801,-0.616,44,22,3,63.768,31.884,4.348,2026-10-08T20:02:33Z
target_month,2026-07,station_1210649_complete,"S. Gens (1210649), dia completo",individual_station_sensitivity,afternoon,tmin,2,D+2,17,17,limited,2026-07-09,2026-07-29,2026-07-11,2026-07-31,16.8,16.447,18.547,-0.353,-0.934,0.229,inconclusive,1.012,1.152,1.66,0.587,1.747,1.184,2.31,systematic_overforecast,1.771,2.044,3.08,0.619,-0.759,12,5,0,70.588,29.412,0,2026-08-01T10:14:45Z
target_month,2026-08,station_1210649_complete,"S. Gens (1210649), dia completo",individual_station_sensitivity,afternoon,tmin,2,D+2,23,23,limited,2026-07-31,2026-08-29,2026-08-02,2026-08-31,17.435,16.813,18.874,-0.622,-1.147,-0.097,systematic_underforecast,1.135,1.34,1.88,0.84,1.439,1.067,1.811,systematic_overforecast,1.439,1.667,2.34,0.938,-0.304,13,9,1,56.522,39.13,4.348,2026-09-01T13:35:24Z
target_month,2026-09,station_1210649_complete,"S. Gens (1210649), dia completo",individual_station_sensitivity,afternoon,tmin,2,D+2,22,22,limited,2026-08-30,2026-09-28,2026-09-01,2026-09-30,15.718,15.341,16.727,-0.377,-0.997,0.243,inconclusive,0.941,1.418,2.4,0.726,1.009,0.27,1.748,systematic_overforecast,1.645,1.916,2.69,0.61,-0.705,14,6,2,63.636,27.273,9.091,2026-10-01T15:40:49Z
target_month,2026-10,station_1210649_complete,"S. Gens (1210649), dia completo",individual_station_sensitivity,afternoon,tmin,2,D+2,7,7,insufficient,2026-09-29,2026-10-06,2026-10-01,2026-10-08,14.843,14.714,16.5,-0.129,-0.952,0.695,inconclusive,0.643,0.834,1.28,0.878,1.657,0.737,2.577,systematic_overforecast,1.657,1.896,2.76,0.867,-1.014,5,2,0,71.429,28.571,0,2026-10-08T20:02:33Z
cycle_horizon,all,station_1210649_complete,"S. Gens (1210649), dia completo",individual_station_sensitivity,afternoon,tmin,3,D+3,69,69,more_stable,2026-07-08,2026-10-05,2026-07-11,2026-10-08,16.538,15.975,17.932,-0.562,-0.852,-0.272,systematic_underforecast,1.052,1.324,2.3,0.829,1.394,1.094,1.694,systematic_overforecast,1.586,1.865,2.92,0.806,-0.533,42,22,5,60.87,31.884,7.246,2026-10-08T20:02:33Z
target_month,2026-07,station_1210649_complete,"S. Gens (1210649), dia completo",individual_station_sensitivity,afternoon,tmin,3,D+3,17,17,limited,2026-07-08,2026-07-28,2026-07-11,2026-07-31,16.918,16.365,18.671,-0.553,-1.172,0.066,inconclusive,1.118,1.293,1.9,0.594,1.753,1.13,2.376,systematic_overforecast,1.753,2.11,3.34,0.629,-0.635,10,6,1,58.824,35.294,5.882,2026-08-01T10:14:45Z
target_month,2026-08,station_1210649_complete,"S. Gens (1210649), dia completo",individual_station_sensitivity,afternoon,tmin,3,D+3,23,23,limited,2026-07-30,2026-08-28,2026-08-02,2026-08-31,17.278,16.643,18.8,-0.635,-1.171,-0.099,systematic_underforecast,1.113,1.368,2.22,0.795,1.522,1.099,1.944,systematic_overforecast,1.557,1.797,2.74,0.899,-0.443,15,7,1,65.217,30.435,4.348,2026-09-01T13:35:24Z
target_month,2026-09,station_1210649_complete,"S. Gens (1210649), dia completo",individual_station_sensitivity,afternoon,tmin,3,D+3,22,22,limited,2026-08-29,2026-09-27,2026-09-01,2026-09-30,16.009,15.355,16.959,-0.655,-1.232,-0.077,systematic_underforecast,1.082,1.431,2.48,0.851,0.95,0.268,1.632,systematic_overforecast,1.514,1.779,2.3,0.824,-0.432,12,8,2,54.545,36.364,9.091,2026-10-01T15:40:49Z
target_month,2026-10,station_1210649_complete,"S. Gens (1210649), dia completo",individual_station_sensitivity,afternoon,tmin,3,D+3,7,7,insufficient,2026-09-28,2026-10-05,2026-10-01,2026-10-08,14.843,14.786,16.343,-0.057,-0.849,0.735,inconclusive,0.6,0.795,1.34,0.894,1.5,0.675,2.325,systematic_overforecast,1.5,1.713,2.34,0.873,-0.9,5,1,1,71.429,14.286,14.286,2026-10-08T20:02:33Z
cycle_horizon,all,station_1210649_complete,"S. Gens (1210649), dia completo",individual_station_sensitivity,afternoon,tmin,4,D+4,74,74,more_stable,2026-07-07,2026-10-04,2026-07-11,2026-10-08,16.747,16.072,18.001,-0.676,-0.962,-0.389,systematic_underforecast,1.146,1.402,2.17,0.829,1.254,0.9,1.608,systematic_overforecast,1.622,1.967,3.17,0.708,-0.476,43,29,2,58.108,39.189,2.703,2026-10-08T20:02:33Z
target_month,2026-07,station_1210649_complete,"S. Gens (1210649), dia completo",individual_station_sensitivity,afternoon,tmin,4,D+4,19,19,limited,2026-07-07,2026-07-26,2026-07-11,2026-07-30,16.911,16.521,18.584,-0.389,-1.02,0.241,inconclusive,1.137,1.331,2,0.372,1.674,1.049,2.299,systematic_overforecast,1.726,2.096,3.26,0.444,-0.589,12,6,1,63.158,31.579,5.263,2026-07-31T11:05:10Z
target_month,2026-08,station_1210649_complete,"S. Gens (1210649), dia completo",individual_station_sensitivity,afternoon,tmin,4,D+4,26,26,limited,2026-07-29,2026-08-27,2026-08-02,2026-08-31,17.454,16.619,18.942,-0.835,-1.229,-0.441,systematic_underforecast,1.073,1.269,2.05,0.89,1.488,1.028,1.949,systematic_overforecast,1.519,1.862,2.85,0.834,-0.446,15,10,1,57.692,38.462,3.846,2026-09-01T13:35:24Z
target_month,2026-09,station_1210649_complete,"S. Gens (1210649), dia completo",individual_station_sensitivity,afternoon,tmin,4,D+4,22,22,limited,2026-08-28,2026-09-26,2026-09-01,2026-09-30,16.377,15.405,17.014,-0.973,-1.624,-0.321,systematic_underforecast,1.409,1.734,3.16,0.854,0.636,-0.23,1.503,inconclusive,1.691,2.013,2.67,0.617,-0.282,11,11,0,50,50,0,2026-10-01T15:40:49Z
target_month,2026-10,station_1210649_complete,"S. Gens (1210649), dia completo",individual_station_sensitivity,afternoon,tmin,4,D+4,7,7,insufficient,2026-09-27,2026-10-04,2026-10-01,2026-10-08,14.843,14.914,16.029,0.071,-0.648,0.791,inconclusive,0.614,0.724,1.18,0.922,1.186,-0.218,2.59,inconclusive,1.5,1.839,2.88,0.693,-0.886,5,2,0,71.429,28.571,0,2026-10-08T20:02:33Z
cycle_horizon,all,station_1210649_complete,"S. Gens (1210649), dia completo",individual_station_sensitivity,afternoon,tmin,5,D+5,30,30,preliminary,2026-08-18,2026-10-03,2026-08-23,2026-10-08,16.127,15.317,16.723,-0.81,-1.25,-0.37,systematic_underforecast,1.037,1.413,2.55,0.835,0.597,0.021,1.172,systematic_overforecast,1.357,1.628,2.54,0.688,-0.32,15,13,2,50,43.333,6.667,2026-10-08T20:02:33Z
target_month,2026-08,station_1210649_complete,"S. Gens (1210649), dia completo",individual_station_sensitivity,afternoon,tmin,5,D+5,1,1,insufficient,2026-08-18,2026-08-18,2026-08-23,2026-08-23,16.5,15.6,16.3,-0.9,,,inconclusive,0.9,0.9,0.9,,-0.2,,,inconclusive,0.2,0.2,0.2,,0.7,0,1,0,0,100,0,2026-08-24T09:11:12Z
target_month,2026-09,station_1210649_complete,"S. Gens (1210649), dia completo",individual_station_sensitivity,afternoon,tmin,5,D+5,22,22,limited,2026-08-27,2026-09-25,2026-09-01,2026-09-30,16.518,15.464,16.868,-1.055,-1.592,-0.517,systematic_underforecast,1.164,1.586,2.95,0.828,0.35,-0.366,1.066,inconclusive,1.368,1.616,2.39,0.654,-0.205,10,11,1,45.455,50,4.545,2026-10-01T15:40:49Z
target_month,2026-10,station_1210649_complete,"S. Gens (1210649), dia completo",individual_station_sensitivity,afternoon,tmin,5,D+5,7,7,insufficient,2026-09-26,2026-10-03,2026-10-01,2026-10-08,14.843,14.814,16.329,-0.029,-0.756,0.699,inconclusive,0.657,0.729,1.08,0.911,1.486,0.514,2.458,systematic_overforecast,1.486,1.776,2.7,0.822,-0.829,5,1,1,71.429,14.286,14.286,2026-10-08T20:02:33Z
cycle_horizon,all,station_1210649_complete,"S. Gens (1210649), dia completo",individual_station_sensitivity,afternoon,tmin,6,D+6,29,29,limited,2026-08-18,2026-10-02,2026-08-24,2026-10-08,16.234,15.362,16.934,-0.872,-1.445,-0.3,systematic_underforecast,1.355,1.716,2.94,0.757,0.7,-0.113,1.513,inconclusive,1.817,2.213,3.24,0.435,-0.462,20,8,1,68.966,27.586,3.448,2026-10-08T20:02:33Z
target_month,2026-08,station_1210649_complete,"S. Gens (1210649), dia completo",individual_station_sensitivity,afternoon,tmin,6,D+6,1,1,insufficient,2026-08-18,2026-08-18,2026-08-24,2026-08-24,17.3,14.8,14.4,-2.5,,,inconclusive,2.5,2.5,2.5,,-2.9,,,inconclusive,2.9,2.9,2.9,,-0.4,1,0,0,100,0,0,2026-08-25T09:06:02Z
target_month,2026-09,station_1210649_complete,"S. Gens (1210649), dia completo",individual_station_sensitivity,afternoon,tmin,6,D+6,21,21,limited,2026-08-27,2026-09-24,2026-09-02,2026-09-30,16.648,15.538,17.19,-1.11,-1.838,-0.381,systematic_underforecast,1.595,1.915,3.1,0.727,0.543,-0.451,1.537,inconclusive,1.724,2.199,3.4,0.408,-0.129,12,8,1,57.143,38.095,4.762,2026-10-01T15:40:49Z
target_month,2026-10,station_1210649_complete,"S. Gens (1210649), dia completo",individual_station_sensitivity,afternoon,tmin,6,D+6,7,7,insufficient,2026-09-25,2026-10-02,2026-10-01,2026-10-08,14.843,14.914,16.529,0.071,-0.478,0.62,inconclusive,0.471,0.554,0.82,0.955,1.686,0.368,3.004,systematic_overforecast,1.943,2.141,2.9,0.674,-1.471,7,0,0,100,0,0,2026-10-08T20:02:33Z
cycle_horizon,all,station_1210649_complete,"S. Gens (1210649), dia completo",individual_station_sensitivity,afternoon,tmin,7,D+7,28,28,limited,2026-08-18,2026-10-01,2026-08-25,2026-10-08,15.957,15.025,17.011,-0.932,-1.63,-0.234,systematic_underforecast,1.639,1.998,3.39,0.585,1.054,0.2,1.907,systematic_overforecast,1.996,2.405,3.43,0.411,-0.357,17,11,0,60.714,39.286,0,2026-10-08T20:02:33Z
target_month,2026-08,station_1210649_complete,"S. Gens (1210649), dia completo",individual_station_sensitivity,afternoon,tmin,7,D+7,1,1,insufficient,2026-08-18,2026-08-18,2026-08-25,2026-08-25,17.8,14.1,14.3,-3.7,,,inconclusive,3.7,3.7,3.7,,-3.5,,,inconclusive,3.5,3.5,3.5,,0.2,0,1,0,0,100,0,2026-08-26T09:08:46Z
target_month,2026-09,station_1210649_complete,"S. Gens (1210649), dia completo",individual_station_sensitivity,afternoon,tmin,7,D+7,20,20,limited,2026-08-27,2026-09-23,2026-09-03,2026-09-30,16.255,15.24,17.37,-1.015,-1.852,-0.178,systematic_underforecast,1.675,2.017,3.33,0.612,1.115,0.086,2.144,systematic_overforecast,1.975,2.417,3.22,0.408,-0.3,12,8,0,60,40,0,2026-10-01T15:40:49Z
target_month,2026-10,station_1210649_complete,"S. Gens (1210649), dia completo",individual_station_sensitivity,afternoon,tmin,7,D+7,7,7,insufficient,2026-09-24,2026-10-01,2026-10-01,2026-10-08,14.843,14.543,16.371,-0.3,-1.816,1.216,inconclusive,1.243,1.547,2.24,0.559,1.529,-0.008,3.065,inconclusive,1.843,2.168,3.34,0.603,-0.6,5,2,0,71.429,28.571,0,2026-10-08T20:02:33Z
cycle_horizon,all,station_1210649_complete,"S. Gens (1210649), dia completo",individual_station_sensitivity,afternoon,tmin,8,D+8,26,26,limited,2026-08-27,2026-09-30,2026-09-04,2026-10-08,15.746,14.842,16.085,-0.904,-1.712,-0.095,systematic_underforecast,1.712,2.161,3.5,0.495,0.338,-0.613,1.289,inconclusive,1.738,2.334,2.85,0.424,-0.027,14,11,1,53.846,42.308,3.846,2026-10-08T20:02:33Z
target_month,2026-09,station_1210649_complete,"S. Gens (1210649), dia completo",individual_station_sensitivity,afternoon,tmin,8,D+8,19,19,limited,2026-08-27,2026-09-22,2026-09-04,2026-09-30,16.079,15.068,16.705,-1.011,-1.994,-0.027,systematic_underforecast,1.832,2.228,3.5,0.519,0.626,-0.633,1.885,inconclusive,2.026,2.619,3.2,0.242,-0.195,11,8,0,57.895,42.105,0,2026-10-01T15:40:49Z
target_month,2026-10,station_1210649_complete,"S. Gens (1210649), dia completo",individual_station_sensitivity,afternoon,tmin,8,D+8,7,7,insufficient,2026-09-23,2026-09-30,2026-10-01,2026-10-08,14.843,14.229,14.4,-0.614,-2.482,1.253,inconclusive,1.386,1.968,3.16,0.277,-0.443,-1.632,0.746,inconclusive,0.957,1.27,2.18,0.786,0.429,3,3,1,42.857,42.857,14.286,2026-10-08T20:02:33Z
cycle_horizon,all,station_1210649_complete,"S. Gens (1210649), dia completo",individual_station_sensitivity,afternoon,tmin,9,D+9,26,26,limited,2026-08-18,2026-09-29,2026-08-27,2026-10-08,15.427,14.75,15.996,-0.677,-1.426,0.072,inconclusive,1.646,1.939,3,0.351,0.569,-0.356,1.495,inconclusive,2.008,2.318,3.45,0.431,-0.362,14,11,1,53.846,42.308,3.846,2026-10-08T20:02:33Z
target_month,2026-08,station_1210649_complete,"S. Gens (1210649), dia completo",individual_station_sensitivity,afternoon,tmin,9,D+9,1,1,insufficient,2026-08-18,2026-08-18,2026-08-27,2026-08-27,14.3,13.9,14.6,-0.4,,,inconclusive,0.4,0.4,0.4,,0.3,,,inconclusive,0.3,0.3,0.3,,0.1,0,1,0,0,100,0,2026-08-27T23:52:07Z
target_month,2026-09,station_1210649_complete,"S. Gens (1210649), dia completo",individual_station_sensitivity,afternoon,tmin,9,D+9,18,18,limited,2026-08-27,2026-09-21,2026-09-05,2026-09-30,15.717,15.05,16.539,-0.667,-1.585,0.252,inconclusive,1.644,1.915,2.96,0.384,0.822,-0.157,1.802,inconclusive,1.844,2.083,2.92,0.585,-0.2,8,9,1,44.444,50,5.556,2026-10-01T15:40:49Z
target_month,2026-10,station_1210649_complete,"S. Gens (1210649), dia completo",individual_station_sensitivity,afternoon,tmin,9,D+9,7,7,insufficient,2026-09-22,2026-09-29,2026-10-01,2026-10-08,14.843,14.1,14.8,-0.743,-2.732,1.246,inconclusive,1.829,2.125,3.14,-0.006,-0.043,-3.002,2.917,inconclusive,2.671,2.963,3.9,-0.271,-0.843,6,1,0,85.714,14.286,0,2026-10-08T20:02:33Z
cycle_horizon,all,station_1210649_complete,"S. Gens (1210649), dia completo",individual_station_sensitivity,morning,tmin,0,D+0,23,23,limited,2026-07-13,2026-09-19,2026-07-13,2026-09-19,17.296,16.865,18.535,-0.43,-0.882,0.021,inconclusive,0.874,1.109,1.84,0.89,1.239,0.732,1.746,systematic_overforecast,1.413,1.688,2.76,0.792,-0.539,17,6,0,73.913,26.087,0,2026-09-20T13:07:39Z
target_month,2026-07,station_1210649_complete,"S. Gens (1210649), dia completo",individual_station_sensitivity,morning,tmin,0,D+0,7,7,insufficient,2026-07-13,2026-07-30,2026-07-13,2026-07-30,16.6,16.729,18.6,0.129,-0.679,0.936,inconclusive,0.729,0.819,1.08,0.798,2,1.031,2.969,systematic_overforecast,2,2.223,3.22,0.717,-1.271,6,1,0,85.714,14.286,0,2026-07-31T11:05:10Z
target_month,2026-08,station_1210649_complete,"S. Gens (1210649), dia completo",individual_station_sensitivity,morning,tmin,0,D+0,8,8,insufficient,2026-08-03,2026-08-29,2026-08-03,2026-08-29,17.95,17.2,18.938,-0.75,-1.716,0.216,inconclusive,0.975,1.315,2.2,0.91,0.987,0.35,1.625,systematic_overforecast,1.062,1.218,1.73,0.953,-0.087,6,2,0,75,25,0,2026-08-30T13:53:39Z
target_month,2026-09,station_1210649_complete,"S. Gens (1210649), dia completo",individual_station_sensitivity,morning,tmin,0,D+0,8,8,insufficient,2026-09-03,2026-09-19,2026-09-03,2026-09-19,17.25,16.65,18.075,-0.6,-1.429,0.229,inconclusive,0.9,1.105,1.72,0.941,0.825,-0.343,1.993,inconclusive,1.25,1.545,2.19,0.721,-0.35,5,3,0,62.5,37.5,0,2026-09-20T13:07:39Z
cycle_horizon,all,station_1210649_complete,"S. Gens (1210649), dia completo",individual_station_sensitivity,morning,tmin,1,D+1,24,24,limited,2026-07-11,2026-09-19,2026-07-12,2026-09-20,17.404,16.85,18.596,-0.554,-1.095,-0.013,systematic_underforecast,1.012,1.372,2.61,0.788,1.192,0.673,1.71,systematic_overforecast,1.433,1.693,2.54,0.77,-0.421,16,6,2,66.667,25,8.333,2026-09-21T15:13:21Z
target_month,2026-07,station_1210649_complete,"S. Gens (1210649), dia completo",individual_station_sensitivity,morning,tmin,1,D+1,5,5,insufficient,2026-07-11,2026-07-27,2026-07-12,2026-07-28,16.44,16.52,18.56,0.08,-0.968,1.128,inconclusive,0.56,0.759,1.2,0.629,2.12,1.389,2.851,systematic_overforecast,2.12,2.184,2.66,0.817,-1.56,5,0,0,100,0,0,2026-07-29T11:00:40Z
target_month,2026-08,station_1210649_complete,"S. Gens (1210649), dia completo",individual_station_sensitivity,morning,tmin,1,D+1,11,11,limited,2026-08-02,2026-08-29,2026-08-03,2026-08-30,17.509,16.955,18.9,-0.555,-1.376,0.267,inconclusive,1.027,1.291,2.2,0.874,1.391,0.757,2.025,systematic_overforecast,1.391,1.657,2.4,0.891,-0.364,7,3,1,63.636,27.273,9.091,2026-08-31T16:15:47Z
target_month,2026-09,station_1210649_complete,"S. Gens (1210649), dia completo",individual_station_sensitivity,morning,tmin,1,D+1,8,8,insufficient,2026-09-03,2026-09-19,2026-09-04,2026-09-20,17.863,16.913,18.2,-0.95,-2.242,0.342,inconclusive,1.275,1.73,2.86,0.778,0.338,-0.838,1.513,inconclusive,1.062,1.358,2.06,0.807,0.212,4,3,1,50,37.5,12.5,2026-09-21T15:13:21Z
cycle_horizon,all,station_1210649_complete,"S. Gens (1210649), dia completo",individual_station_sensitivity,morning,tmin,2,D+2,21,21,limited,2026-07-13,2026-09-19,2026-07-15,2026-09-21,17.148,16.257,18.086,-0.89,-1.319,-0.462,systematic_underforecast,1.081,1.28,2,0.923,0.938,0.183,1.694,systematic_overforecast,1.586,1.872,2.9,0.578,-0.505,10,9,2,47.619,42.857,9.524,2026-09-22T13:31:58Z
target_month,2026-07,station_1210649_complete,"S. Gens (1210649), dia completo",individual_station_sensitivity,morning,tmin,2,D+2,4,4,insufficient,2026-07-13,2026-07-27,2026-07-15,2026-07-29,17.3,16.25,18.15,-1.05,-1.846,-0.254,systematic_underforecast,1.05,1.136,1.52,0.937,0.85,-0.271,1.971,inconclusive,0.85,1.046,1.51,0.868,0.2,1,3,0,25,75,0,2026-07-30T10:37:22Z
target_month,2026-08,station_1210649_complete,"S. Gens (1210649), dia completo",individual_station_sensitivity,morning,tmin,2,D+2,9,9,insufficient,2026-08-03,2026-08-29,2026-08-05,2026-08-31,16.7,16.167,18.367,-0.533,-1.305,0.238,inconclusive,0.956,1.086,1.4,0.815,1.667,0.817,2.517,systematic_overforecast,1.711,1.966,2.68,0.743,-0.756,5,2,2,55.556,22.222,22.222,2026-09-01T13:35:24Z
target_month,2026-09,station_1210649_complete,"S. Gens (1210649), dia completo",individual_station_sensitivity,morning,tmin,2,D+2,8,8,insufficient,2026-09-03,2026-09-19,2026-09-05,2026-09-21,17.575,16.363,17.738,-1.212,-2.041,-0.384,systematic_underforecast,1.238,1.526,2.32,0.982,0.163,-1.685,2.01,inconclusive,1.812,2.074,2.99,0.719,-0.575,4,4,0,50,50,0,2026-09-22T13:31:58Z
cycle_horizon,all,station_1210649_complete,"S. Gens (1210649), dia completo",individual_station_sensitivity,morning,tmin,3,D+3,21,21,limited,2026-07-13,2026-09-19,2026-07-16,2026-09-22,16.433,16.229,18.138,-0.205,-0.697,0.287,inconclusive,0.929,1.075,1.7,0.839,1.705,1.077,2.333,systematic_overforecast,1.895,2.172,3.3,0.728,-0.967,14,6,1,66.667,28.571,4.762,2026-09-23T13:45:43Z
target_month,2026-07,station_1210649_complete,"S. Gens (1210649), dia completo",individual_station_sensitivity,morning,tmin,3,D+3,4,4,insufficient,2026-07-13,2026-07-27,2026-07-16,2026-07-30,16.8,16.275,18.775,-0.525,-2.294,1.244,inconclusive,1.075,1.097,1.31,-0.35,1.975,0.309,3.641,systematic_overforecast,1.975,2.173,2.91,0.352,-0.9,3,1,0,75,25,0,2026-07-31T11:05:10Z
target_month,2026-08,station_1210649_complete,"S. Gens (1210649), dia completo",individual_station_sensitivity,morning,tmin,3,D+3,8,8,insufficient,2026-08-03,2026-08-28,2026-08-06,2026-08-31,16.675,16.65,18.85,-0.025,-1.048,0.998,inconclusive,0.925,1.145,1.82,0.901,2.175,1.202,3.148,systematic_overforecast,2.175,2.432,3.53,0.901,-1.25,5,2,1,62.5,25,12.5,2026-09-01T13:35:24Z
target_month,2026-09,station_1210649_complete,"S. Gens (1210649), dia completo",individual_station_sensitivity,morning,tmin,3,D+3,9,9,insufficient,2026-08-29,2026-09-19,2026-09-01,2026-09-22,16.056,15.833,17.222,-0.222,-1.016,0.572,inconclusive,0.867,0.999,1.46,0.884,1.167,-0.067,2.401,inconclusive,1.611,1.911,3.14,0.417,-0.744,6,3,0,66.667,33.333,0,2026-09-23T13:45:43Z
cycle_horizon,all,station_1210649_complete,"S. Gens (1210649), dia completo",individual_station_sensitivity,morning,tmin,4,D+4,16,16,limited,2026-07-13,2026-09-19,2026-07-17,2026-09-23,15.6,15.438,17.837,-0.162,-0.707,0.382,inconclusive,0.75,1.002,1.65,0.672,2.238,1.513,2.962,systematic_overforecast,2.35,2.596,3.75,0.437,-1.6,13,3,0,81.25,18.75,0,2026-09-24T13:40:48Z
target_month,2026-07,station_1210649_complete,"S. Gens (1210649), dia completo",individual_station_sensitivity,morning,tmin,4,D+4,2,2,insufficient,2026-07-13,2026-07-27,2026-07-17,2026-07-31,16.75,16.25,18.7,-0.5,-18.289,17.289,inconclusive,1.4,1.487,1.8,,1.95,-15.203,19.103,inconclusive,1.95,2.372,3.03,,-0.55,1,1,0,50,50,0,2026-08-01T10:14:45Z
target_month,2026-08,station_1210649_complete,"S. Gens (1210649), dia completo",individual_station_sensitivity,morning,tmin,4,D+4,4,4,insufficient,2026-08-03,2026-08-26,2026-08-07,2026-08-30,15.85,16.025,18.425,0.175,-1.7,2.05,inconclusive,0.875,1.036,1.37,0.585,2.575,0.443,4.707,systematic_overforecast,2.575,2.824,3.78,0.41,-1.7,3,1,0,75,25,0,2026-08-31T16:15:47Z
target_month,2026-09,station_1210649_complete,"S. Gens (1210649), dia completo",individual_station_sensitivity,morning,tmin,4,D+4,10,10,limited,2026-08-28,2026-09-19,2026-09-01,2026-09-23,15.27,15.04,17.43,-0.23,-0.853,0.393,inconclusive,0.57,0.857,1.29,0.748,2.16,1.148,3.172,systematic_overforecast,2.34,2.543,3.71,0.388,-1.77,9,1,0,90,10,0,2026-09-24T13:40:48Z
cycle_horizon,all,station_1210649_complete,"S. Gens (1210649), dia completo",individual_station_sensitivity,morning,tmin,5,D+5,60,60,more_stable,2026-07-06,2026-09-19,2026-07-11,2026-09-24,16.853,16.297,18.325,-0.557,-0.867,-0.247,systematic_underforecast,1.103,1.314,2.1,0.794,1.472,1.076,1.867,systematic_overforecast,1.782,2.115,3.32,0.657,-0.678,33,23,4,55,38.333,6.667,2026-09-25T13:59:55Z
target_month,2026-07,station_1210649_complete,"S. Gens (1210649), dia completo",individual_station_sensitivity,morning,tmin,5,D+5,21,21,limited,2026-07-06,2026-07-26,2026-07-11,2026-07-31,16.895,16.429,18.595,-0.467,-1.059,0.125,inconclusive,1.171,1.353,2,0.377,1.7,1.063,2.337,systematic_overforecast,1.871,2.181,3.6,0.355,-0.7,13,8,0,61.905,38.095,0,2026-08-01T10:14:45Z
target_month,2026-08,station_1210649_complete,"S. Gens (1210649), dia completo",individual_station_sensitivity,morning,tmin,5,D+5,29,29,limited,2026-07-28,2026-08-26,2026-08-02,2026-08-31,17.355,16.569,18.655,-0.786,-1.211,-0.362,systematic_underforecast,1.145,1.349,2.12,0.839,1.3,0.727,1.873,systematic_overforecast,1.652,1.97,3.22,0.724,-0.507,14,13,2,48.276,44.828,6.897,2026-09-01T13:35:24Z
target_month,2026-09,station_1210649_complete,"S. Gens (1210649), dia completo",individual_station_sensitivity,morning,tmin,5,D+5,10,10,limited,2026-08-28,2026-09-19,2026-09-02,2026-09-24,15.31,15.23,16.8,-0.08,-0.915,0.755,inconclusive,0.84,1.11,1.78,0.854,1.49,0.106,2.874,systematic_overforecast,1.97,2.364,3.62,0.43,-1.13,6,2,2,60,20,20,2026-09-25T13:59:55Z
cycle_horizon,all,station_1210649_complete,"S. Gens (1210649), dia completo",individual_station_sensitivity,morning,tmin,6,D+6,61,61,more_stable,2026-07-05,2026-09-19,2026-07-11,2026-09-25,16.834,16.215,18.303,-0.62,-0.979,-0.26,systematic_underforecast,1.239,1.524,2.4,0.688,1.469,1.009,1.928,systematic_overforecast,1.925,2.307,3.2,0.531,-0.685,40,21,0,65.574,34.426,0,2026-09-26T13:16:04Z
target_month,2026-07,station_1210649_complete,"S. Gens (1210649), dia completo",individual_station_sensitivity,morning,tmin,6,D+6,21,21,limited,2026-07-05,2026-07-25,2026-07-11,2026-07-31,16.895,16.381,18.357,-0.514,-1.037,0.008,inconclusive,1.048,1.232,1.9,0.569,1.462,0.793,2.131,systematic_overforecast,1.71,2.048,3,0.221,-0.662,13,8,0,61.905,38.095,0,2026-08-01T10:14:45Z
target_month,2026-08,station_1210649_complete,"S. Gens (1210649), dia completo",individual_station_sensitivity,morning,tmin,6,D+6,29,29,limited,2026-07-27,2026-08-25,2026-08-02,2026-08-31,17.355,16.324,18.617,-1.031,-1.592,-0.47,systematic_underforecast,1.493,1.779,2.62,0.669,1.262,0.526,1.998,systematic_overforecast,1.924,2.282,3.22,0.55,-0.431,18,11,0,62.069,37.931,0,2026-09-01T13:35:24Z
target_month,2026-09,station_1210649_complete,"S. Gens (1210649), dia completo",individual_station_sensitivity,morning,tmin,6,D+6,11,11,limited,2026-08-26,2026-09-19,2026-09-01,2026-09-25,15.345,15.609,17.373,0.264,-0.616,1.143,inconclusive,0.936,1.276,2.4,0.777,2.027,0.677,3.378,systematic_overforecast,2.336,2.79,4.4,0.486,-1.4,9,2,0,81.818,18.182,0,2026-09-26T13:16:04Z
cycle_horizon,all,station_1210649_complete,"S. Gens (1210649), dia completo",individual_station_sensitivity,morning,tmin,7,D+7,62,62,more_stable,2026-07-04,2026-09-19,2026-07-11,2026-09-26,17.029,16.1,17.76,-0.929,-1.314,-0.544,systematic_underforecast,1.516,1.769,2.88,0.629,0.731,0.286,1.175,systematic_overforecast,1.476,1.885,3.3,0.56,0.04,23,37,2,37.097,59.677,3.226,2026-09-27T14:09:28Z
target_month,2026-07,station_1210649_complete,"S. Gens (1210649), dia completo",individual_station_sensitivity,morning,tmin,7,D+7,21,21,limited,2026-07-04,2026-07-24,2026-07-11,2026-07-31,16.895,16.262,18.01,-0.633,-1.18,-0.086,systematic_underforecast,1.176,1.333,1.8,0.514,1.114,0.377,1.852,systematic_overforecast,1.533,1.934,3.3,0.178,-0.357,9,11,1,42.857,52.381,4.762,2026-08-01T10:14:45Z
target_month,2026-08,station_1210649_complete,"S. Gens (1210649), dia completo",individual_station_sensitivity,morning,tmin,7,D+7,29,29,limited,2026-07-26,2026-08-24,2026-08-02,2026-08-31,17.355,16.207,17.903,-1.148,-1.733,-0.563,systematic_underforecast,1.645,1.898,2.94,0.633,0.548,-0.14,1.237,inconclusive,1.438,1.861,3,0.568,0.207,11,17,1,37.931,58.621,3.448,2026-09-01T13:35:24Z
target_month,2026-09,station_1210649_complete,"S. Gens (1210649), dia completo",individual_station_sensitivity,morning,tmin,7,D+7,12,12,limited,2026-08-25,2026-09-19,2026-09-01,2026-09-26,16.475,15.558,16.975,-0.917,-2.161,0.327,inconclusive,1.8,2.086,3.36,0.683,0.5,-0.685,1.685,inconclusive,1.467,1.854,2.96,0.718,0.333,3,9,0,25,75,0,2026-09-27T14:09:28Z
cycle_horizon,all,station_1210649_complete,"S. Gens (1210649), dia completo",individual_station_sensitivity,morning,tmin,8,D+8,63,63,more_stable,2026-07-03,2026-09-19,2026-07-11,2026-09-27,17.119,16.157,17.06,-0.962,-1.373,-0.551,systematic_underforecast,1.565,1.884,2.98,0.441,-0.059,-0.558,0.44,inconclusive,1.554,1.967,3.2,0.33,0.011,33,29,1,52.381,46.032,1.587,2026-09-28T16:51:47Z
target_month,2026-07,station_1210649_complete,"S. Gens (1210649), dia completo",individual_station_sensitivity,morning,tmin,8,D+8,21,21,limited,2026-07-03,2026-07-23,2026-07-11,2026-07-31,16.895,16.305,17.186,-0.59,-1.159,-0.022,systematic_underforecast,1.143,1.355,2,0.447,0.29,-0.47,1.051,inconclusive,1.29,1.655,2.3,-0.021,-0.148,13,8,0,61.905,38.095,0,2026-08-01T10:14:45Z
target_month,2026-08,station_1210649_complete,"S. Gens (1210649), dia completo",individual_station_sensitivity,morning,tmin,8,D+8,29,29,limited,2026-07-25,2026-08-23,2026-08-02,2026-08-31,17.355,16.276,17.083,-1.079,-1.732,-0.427,systematic_underforecast,1.707,2.002,2.92,0.509,-0.272,-1.035,0.49,inconclusive,1.562,1.989,3.28,0.439,0.145,13,15,1,44.828,51.724,3.448,2026-09-01T13:35:24Z
target_month,2026-09,station_1210649_complete,"S. Gens (1210649), dia completo",individual_station_sensitivity,morning,tmin,8,D+8,13,13,limited,2026-08-24,2026-09-19,2026-09-01,2026-09-27,16.954,15.654,16.808,-1.3,-2.495,-0.105,systematic_underforecast,1.931,2.302,3.72,0.364,-0.146,-1.619,1.327,inconclusive,1.962,2.347,3.54,0.316,-0.031,7,6,0,53.846,46.154,0,2026-09-28T16:51:47Z
cycle_horizon,all,station_1210649_complete,"S. Gens (1210649), dia completo",individual_station_sensitivity,morning,tmin,9,D+9,60,60,more_stable,2026-07-02,2026-09-19,2026-07-11,2026-09-28,17.192,16.255,17.543,-0.937,-1.386,-0.488,systematic_underforecast,1.57,1.962,3,0.398,0.352,-0.261,0.964,inconclusive,1.748,2.378,3.61,0.318,-0.178,28,30,2,46.667,50,3.333,2026-09-29T14:56:00Z
target_month,2026-07,station_1210649_complete,"S. Gens (1210649), dia completo",individual_station_sensitivity,morning,tmin,9,D+9,21,21,limited,2026-07-02,2026-07-22,2026-07-11,2026-07-31,16.895,16.443,17.714,-0.452,-1.052,0.147,inconclusive,1.043,1.362,2.5,0.3,0.819,-0.285,1.924,inconclusive,1.495,2.506,3,-0.032,-0.452,9,10,2,42.857,47.619,9.524,2026-08-01T10:14:45Z
target_month,2026-08,station_1210649_complete,"S. Gens (1210649), dia completo",individual_station_sensitivity,morning,tmin,9,D+9,28,28,limited,2026-07-24,2026-08-22,2026-08-02,2026-08-31,17.464,16.343,17.443,-1.121,-1.794,-0.449,systematic_underforecast,1.75,2.039,3.06,0.452,-0.021,-0.91,0.867,inconclusive,1.929,2.251,3.53,0.459,-0.179,15,13,0,53.571,46.429,0,2026-09-01T13:35:24Z
target_month,2026-09,station_1210649_complete,"S. Gens (1210649), dia completo",individual_station_sensitivity,morning,tmin,9,D+9,11,11,limited,2026-08-23,2026-09-19,2026-09-01,2026-09-28,17.064,15.673,17.473,-1.391,-2.957,0.175,inconclusive,2.118,2.622,4.4,0.418,0.409,-1.287,2.105,inconclusive,1.773,2.442,3.7,0.418,0.345,4,7,0,36.364,63.636,0,2026-09-29T14:56:00Z
cycle_horizon,all,two_complete_station_mean,"Média Pedras Rubras/S. Gens, ambos os dias completos",strict_two_station_sensitivity,afternoon,tmax,0,D+0,66,66,more_stable,2026-07-11,2026-10-08,2026-07-11,2026-10-08,25.136,22.476,23.174,-2.661,-2.968,-2.353,systematic_underforecast,2.729,2.936,4.15,0.92,-1.962,-2.205,-1.719,systematic_underforecast,1.991,2.194,3.25,0.942,0.738,10,53,3,15.152,80.303,4.545,2026-10-08T20:03:21Z
observed_tmax_band,25-29.9,two_complete_station_mean,"Média Pedras Rubras/S. Gens, ambos os dias completos",strict_two_station_sensitivity,afternoon,tmax,0,D+0,25,25,limited,2026-07-15,2026-10-05,2026-07-15,2026-10-05,26.178,22.876,23.74,-3.302,-3.641,-2.963,systematic_underforecast,3.302,3.399,4.23,0.724,-2.438,-2.749,-2.127,systematic_underforecast,2.438,2.547,3.5,0.777,0.864,3,22,0,12,88,0,2026-10-06T15:20:59Z
observed_tmax_band,<25,two_complete_station_mean,"Média Pedras Rubras/S. Gens, ambos os dias completos",strict_two_station_sensitivity,afternoon,tmax,0,D+0,36,36,preliminary,2026-07-11,2026-10-08,2026-07-11,2026-10-08,23.304,21.339,21.742,-1.965,-2.323,-1.608,systematic_underforecast,2.09,2.224,2.875,0.592,-1.562,-1.835,-1.29,systematic_underforecast,1.615,1.753,2.4,0.794,0.475,7,26,3,19.444,72.222,8.333,2026-10-08T20:03:21Z
observed_tmax_band,>=30,two_complete_station_mean,"Média Pedras Rubras/S. Gens, ambos os dias completos",strict_two_station_sensitivity,afternoon,tmax,0,D+0,5,5,insufficient,2026-08-16,2026-09-22,2026-08-16,2026-09-22,33.12,28.66,30.66,-4.46,-5.458,-3.462,systematic_underforecast,4.46,4.518,5.28,0.88,-2.46,-4.843,-0.077,systematic_underforecast,2.46,3,4.43,0.526,2,0,5,0,0,100,0,2026-09-23T13:45:43Z
target_month,2026-07,two_complete_station_mean,"Média Pedras Rubras/S. Gens, ambos os dias completos",strict_two_station_sensitivity,afternoon,tmax,0,D+0,14,14,limited,2026-07-11,2026-07-31,2026-07-11,2026-07-31,24.868,21.693,22.564,-3.175,-3.483,-2.867,systematic_underforecast,3.175,3.216,3.585,0.822,-2.304,-2.581,-2.026,systematic_underforecast,2.304,2.35,2.805,0.864,0.871,0,13,1,0,92.857,7.143,2026-08-01T10:14:45Z
target_month,2026-08,two_complete_station_mean,"Média Pedras Rubras/S. Gens, ambos os dias completos",strict_two_station_sensitivity,afternoon,tmax,0,D+0,23,23,limited,2026-08-02,2026-08-31,2026-08-02,2026-08-31,24.933,22.43,22.843,-2.502,-3.14,-1.865,systematic_underforecast,2.698,2.888,3.96,0.791,-2.089,-2.517,-1.661,systematic_underforecast,2.137,2.303,3.43,0.953,0.561,4,19,0,17.391,82.609,0,2026-09-01T13:35:24Z
target_month,2026-09,two_complete_station_mean,"Média Pedras Rubras/S. Gens, ambos os dias completos",strict_two_station_sensitivity,afternoon,tmax,0,D+0,22,22,limited,2026-09-01,2026-09-30,2026-09-01,2026-09-30,25.905,23.136,24.036,-2.768,-3.304,-2.233,systematic_underforecast,2.768,3.009,4.34,0.973,-1.868,-2.403,-1.333,systematic_underforecast,1.905,2.209,3.62,0.956,0.864,3,17,2,13.636,77.273,9.091,2026-10-01T15:40:49Z
target_month,2026-10,two_complete_station_mean,"Média Pedras Rubras/S. Gens, ambos os dias completos",strict_two_station_sensitivity,afternoon,tmax,0,D+0,7,7,insufficient,2026-10-01,2026-10-08,2026-10-01,2026-10-08,23.929,22.114,22.771,-1.814,-3.009,-0.62,systematic_underforecast,1.814,2.173,3.2,0.947,-1.157,-1.668,-0.646,systematic_underforecast,1.157,1.265,1.84,0.979,0.657,3,4,0,42.857,57.143,0,2026-10-08T20:03:21Z
cycle_horizon,all,two_complete_station_mean,"Média Pedras Rubras/S. Gens, ambos os dias completos",strict_two_station_sensitivity,afternoon,tmax,1,D+1,66,66,more_stable,2026-07-10,2026-10-07,2026-07-11,2026-10-08,25.132,22.361,23.105,-2.771,-3.117,-2.425,systematic_underforecast,2.836,3.103,4.2,0.908,-2.027,-2.289,-1.766,systematic_underforecast,2.047,2.286,3.25,0.94,0.789,11,53,2,16.667,80.303,3.03,2026-10-08T20:02:33Z
observed_tmax_band,25-29.9,two_complete_station_mean,"Média Pedras Rubras/S. Gens, ambos os dias completos",strict_two_station_sensitivity,afternoon,tmax,1,D+1,25,25,limited,2026-07-15,2026-10-04,2026-07-16,2026-10-05,26.248,22.864,23.852,-3.384,-3.681,-3.087,systematic_underforecast,3.384,3.457,4.21,0.845,-2.396,-2.755,-2.037,systematic_underforecast,2.396,2.543,3.63,0.801,0.988,3,22,0,12,88,0,2026-10-06T15:20:59Z
observed_tmax_band,<25,two_complete_station_mean,"Média Pedras Rubras/S. Gens, ambos os dias completos",strict_two_station_sensitivity,afternoon,tmax,1,D+1,36,36,preliminary,2026-07-10,2026-10-07,2026-07-11,2026-10-08,23.264,21.314,21.722,-1.95,-2.293,-1.607,systematic_underforecast,2.069,2.192,2.925,0.618,-1.542,-1.799,-1.284,systematic_underforecast,1.578,1.715,2.425,0.801,0.492,7,27,2,19.444,75,5.556,2026-10-08T20:02:33Z
observed_tmax_band,>=30,two_complete_station_mean,"Média Pedras Rubras/S. Gens, ambos os dias completos",strict_two_station_sensitivity,afternoon,tmax,1,D+1,5,5,insufficient,2026-07-26,2026-09-21,2026-07-27,2026-09-22,33,27.38,29.32,-5.62,-7.14,-4.1,systematic_underforecast,5.62,5.726,6.85,0.691,-3.68,-5.606,-1.754,systematic_underforecast,3.68,3.933,5.37,0.503,1.94,1,4,0,20,80,0,2026-09-23T13:45:43Z
target_month,2026-07,two_complete_station_mean,"Média Pedras Rubras/S. Gens, ambos os dias completos",strict_two_station_sensitivity,afternoon,tmax,1,D+1,16,16,limited,2026-07-10,2026-07-30,2026-07-11,2026-07-31,25.309,22.156,22.981,-3.153,-3.827,-2.479,systematic_underforecast,3.153,3.383,3.75,0.907,-2.328,-2.573,-2.083,systematic_underforecast,2.328,2.37,2.725,0.983,0.825,1,13,2,6.25,81.25,12.5,2026-08-01T10:14:45Z
target_month,2026-08,two_complete_station_mean,"Média Pedras Rubras/S. Gens, ambos os dias completos",strict_two_station_sensitivity,afternoon,tmax,1,D+1,21,21,limited,2026-08-01,2026-08-30,2026-08-02,2026-08-31,24.75,22.171,22.705,-2.579,-3.302,-1.855,systematic_underforecast,2.783,3.009,3.55,0.747,-2.045,-2.579,-1.511,systematic_underforecast,2.107,2.344,3.8,0.886,0.676,3,18,0,14.286,85.714,0,2026-09-01T13:35:24Z
target_month,2026-09,two_complete_station_mean,"Média Pedras Rubras/S. Gens, ambos os dias completos",strict_two_station_sensitivity,afternoon,tmax,1,D+1,22,22,limited,2026-08-31,2026-09-29,2026-09-01,2026-09-30,25.75,22.768,23.668,-2.982,-3.568,-2.396,systematic_underforecast,2.982,3.249,4.79,0.964,-2.082,-2.623,-1.54,systematic_underforecast,2.082,2.4,3.25,0.956,0.9,5,17,0,22.727,77.273,0,2026-10-01T15:40:49Z
target_month,2026-10,two_complete_station_mean,"Média Pedras Rubras/S. Gens, ambos os dias completos",strict_two_station_sensitivity,afternoon,tmax,1,D+1,7,7,insufficient,2026-09-30,2026-10-07,2026-10-01,2026-10-08,23.929,22.114,22.814,-1.814,-2.815,-0.814,systematic_underforecast,1.814,2.072,3.1,0.964,-1.114,-1.895,-0.334,systematic_underforecast,1.114,1.361,2.1,0.952,0.7,2,5,0,28.571,71.429,0,2026-10-08T20:02:33Z
cycle_horizon,all,two_complete_station_mean,"Média Pedras Rubras/S. Gens, ambos os dias completos",strict_two_station_sensitivity,afternoon,tmax,2,D+2,68,68,more_stable,2026-07-09,2026-10-06,2026-07-11,2026-10-08,25.448,22.528,23.378,-2.92,-3.302,-2.537,systematic_underforecast,2.986,3.314,4.45,0.886,-2.07,-2.387,-1.753,systematic_underforecast,2.136,2.443,3.71,0.917,0.85,12,54,2,17.647,79.412,2.941,2026-10-08T20:02:33Z
observed_tmax_band,25-29.9,two_complete_station_mean,"Média Pedras Rubras/S. Gens, ambos os dias completos",strict_two_station_sensitivity,afternoon,tmax,2,D+2,28,28,limited,2026-07-14,2026-10-03,2026-07-16,2026-10-05,26.145,22.775,23.861,-3.37,-3.76,-2.979,systematic_underforecast,3.37,3.512,4.305,0.688,-2.284,-2.641,-1.927,systematic_underforecast,2.284,2.457,3.08,0.829,1.086,4,24,0,14.286,85.714,0,2026-10-06T15:20:59Z
observed_tmax_band,<25,two_complete_station_mean,"Média Pedras Rubras/S. Gens, ambos os dias completos",strict_two_station_sensitivity,afternoon,tmax,2,D+2,33,33,preliminary,2026-07-09,2026-10-06,2026-07-11,2026-10-08,23.23,21.188,21.706,-2.042,-2.458,-1.627,systematic_underforecast,2.179,2.346,3.04,0.536,-1.524,-1.893,-1.156,systematic_underforecast,1.661,1.836,2.49,0.67,0.518,6,25,2,18.182,75.758,6.061,2026-10-08T20:02:33Z
observed_tmax_band,>=30,two_complete_station_mean,"Média Pedras Rubras/S. Gens, ambos os dias completos",strict_two_station_sensitivity,afternoon,tmax,2,D+2,7,7,insufficient,2026-07-25,2026-09-20,2026-07-27,2026-09-22,33.114,27.857,29.329,-5.257,-7.202,-3.312,systematic_underforecast,5.257,5.606,8.13,-0.168,-3.786,-5.691,-1.881,systematic_underforecast,3.786,4.239,5.83,0.025,1.471,2,5,0,28.571,71.429,0,2026-09-23T13:45:43Z
target_month,2026-07,two_complete_station_mean,"Média Pedras Rubras/S. Gens, ambos os dias completos",strict_two_station_sensitivity,afternoon,tmax,2,D+2,17,17,limited,2026-07-09,2026-07-29,2026-07-11,2026-07-31,25.412,22.224,22.965,-3.188,-3.496,-2.881,systematic_underforecast,3.188,3.241,3.78,0.965,-2.447,-2.752,-2.142,systematic_underforecast,2.447,2.514,3.02,0.97,0.741,2,15,0,11.765,88.235,0,2026-08-01T10:14:45Z
target_month,2026-08,two_complete_station_mean,"Média Pedras Rubras/S. Gens, ambos os dias completos",strict_two_station_sensitivity,afternoon,tmax,2,D+2,22,22,limited,2026-07-31,2026-08-29,2026-08-02,2026-08-31,25.234,22.618,23.223,-2.616,-3.4,-1.832,systematic_underforecast,2.82,3.135,3.535,0.85,-2.011,-2.608,-1.414,systematic_underforecast,2.161,2.404,3.925,0.932,0.659,4,18,0,18.182,81.818,0,2026-09-01T13:35:24Z
target_month,2026-09,two_complete_station_mean,"Média Pedras Rubras/S. Gens, ambos os dias completos",strict_two_station_sensitivity,afternoon,tmax,2,D+2,22,22,limited,2026-08-30,2026-09-28,2026-09-01,2026-09-30,26.173,22.732,24.018,-3.441,-4.218,-2.664,systematic_underforecast,3.441,3.844,5.29,0.918,-2.155,-2.869,-1.44,systematic_underforecast,2.155,2.669,3.895,0.915,1.286,2,18,2,9.091,81.818,9.091,2026-10-01T15:40:49Z
target_month,2026-10,two_complete_station_mean,"Média Pedras Rubras/S. Gens, ambos os dias completos",strict_two_station_sensitivity,afternoon,tmax,2,D+2,7,7,insufficient,2026-09-29,2026-10-06,2026-10-01,2026-10-08,23.929,22.343,22.857,-1.586,-2.751,-0.421,systematic_underforecast,1.586,1.969,3.11,0.898,-1.071,-2.055,-0.088,systematic_underforecast,1.243,1.455,2.05,0.935,0.343,4,3,0,57.143,42.857,0,2026-10-08T20:02:33Z
cycle_horizon,all,two_complete_station_mean,"Média Pedras Rubras/S. Gens, ambos os dias completos",strict_two_station_sensitivity,afternoon,tmax,3,D+3,68,68,more_stable,2026-07-08,2026-10-05,2026-07-11,2026-10-08,25.43,22.418,23.659,-3.013,-3.358,-2.667,systematic_underforecast,3.099,3.329,4.28,0.898,-1.771,-2.1,-1.442,systematic_underforecast,1.942,2.227,3.365,0.895,1.157,7,59,2,10.294,86.765,2.941,2026-10-08T20:02:33Z
observed_tmax_band,25-29.9,two_complete_station_mean,"Média Pedras Rubras/S. Gens, ambos os dias completos",strict_two_station_sensitivity,afternoon,tmax,3,D+3,30,30,preliminary,2026-07-12,2026-10-02,2026-07-15,2026-10-05,26.327,22.837,24.337,-3.49,-3.83,-3.15,systematic_underforecast,3.49,3.603,4.26,0.804,-1.99,-2.396,-1.584,systematic_underforecast,1.99,2.259,3.26,0.811,1.5,2,28,0,6.667,93.333,0,2026-10-06T15:20:59Z
observed_tmax_band,<25,two_complete_station_mean,"Média Pedras Rubras/S. Gens, ambos os dias completos",strict_two_station_sensitivity,afternoon,tmax,3,D+3,32,32,preliminary,2026-07-08,2026-10-05,2026-07-11,2026-10-08,23.203,21.053,21.853,-2.15,-2.59,-1.71,systematic_underforecast,2.334,2.462,3.365,0.508,-1.35,-1.848,-0.852,systematic_underforecast,1.713,1.917,2.79,0.454,0.622,5,25,2,15.625,78.125,6.25,2026-10-08T20:02:33Z
observed_tmax_band,>=30,two_complete_station_mean,"Média Pedras Rubras/S. Gens, ambos os dias completos",strict_two_station_sensitivity,afternoon,tmax,3,D+3,6,6,insufficient,2026-07-24,2026-09-18,2026-07-27,2026-09-21,32.825,27.6,29.9,-5.225,-6.393,-4.057,systematic_underforecast,5.225,5.323,6.15,0.493,-2.925,-4.752,-1.098,systematic_underforecast,2.925,3.329,4.65,0.248,2.3,0,6,0,0,100,0,2026-09-22T13:31:58Z
target_month,2026-07,two_complete_station_mean,"Média Pedras Rubras/S. Gens, ambos os dias completos",strict_two_station_sensitivity,afternoon,tmax,3,D+3,17,17,limited,2026-07-08,2026-07-28,2026-07-11,2026-07-31,25.35,21.959,23.159,-3.391,-3.942,-2.841,systematic_underforecast,3.391,3.547,4.14,0.914,-2.191,-2.564,-1.819,systematic_underforecast,2.191,2.301,2.9,0.963,1.2,1,15,1,5.882,88.235,5.882,2026-08-01T10:14:45Z
target_month,2026-08,two_complete_station_mean,"Média Pedras Rubras/S. Gens, ambos os dias completos",strict_two_station_sensitivity,afternoon,tmax,3,D+3,22,22,limited,2026-07-30,2026-08-28,2026-08-02,2026-08-31,25.011,22.205,23.109,-2.807,-3.508,-2.106,systematic_underforecast,3.075,3.204,3.945,0.773,-1.902,-2.582,-1.223,systematic_underforecast,2.18,2.421,3.395,0.769,0.895,4,17,1,18.182,77.273,4.545,2026-09-01T13:35:24Z
target_month,2026-09,two_complete_station_mean,"Média Pedras Rubras/S. Gens, ambos os dias completos",strict_two_station_sensitivity,afternoon,tmax,3,D+3,22,22,limited,2026-08-29,2026-09-27,2026-09-01,2026-09-30,26.389,23.055,24.705,-3.334,-3.97,-2.698,systematic_underforecast,3.334,3.617,5.34,0.942,-1.684,-2.358,-1.01,systematic_underforecast,1.843,2.246,3.835,0.928,1.491,1,21,0,4.545,95.455,0,2026-10-01T15:40:49Z
target_month,2026-10,two_complete_station_mean,"Média Pedras Rubras/S. Gens, ambos os dias completos",strict_two_station_sensitivity,afternoon,tmax,3,D+3,7,7,insufficient,2026-09-28,2026-10-05,2026-10-01,2026-10-08,23.929,22.2,23.314,-1.729,-2.582,-0.875,systematic_underforecast,1.729,1.928,3,0.958,-0.614,-1.425,0.197,inconclusive,0.9,1.018,1.44,0.959,0.829,1,6,0,14.286,85.714,0,2026-10-08T20:02:33Z
cycle_horizon,all,two_complete_station_mean,"Média Pedras Rubras/S. Gens, ambos os dias completos",strict_two_station_sensitivity,afternoon,tmax,4,D+4,73,73,more_stable,2026-07-07,2026-10-04,2026-07-11,2026-10-08,25.66,22.368,23.255,-3.291,-3.706,-2.877,systematic_underforecast,3.354,3.734,5.31,0.855,-2.405,-2.826,-1.984,systematic_underforecast,2.543,2.999,4.38,0.836,0.811,17,55,1,23.288,75.342,1.37,2026-10-08T20:02:33Z
observed_tmax_band,25-29.9,two_complete_station_mean,"Média Pedras Rubras/S. Gens, ambos os dias completos",strict_two_station_sensitivity,afternoon,tmax,4,D+4,31,31,preliminary,2026-07-11,2026-10-01,2026-07-15,2026-10-05,26.353,22.832,23.506,-3.521,-3.973,-3.069,systematic_underforecast,3.563,3.724,4.9,0.675,-2.847,-3.387,-2.307,systematic_underforecast,2.847,3.194,4.7,0.721,0.716,7,24,0,22.581,77.419,0,2026-10-06T15:20:59Z
observed_tmax_band,<25,two_complete_station_mean,"Média Pedras Rubras/S. Gens, ambos os dias completos",strict_two_station_sensitivity,afternoon,tmax,4,D+4,34,34,preliminary,2026-07-07,2026-10-04,2026-07-11,2026-10-08,23.287,20.994,21.741,-2.293,-2.668,-1.917,systematic_underforecast,2.39,2.526,3.155,0.639,-1.546,-2.01,-1.081,systematic_underforecast,1.843,2.027,2.705,0.595,0.547,9,25,0,26.471,73.529,0,2026-10-08T20:02:33Z
observed_tmax_band,>=30,two_complete_station_mean,"Média Pedras Rubras/S. Gens, ambos os dias completos",strict_two_station_sensitivity,afternoon,tmax,4,D+4,8,8,insufficient,2026-07-23,2026-09-18,2026-07-27,2026-09-22,33.056,26.412,28.712,-6.644,-7.984,-5.303,systematic_underforecast,6.644,6.811,8.47,0.773,-4.344,-6.573,-2.114,systematic_underforecast,4.344,5.009,8.11,0.679,2.3,1,6,1,12.5,75,12.5,2026-09-23T13:45:43Z
target_month,2026-07,two_complete_station_mean,"Média Pedras Rubras/S. Gens, ambos os dias completos",strict_two_station_sensitivity,afternoon,tmax,4,D+4,19,19,limited,2026-07-07,2026-07-26,2026-07-11,2026-07-30,25.337,22.021,23.189,-3.316,-3.816,-2.816,systematic_underforecast,3.316,3.466,4.24,0.914,-2.147,-2.603,-1.692,systematic_underforecast,2.147,2.336,3.2,0.922,1.168,3,16,0,15.789,84.211,0,2026-07-31T11:05:10Z
target_month,2026-08,two_complete_station_mean,"Média Pedras Rubras/S. Gens, ambos os dias completos",strict_two_station_sensitivity,afternoon,tmax,4,D+4,25,25,limited,2026-07-29,2026-08-27,2026-08-02,2026-08-31,25.448,22.564,23.324,-2.884,-3.717,-2.051,systematic_underforecast,3.068,3.497,4.48,0.75,-2.124,-2.76,-1.488,systematic_underforecast,2.34,2.606,3.84,0.86,0.728,5,20,0,20,80,0,2026-09-01T13:35:24Z
target_month,2026-09,two_complete_station_mean,"Média Pedras Rubras/S. Gens, ambos os dias completos",strict_two_station_sensitivity,afternoon,tmax,4,D+4,22,22,limited,2026-08-28,2026-09-26,2026-09-01,2026-09-30,26.73,22.673,23.768,-4.057,-4.868,-3.246,systematic_underforecast,4.057,4.433,6.61,0.914,-2.961,-4.005,-1.918,systematic_underforecast,3.057,3.749,5.98,0.832,1,5,16,1,22.727,72.727,4.545,2026-10-01T15:40:49Z
target_month,2026-10,two_complete_station_mean,"Média Pedras Rubras/S. Gens, ambos os dias completos",strict_two_station_sensitivity,afternoon,tmax,4,D+4,7,7,insufficient,2026-09-27,2026-10-04,2026-10-01,2026-10-08,23.929,21.657,21.571,-2.271,-3.759,-0.784,systematic_underforecast,2.271,2.716,4.33,0.836,-2.357,-4.593,-0.122,systematic_underforecast,2.729,3.25,4.88,0.503,-0.457,4,3,0,57.143,42.857,0,2026-10-08T20:02:33Z
cycle_horizon,all,two_complete_station_mean,"Média Pedras Rubras/S. Gens, ambos os dias completos",strict_two_station_sensitivity,afternoon,tmax,5,D+5,30,30,preliminary,2026-08-18,2026-10-03,2026-08-23,2026-10-08,26.105,22.857,25.753,-3.248,-3.898,-2.599,systematic_underforecast,3.248,3.671,5.42,0.913,-0.352,-1.278,0.574,inconclusive,2.052,2.463,4.165,0.805,1.197,9,21,0,30,70,0,2026-10-08T20:02:33Z
observed_tmax_band,25-29.9,two_complete_station_mean,"Média Pedras Rubras/S. Gens, ambos os dias completos",strict_two_station_sensitivity,afternoon,tmax,5,D+5,13,13,limited,2026-08-18,2026-09-30,2026-08-23,2026-10-05,26.792,23.254,26.423,-3.538,-4.279,-2.798,systematic_underforecast,3.538,3.729,5.18,0.781,-0.369,-2.243,1.505,inconclusive,2.608,3.002,4.66,0.52,0.931,5,8,0,38.462,61.538,0,2026-10-06T15:20:59Z
observed_tmax_band,<25,two_complete_station_mean,"Média Pedras Rubras/S. Gens, ambos os dias completos",strict_two_station_sensitivity,afternoon,tmax,5,D+5,12,12,limited,2026-08-27,2026-10-03,2026-09-01,2026-10-08,22.583,20.675,22.7,-1.908,-2.53,-1.287,systematic_underforecast,1.908,2.126,2.645,0.675,0.117,-1.241,1.474,inconclusive,1.708,2.048,3.365,0.172,0.2,4,8,0,33.333,66.667,0,2026-10-08T20:02:33Z
observed_tmax_band,>=30,two_complete_station_mean,"Média Pedras Rubras/S. Gens, ambos os dias completos",strict_two_station_sensitivity,afternoon,tmax,5,D+5,5,5,insufficient,2026-08-31,2026-09-17,2026-09-05,2026-09-22,32.77,27.06,31.34,-5.71,-7.27,-4.15,systematic_underforecast,5.71,5.819,7.09,0.878,-1.43,-2.716,-0.144,systematic_underforecast,1.43,1.704,2.37,0.885,4.28,0,5,0,0,100,0,2026-09-23T13:45:43Z
target_month,2026-08,two_complete_station_mean,"Média Pedras Rubras/S. Gens, ambos os dias completos",strict_two_station_sensitivity,afternoon,tmax,5,D+5,1,1,insufficient,2026-08-18,2026-08-18,2026-08-23,2026-08-23,25.05,21.9,20.3,-3.15,,,inconclusive,3.15,3.15,3.15,,-4.75,,,inconclusive,4.75,4.75,4.75,,-1.6,1,0,0,100,0,0,2026-08-24T09:11:12Z
target_month,2026-09,two_complete_station_mean,"Média Pedras Rubras/S. Gens, ambos os dias completos",strict_two_station_sensitivity,afternoon,tmax,5,D+5,22,22,limited,2026-08-27,2026-09-25,2026-09-01,2026-09-30,26.845,23.241,26.882,-3.605,-4.384,-2.825,systematic_underforecast,3.605,3.993,5.98,0.914,0.036,-0.975,1.048,inconclusive,1.859,2.229,3.805,0.839,1.745,4,18,0,18.182,81.818,0,2026-10-01T15:40:49Z
target_month,2026-10,two_complete_station_mean,"Média Pedras Rubras/S. Gens, ambos os dias completos",strict_two_station_sensitivity,afternoon,tmax,5,D+5,7,7,insufficient,2026-09-26,2026-10-03,2026-10-01,2026-10-08,23.929,21.786,22.986,-2.143,-3.422,-0.863,systematic_underforecast,2.143,2.496,3.57,0.897,-0.943,-3.447,1.561,inconclusive,2.271,2.678,4.21,0.405,-0.129,4,3,0,57.143,42.857,0,2026-10-08T20:02:33Z
cycle_horizon,all,two_complete_station_mean,"Média Pedras Rubras/S. Gens, ambos os dias completos",strict_two_station_sensitivity,afternoon,tmax,6,D+6,29,29,limited,2026-08-18,2026-10-02,2026-08-24,2026-10-08,25.821,22.762,25.803,-3.059,-3.914,-2.203,systematic_underforecast,3.276,3.773,5.87,0.857,-0.017,-1.088,1.054,inconclusive,2.203,2.766,4.63,0.767,1.072,8,21,0,27.586,72.414,0,2026-10-08T20:02:33Z
observed_tmax_band,25-29.9,two_complete_station_mean,"Média Pedras Rubras/S. Gens, ambos os dias completos",strict_two_station_sensitivity,afternoon,tmax,6,D+6,10,10,limited,2026-08-27,2026-09-29,2026-09-02,2026-10-05,26.915,22.92,26.13,-3.995,-5.057,-2.933,systematic_underforecast,3.995,4.236,5.935,0.551,-0.785,-3.184,1.614,inconclusive,2.635,3.277,5.125,0.221,1.36,3,7,0,30,70,0,2026-10-06T15:20:59Z
observed_tmax_band,<25,two_complete_station_mean,"Média Pedras Rubras/S. Gens, ambos os dias completos",strict_two_station_sensitivity,afternoon,tmax,6,D+6,14,14,limited,2026-08-18,2026-10-02,2026-08-24,2026-10-08,22.543,21.107,23.321,-1.436,-2.404,-0.468,systematic_underforecast,1.886,2.161,3.465,0.35,0.779,-0.418,1.975,inconclusive,1.679,2.144,3.555,0.488,0.207,5,9,0,35.714,64.286,0,2026-10-08T20:02:33Z
observed_tmax_band,>=30,two_complete_station_mean,"Média Pedras Rubras/S. Gens, ambos os dias completos",strict_two_station_sensitivity,afternoon,tmax,6,D+6,5,5,insufficient,2026-08-30,2026-09-16,2026-09-05,2026-09-22,32.81,27.08,32.1,-5.73,-6.96,-4.5,systematic_underforecast,5.73,5.798,6.73,0.946,-0.71,-4.997,3.577,inconclusive,2.81,3.169,4.53,-0.282,2.92,0,5,0,0,100,0,2026-09-23T13:45:43Z
target_month,2026-08,two_complete_station_mean,"Média Pedras Rubras/S. Gens, ambos os dias completos",strict_two_station_sensitivity,afternoon,tmax,6,D+6,1,1,insufficient,2026-08-18,2026-08-18,2026-08-24,2026-08-24,20.15,20.8,22.9,0.65,,,inconclusive,0.65,0.65,0.65,,2.75,,,inconclusive,2.75,2.75,2.75,,-2.1,1,0,0,100,0,0,2026-08-25T09:06:02Z
target_month,2026-09,two_complete_station_mean,"Média Pedras Rubras/S. Gens, ambos os dias completos",strict_two_station_sensitivity,afternoon,tmax,6,D+6,21,21,limited,2026-08-27,2026-09-24,2026-09-02,2026-09-30,26.721,23.133,26.881,-3.588,-4.507,-2.669,systematic_underforecast,3.588,4.094,5.95,0.894,0.16,-1.105,1.424,inconclusive,2.183,2.715,4.55,0.784,1.405,4,17,0,19.048,80.952,0,2026-10-01T15:40:49Z
target_month,2026-10,two_complete_station_mean,"Média Pedras Rubras/S. Gens, ambos os dias completos",strict_two_station_sensitivity,afternoon,tmax,6,D+6,7,7,insufficient,2026-09-25,2026-10-02,2026-10-01,2026-10-08,23.929,21.929,22.986,-2,-4.154,0.154,inconclusive,2.714,2.941,3.9,0.527,-0.943,-3.701,1.815,inconclusive,2.186,2.918,4.03,0.307,0.529,3,4,0,42.857,57.143,0,2026-10-08T20:02:33Z
cycle_horizon,all,two_complete_station_mean,"Média Pedras Rubras/S. Gens, ambos os dias completos",strict_two_station_sensitivity,afternoon,tmax,7,D+7,28,28,limited,2026-08-18,2026-10-01,2026-08-25,2026-10-08,25.534,22.368,25.004,-3.166,-4.134,-2.198,systematic_underforecast,3.298,4.004,6.36,0.791,-0.53,-1.808,0.748,inconclusive,2.402,3.28,5.525,0.619,0.896,7,20,1,25,71.429,3.571,2026-10-08T20:02:33Z
observed_tmax_band,25-29.9,two_complete_station_mean,"Média Pedras Rubras/S. Gens, ambos os dias completos",strict_two_station_sensitivity,afternoon,tmax,7,D+7,9,9,insufficient,2026-08-27,2026-09-28,2026-09-03,2026-10-05,26.867,23.322,26.844,-3.544,-4.676,-2.413,systematic_underforecast,3.544,3.807,5.24,0.586,-0.022,-2.184,2.14,inconclusive,2.289,2.652,3.97,0.363,1.256,3,6,0,33.333,66.667,0,2026-10-06T15:20:59Z
observed_tmax_band,<25,two_complete_station_mean,"Média Pedras Rubras/S. Gens, ambos os dias completos",strict_two_station_sensitivity,afternoon,tmax,7,D+7,15,15,limited,2026-08-18,2026-10-01,2026-08-25,2026-10-08,22.737,20.987,23.18,-1.75,-2.61,-0.89,systematic_underforecast,1.997,2.305,3.71,0.381,0.443,-0.916,1.802,inconclusive,1.69,2.412,4.43,0.418,0.307,3,11,1,20,73.333,6.667,2026-10-08T20:02:33Z
observed_tmax_band,>=30,two_complete_station_mean,"Média Pedras Rubras/S. Gens, ambos os dias completos",strict_two_station_sensitivity,afternoon,tmax,7,D+7,4,4,insufficient,2026-08-29,2026-09-15,2026-09-05,2026-09-22,33.025,25.4,27.7,-7.625,-9.929,-5.321,systematic_underforecast,7.625,7.727,9.03,0.847,-5.325,-10.932,0.282,inconclusive,5.325,6.137,7.99,0.843,2.3,1,3,0,25,75,0,2026-09-23T13:45:43Z
target_month,2026-08,two_complete_station_mean,"Média Pedras Rubras/S. Gens, ambos os dias completos",strict_two_station_sensitivity,afternoon,tmax,7,D+7,1,1,insufficient,2026-08-18,2026-08-18,2026-08-25,2026-08-25,23.75,20,21.6,-3.75,,,inconclusive,3.75,3.75,3.75,,-2.15,,,inconclusive,2.15,2.15,2.15,,1.6,0,1,0,0,100,0,2026-08-26T09:08:46Z
target_month,2026-09,two_complete_station_mean,"Média Pedras Rubras/S. Gens, ambos os dias completos",strict_two_station_sensitivity,afternoon,tmax,7,D+7,20,20,limited,2026-08-27,2026-09-23,2026-09-03,2026-09-30,26.185,22.785,25.815,-3.4,-4.558,-2.242,systematic_underforecast,3.4,4.168,6.97,0.839,-0.37,-2.152,1.412,inconclusive,2.78,3.73,5.845,0.551,0.62,6,13,1,30,65,5,2026-10-01T15:40:49Z
target_month,2026-10,two_complete_station_mean,"Média Pedras Rubras/S. Gens, ambos os dias completos",strict_two_station_sensitivity,afternoon,tmax,7,D+7,7,7,insufficient,2026-09-24,2026-10-01,2026-10-01,2026-10-08,23.929,21.514,23.171,-2.414,-4.991,0.162,inconclusive,2.943,3.533,5.38,0.149,-0.757,-2.184,0.669,inconclusive,1.357,1.616,2.4,0.827,1.586,1,6,0,14.286,85.714,0,2026-10-08T20:02:33Z
cycle_horizon,all,two_complete_station_mean,"Média Pedras Rubras/S. Gens, ambos os dias completos",strict_two_station_sensitivity,afternoon,tmax,8,D+8,26,26,limited,2026-08-27,2026-09-30,2026-09-04,2026-10-08,25.065,22.1,23.062,-2.965,-4.152,-1.779,systematic_underforecast,3.119,4.134,7.275,0.589,-2.004,-3.447,-0.56,systematic_underforecast,3.4,4.037,6.275,0.486,-0.281,14,11,1,53.846,42.308,3.846,2026-10-08T20:02:33Z
observed_tmax_band,25-29.9,two_complete_station_mean,"Média Pedras Rubras/S. Gens, ambos os dias completos",strict_two_station_sensitivity,afternoon,tmax,8,D+8,8,8,insufficient,2026-08-27,2026-09-27,2026-09-04,2026-10-05,26.625,21.962,24,-4.662,-6.665,-2.66,systematic_underforecast,4.662,5.173,7.015,-0.148,-2.625,-6.528,1.278,inconclusive,4.787,5.096,6.465,-0.291,-0.125,4,3,1,50,37.5,12.5,2026-10-06T15:20:59Z
observed_tmax_band,<25,two_complete_station_mean,"Média Pedras Rubras/S. Gens, ambos os dias completos",strict_two_station_sensitivity,afternoon,tmax,8,D+8,15,15,limited,2026-08-29,2026-09-30,2026-09-06,2026-10-08,22.697,21.593,21.84,-1.103,-1.922,-0.285,systematic_underforecast,1.37,1.804,2.6,0.452,-0.857,-2.249,0.535,inconclusive,2.123,2.575,3.91,0.167,-0.753,9,6,0,60,40,0,2026-10-08T20:02:33Z
observed_tmax_band,>=30,two_complete_station_mean,"Média Pedras Rubras/S. Gens, ambos os dias completos",strict_two_station_sensitivity,afternoon,tmax,8,D+8,3,3,insufficient,2026-08-28,2026-09-14,2026-09-05,2026-09-22,32.75,25,26.667,-7.75,-9.722,-5.778,systematic_underforecast,7.75,7.777,8.41,0.951,-6.083,-10.198,-1.969,systematic_underforecast,6.083,6.232,7.37,0.957,1.667,1,2,0,33.333,66.667,0,2026-09-23T13:45:43Z
target_month,2026-09,two_complete_station_mean,"Média Pedras Rubras/S. Gens, ambos os dias completos",strict_two_station_sensitivity,afternoon,tmax,8,D+8,19,19,limited,2026-08-27,2026-09-22,2026-09-04,2026-09-30,25.484,22.521,23.926,-2.963,-4.363,-1.564,systematic_underforecast,3.105,4.095,7.41,0.7,-1.558,-3.303,0.187,inconclusive,3.189,3.852,6.21,0.528,-0.084,9,10,0,47.368,52.632,0,2026-10-01T15:40:49Z
target_month,2026-10,two_complete_station_mean,"Média Pedras Rubras/S. Gens, ambos os dias completos",strict_two_station_sensitivity,afternoon,tmax,8,D+8,7,7,insufficient,2026-09-23,2026-09-30,2026-10-01,2026-10-08,23.929,20.957,20.714,-2.971,-5.991,0.048,inconclusive,3.157,4.239,6.64,-0.079,-3.214,-6.359,-0.07,systematic_underforecast,3.971,4.499,6.52,-0.229,-0.814,5,1,1,71.429,14.286,14.286,2026-10-08T20:02:33Z
cycle_horizon,all,two_complete_station_mean,"Média Pedras Rubras/S. Gens, ambos os dias completos",strict_two_station_sensitivity,afternoon,tmax,9,D+9,25,25,limited,2026-08-27,2026-09-29,2026-09-05,2026-10-08,25.17,21.96,23.372,-3.21,-4.476,-1.944,systematic_underforecast,3.326,4.398,7.08,0.529,-1.798,-2.98,-0.616,systematic_underforecast,2.75,3.332,5.19,0.67,0.576,11,13,1,44,52,4,2026-10-08T20:02:33Z
observed_tmax_band,25-29.9,two_complete_station_mean,"Média Pedras Rubras/S. Gens, ambos os dias completos",strict_two_station_sensitivity,afternoon,tmax,9,D+9,8,8,insufficient,2026-09-07,2026-09-26,2026-09-16,2026-10-05,26.594,21.762,24.325,-4.831,-6.681,-2.982,systematic_underforecast,4.831,5.256,6.99,-0.043,-2.269,-5.073,0.535,inconclusive,3.406,3.872,5.305,0.618,1.425,2,6,0,25,75,0,2026-10-06T15:20:59Z
observed_tmax_band,<25,two_complete_station_mean,"Média Pedras Rubras/S. Gens, ambos os dias completos",strict_two_station_sensitivity,afternoon,tmax,9,D+9,14,14,limited,2026-08-28,2026-09-29,2026-09-06,2026-10-08,22.761,21.579,21.9,-1.182,-1.988,-0.376,systematic_underforecast,1.389,1.791,3.145,0.389,-0.861,-2.138,0.417,inconclusive,1.911,2.299,2.685,0.247,-0.521,9,4,1,64.286,28.571,7.143,2026-10-08T20:02:33Z
observed_tmax_band,>=30,two_complete_station_mean,"Média Pedras Rubras/S. Gens, ambos os dias completos",strict_two_station_sensitivity,afternoon,tmax,9,D+9,3,3,insufficient,2026-08-27,2026-09-13,2026-09-05,2026-09-22,32.617,24.267,27.7,-8.35,-13.447,-3.253,systematic_underforecast,8.35,8.516,10.01,0.345,-4.917,-10.755,0.921,inconclusive,4.917,5.278,6.79,0.678,3.433,0,3,0,0,100,0,2026-09-23T13:45:43Z
target_month,2026-09,two_complete_station_mean,"Média Pedras Rubras/S. Gens, ambos os dias completos",strict_two_station_sensitivity,afternoon,tmax,9,D+9,18,18,limited,2026-08-27,2026-09-21,2026-09-05,2026-09-30,25.653,22.428,23.928,-3.225,-4.797,-1.653,systematic_underforecast,3.375,4.455,7.515,0.607,-1.725,-3.147,-0.303,systematic_underforecast,2.642,3.271,5.07,0.702,0.733,8,9,1,44.444,50,5.556,2026-10-01T15:40:49Z
target_month,2026-10,two_complete_station_mean,"Média Pedras Rubras/S. Gens, ambos os dias completos",strict_two_station_sensitivity,afternoon,tmax,9,D+9,7,7,insufficient,2026-09-22,2026-09-29,2026-10-01,2026-10-08,23.929,20.757,21.943,-3.171,-5.994,-0.349,systematic_underforecast,3.2,4.247,6.63,-0.149,-1.986,-4.844,0.872,inconclusive,3.029,3.483,5.13,0.41,0.171,3,4,0,42.857,57.143,0,2026-10-08T20:02:33Z
cycle_horizon,all,two_complete_station_mean,"Média Pedras Rubras/S. Gens, ambos os dias completos",strict_two_station_sensitivity,morning,tmax,0,D+0,23,23,limited,2026-07-13,2026-09-19,2026-07-13,2026-09-19,26.802,23.474,24.574,-3.328,-4.059,-2.597,systematic_underforecast,3.328,3.716,4.81,0.898,-2.228,-2.736,-1.721,systematic_underforecast,2.228,2.506,3.06,0.94,1.1,2,21,0,8.696,91.304,0,2026-09-20T13:07:39Z
observed_tmax_band,25-29.9,two_complete_station_mean,"Média Pedras Rubras/S. Gens, ambos os dias completos",strict_two_station_sensitivity,morning,tmax,0,D+0,12,12,limited,2026-07-16,2026-09-19,2026-07-16,2026-09-19,26.667,23.35,24.442,-3.317,-3.948,-2.686,systematic_underforecast,3.317,3.45,4.225,0.79,-2.225,-2.67,-1.78,systematic_underforecast,2.225,2.324,3.105,0.916,1.092,1,11,0,8.333,91.667,0,2026-09-20T13:07:39Z
observed_tmax_band,<25,two_complete_station_mean,"Média Pedras Rubras/S. Gens, ambos os dias completos",strict_two_station_sensitivity,morning,tmax,0,D+0,7,7,insufficient,2026-07-13,2026-09-08,2026-07-13,2026-09-08,23.693,21.6,21.957,-2.093,-2.756,-1.43,systematic_underforecast,2.093,2.196,2.79,0.542,-1.736,-2.334,-1.137,systematic_underforecast,1.736,1.836,2.39,0.148,0.357,1,6,0,14.286,85.714,0,2026-09-09T13:03:08Z
observed_tmax_band,>=30,two_complete_station_mean,"Média Pedras Rubras/S. Gens, ambos os dias completos",strict_two_station_sensitivity,morning,tmax,0,D+0,4,4,insufficient,2026-07-27,2026-09-12,2026-07-27,2026-09-12,32.65,27.125,29.55,-5.525,-9.52,-1.53,systematic_underforecast,5.525,5.937,7.98,-0.015,-3.1,-6.957,0.757,inconclusive,3.1,3.744,5.45,0.062,2.425,0,4,0,0,100,0,2026-09-13T13:23:19Z
target_month,2026-07,two_complete_station_mean,"Média Pedras Rubras/S. Gens, ambos os dias completos",strict_two_station_sensitivity,morning,tmax,0,D+0,7,7,insufficient,2026-07-13,2026-07-30,2026-07-13,2026-07-30,26.071,22.929,23.743,-3.143,-4.317,-1.968,systematic_underforecast,3.143,3.356,4.5,0.948,-2.329,-2.722,-1.935,systematic_underforecast,2.329,2.362,2.67,0.993,0.814,1,6,0,14.286,85.714,0,2026-07-31T11:05:10Z
target_month,2026-08,two_complete_station_mean,"Média Pedras Rubras/S. Gens, ambos os dias completos",strict_two_station_sensitivity,morning,tmax,0,D+0,8,8,insufficient,2026-08-03,2026-08-29,2026-08-03,2026-08-29,26.519,22.85,23.875,-3.669,-5.614,-1.724,systematic_underforecast,3.669,4.266,5.51,0.921,-2.644,-4.025,-1.262,systematic_underforecast,2.644,3.063,3.815,0.965,1.025,1,7,0,12.5,87.5,0,2026-08-30T13:53:39Z
target_month,2026-09,two_complete_station_mean,"Média Pedras Rubras/S. Gens, ambos os dias completos",strict_two_station_sensitivity,morning,tmax,0,D+0,8,8,insufficient,2026-09-03,2026-09-19,2026-09-03,2026-09-19,27.725,24.575,26,-3.15,-4.325,-1.975,systematic_underforecast,3.15,3.413,4.46,0.916,-1.725,-2.537,-0.913,systematic_underforecast,1.725,1.95,3.18,0.949,1.425,0,8,0,0,100,0,2026-09-20T13:07:39Z
cycle_horizon,all,two_complete_station_mean,"Média Pedras Rubras/S. Gens, ambos os dias completos",strict_two_station_sensitivity,morning,tmax,1,D+1,23,23,limited,2026-07-11,2026-09-19,2026-07-12,2026-09-20,26.728,23.374,24.348,-3.354,-3.966,-2.743,systematic_underforecast,3.354,3.628,4.36,0.927,-2.38,-2.832,-1.928,systematic_underforecast,2.38,2.591,3.42,0.961,0.974,2,21,0,8.696,91.304,0,2026-09-21T15:13:21Z
observed_tmax_band,25-29.9,two_complete_station_mean,"Média Pedras Rubras/S. Gens, ambos os dias completos",strict_two_station_sensitivity,morning,tmax,1,D+1,10,10,limited,2026-07-14,2026-09-03,2026-07-15,2026-09-04,25.92,22.61,23.57,-3.31,-3.842,-2.778,systematic_underforecast,3.31,3.384,4.22,0.669,-2.35,-2.653,-2.047,systematic_underforecast,2.35,2.384,2.81,0.889,0.96,1,9,0,10,90,0,2026-09-05T11:54:14Z
observed_tmax_band,<25,two_complete_station_mean,"Média Pedras Rubras/S. Gens, ambos os dias completos",strict_two_station_sensitivity,morning,tmax,1,D+1,8,8,insufficient,2026-07-11,2026-09-08,2026-07-12,2026-09-09,24.075,21.688,22.387,-2.388,-3.042,-1.733,systematic_underforecast,2.388,2.497,3.32,0.228,-1.687,-2.241,-1.134,systematic_underforecast,1.687,1.798,2.38,0.093,0.7,1,7,0,12.5,87.5,0,2026-09-10T13:00:04Z
observed_tmax_band,>=30,two_complete_station_mean,"Média Pedras Rubras/S. Gens, ambos os dias completos",strict_two_station_sensitivity,morning,tmax,1,D+1,5,5,insufficient,2026-08-16,2026-09-19,2026-08-17,2026-09-20,32.59,27.6,29.04,-4.99,-7.297,-2.683,systematic_underforecast,4.99,5.26,7.07,0.598,-3.55,-5.377,-1.723,systematic_underforecast,3.55,3.786,5.07,0.791,1.44,0,5,0,0,100,0,2026-09-21T15:13:21Z
target_month,2026-07,two_complete_station_mean,"Média Pedras Rubras/S. Gens, ambos os dias completos",strict_two_station_sensitivity,morning,tmax,1,D+1,5,5,insufficient,2026-07-11,2026-07-27,2026-07-12,2026-07-28,25.14,21.58,22.7,-3.56,-4.178,-2.942,systematic_underforecast,3.56,3.588,4.08,0.884,-2.44,-3.178,-1.702,systematic_underforecast,2.44,2.497,2.86,0.814,1.12,0,5,0,0,100,0,2026-07-29T11:00:40Z
target_month,2026-08,two_complete_station_mean,"Média Pedras Rubras/S. Gens, ambos os dias completos",strict_two_station_sensitivity,morning,tmax,1,D+1,10,10,limited,2026-08-02,2026-08-29,2026-08-03,2026-08-30,26.31,22.85,23.93,-3.46,-4.659,-2.261,systematic_underforecast,3.46,3.808,4.555,0.966,-2.38,-3.019,-1.741,systematic_underforecast,2.38,2.526,2.85,0.995,1.08,1,9,0,10,90,0,2026-08-31T16:15:47Z
target_month,2026-09,two_complete_station_mean,"Média Pedras Rubras/S. Gens, ambos os dias completos",strict_two_station_sensitivity,morning,tmax,1,D+1,8,8,insufficient,2026-09-03,2026-09-19,2026-09-04,2026-09-20,28.244,25.15,25.9,-3.094,-4.39,-1.797,systematic_underforecast,3.094,3.417,4.58,0.946,-2.344,-3.584,-1.103,systematic_underforecast,2.344,2.724,4.09,0.94,0.75,1,7,0,12.5,87.5,0,2026-09-21T15:13:21Z
cycle_horizon,all,two_complete_station_mean,"Média Pedras Rubras/S. Gens, ambos os dias completos",strict_two_station_sensitivity,morning,tmax,2,D+2,21,21,limited,2026-07-13,2026-09-19,2026-07-15,2026-09-21,25.936,22.871,23.567,-3.064,-3.588,-2.54,systematic_underforecast,3.064,3.264,4.3,0.947,-2.369,-2.794,-1.944,systematic_underforecast,2.369,2.538,3.35,0.956,0.695,4,17,0,19.048,80.952,0,2026-09-22T13:31:58Z
observed_tmax_band,25-29.9,two_complete_station_mean,"Média Pedras Rubras/S. Gens, ambos os dias completos",strict_two_station_sensitivity,morning,tmax,2,D+2,7,7,insufficient,2026-07-13,2026-09-12,2026-07-15,2026-09-14,26.643,22.8,23.729,-3.843,-4.186,-3.499,systematic_underforecast,3.843,3.858,4.24,0.969,-2.914,-3.537,-2.292,systematic_underforecast,2.914,2.98,3.65,0.918,0.929,0,7,0,0,100,0,2026-09-15T13:43:27Z
observed_tmax_band,<25,two_complete_station_mean,"Média Pedras Rubras/S. Gens, ambos os dias completos",strict_two_station_sensitivity,morning,tmax,2,D+2,11,11,limited,2026-07-16,2026-09-08,2026-07-18,2026-09-10,23.8,21.627,21.955,-2.173,-2.595,-1.751,systematic_underforecast,2.173,2.254,2.85,0.58,-1.845,-2.398,-1.293,systematic_underforecast,1.845,2.005,3.1,0.106,0.327,4,7,0,36.364,63.636,0,2026-09-11T12:55:08Z
observed_tmax_band,>=30,two_complete_station_mean,"Média Pedras Rubras/S. Gens, ambos os dias completos",strict_two_station_sensitivity,morning,tmax,2,D+2,3,3,insufficient,2026-09-03,2026-09-19,2026-09-05,2026-09-21,32.117,27.6,29.1,-4.517,-7.242,-1.792,systematic_underforecast,4.517,4.605,5.15,0.875,-3.017,-5.257,-0.776,systematic_underforecast,3.017,3.105,3.75,0.954,1.5,0,3,0,0,100,0,2026-09-22T13:31:58Z
target_month,2026-07,two_complete_station_mean,"Média Pedras Rubras/S. Gens, ambos os dias completos",strict_two_station_sensitivity,morning,tmax,2,D+2,4,4,insufficient,2026-07-13,2026-07-27,2026-07-15,2026-07-29,24.663,21.75,21.925,-2.913,-4.807,-1.018,systematic_underforecast,2.913,3.09,3.94,-0.446,-2.738,-3.861,-1.614,systematic_underforecast,2.738,2.805,3.205,0.096,0.175,2,2,0,50,50,0,2026-07-30T10:37:22Z
target_month,2026-08,two_complete_station_mean,"Média Pedras Rubras/S. Gens, ambos os dias completos",strict_two_station_sensitivity,morning,tmax,2,D+2,9,9,insufficient,2026-08-03,2026-08-29,2026-08-05,2026-08-31,25.111,22.011,22.811,-3.1,-3.696,-2.504,systematic_underforecast,3.1,3.185,3.84,0.955,-2.3,-3.157,-1.443,systematic_underforecast,2.3,2.529,3.5,0.823,0.8,0,9,0,0,100,0,2026-09-01T13:35:24Z
target_month,2026-09,two_complete_station_mean,"Média Pedras Rubras/S. Gens, ambos os dias completos",strict_two_station_sensitivity,morning,tmax,2,D+2,8,8,insufficient,2026-09-03,2026-09-19,2026-09-05,2026-09-21,27.5,24.4,25.238,-3.1,-4.415,-1.785,systematic_underforecast,3.1,3.431,5.15,0.966,-2.262,-2.992,-1.533,systematic_underforecast,2.262,2.405,3.25,0.987,0.837,2,6,0,25,75,0,2026-09-22T13:31:58Z
cycle_horizon,all,two_complete_station_mean,"Média Pedras Rubras/S. Gens, ambos os dias completos",strict_two_station_sensitivity,morning,tmax,3,D+3,21,21,limited,2026-07-13,2026-09-19,2026-07-16,2026-09-22,25.614,22.819,23.329,-2.795,-3.39,-2.2,systematic_underforecast,2.795,3.073,3.85,0.927,-2.286,-2.973,-1.598,systematic_underforecast,2.286,2.72,3.3,0.895,0.51,6,15,0,28.571,71.429,0,2026-09-23T13:45:43Z
observed_tmax_band,25-29.9,two_complete_station_mean,"Média Pedras Rubras/S. Gens, ambos os dias completos",strict_two_station_sensitivity,morning,tmax,3,D+3,7,7,insufficient,2026-07-13,2026-09-11,2026-07-16,2026-09-14,26.257,23,23.729,-3.257,-3.927,-2.587,systematic_underforecast,3.257,3.325,4.07,0.902,-2.529,-3.306,-1.751,systematic_underforecast,2.529,2.646,3.32,0.812,0.729,1,6,0,14.286,85.714,0,2026-09-15T13:43:27Z
observed_tmax_band,<25,two_complete_station_mean,"Média Pedras Rubras/S. Gens, ambos os dias completos",strict_two_station_sensitivity,morning,tmax,3,D+3,12,12,limited,2026-07-15,2026-09-12,2026-07-18,2026-09-15,23.75,21.617,22.075,-2.133,-2.629,-1.637,systematic_underforecast,2.133,2.26,3.03,0.491,-1.675,-2.239,-1.111,systematic_underforecast,1.675,1.878,2.595,0.587,0.458,4,8,0,33.333,66.667,0,2026-09-16T13:37:33Z
observed_tmax_band,>=30,two_complete_station_mean,"Média Pedras Rubras/S. Gens, ambos os dias completos",strict_two_station_sensitivity,morning,tmax,3,D+3,2,2,insufficient,2026-08-14,2026-09-19,2026-08-17,2026-09-22,34.55,29.4,29.45,-5.15,-28.021,17.721,inconclusive,5.15,5.456,6.59,,-5.1,-36.23,26.03,inconclusive,5.1,5.658,7.06,,0.05,1,1,0,50,50,0,2026-09-23T13:45:43Z
target_month,2026-07,two_complete_station_mean,"Média Pedras Rubras/S. Gens, ambos os dias completos",strict_two_station_sensitivity,morning,tmax,3,D+3,4,4,insufficient,2026-07-13,2026-07-27,2026-07-16,2026-07-30,24.925,21.65,22.625,-3.275,-4.601,-1.949,systematic_underforecast,3.275,3.354,4.055,0.671,-2.3,-4.071,-0.529,systematic_underforecast,2.3,2.494,3.255,0.56,0.975,0,4,0,0,100,0,2026-07-31T11:05:10Z
target_month,2026-08,two_complete_station_mean,"Média Pedras Rubras/S. Gens, ambos os dias completos",strict_two_station_sensitivity,morning,tmax,3,D+3,8,8,insufficient,2026-08-03,2026-08-28,2026-08-06,2026-08-31,25.825,23.113,23.788,-2.713,-3.346,-2.079,systematic_underforecast,2.713,2.803,3.44,0.983,-2.037,-2.879,-1.196,systematic_underforecast,2.037,2.244,2.86,0.968,0.675,1,7,0,12.5,87.5,0,2026-09-01T13:35:24Z
target_month,2026-09,two_complete_station_mean,"Média Pedras Rubras/S. Gens, ambos os dias completos",strict_two_station_sensitivity,morning,tmax,3,D+3,9,9,insufficient,2026-08-29,2026-09-19,2026-09-01,2026-09-22,25.733,23.078,23.233,-2.656,-4.066,-1.245,systematic_underforecast,2.656,3.169,4.47,0.935,-2.5,-4.083,-0.917,systematic_underforecast,2.5,3.165,4.03,0.888,0.156,5,4,0,55.556,44.444,0,2026-09-23T13:45:43Z
cycle_horizon,all,two_complete_station_mean,"Média Pedras Rubras/S. Gens, ambos os dias completos",strict_two_station_sensitivity,morning,tmax,4,D+4,16,16,limited,2026-07-13,2026-09-19,2026-07-17,2026-09-23,24.891,22.05,22.769,-2.841,-3.494,-2.187,systematic_underforecast,2.841,3.079,4.55,0.819,-2.122,-2.523,-1.721,systematic_underforecast,2.122,2.244,2.725,0.941,0.719,7,9,0,43.75,56.25,0,2026-09-24T13:40:48Z
observed_tmax_band,25-29.9,two_complete_station_mean,"Média Pedras Rubras/S. Gens, ambos os dias completos",strict_two_station_sensitivity,morning,tmax,4,D+4,6,6,insufficient,2026-07-27,2026-09-19,2026-07-31,2026-09-23,25.65,21.967,23.75,-3.683,-4.71,-2.656,systematic_underforecast,3.683,3.79,4.6,0.838,-1.9,-2.912,-0.888,systematic_underforecast,1.9,2.094,2.725,0.096,1.783,1,5,0,16.667,83.333,0,2026-09-24T13:40:48Z
observed_tmax_band,<25,two_complete_station_mean,"Média Pedras Rubras/S. Gens, ambos os dias completos",strict_two_station_sensitivity,morning,tmax,4,D+4,9,9,insufficient,2026-07-13,2026-09-11,2026-07-17,2026-09-15,23.622,21.578,21.378,-2.044,-2.541,-1.548,systematic_underforecast,2.044,2.133,2.92,0.418,-2.244,-2.744,-1.745,systematic_underforecast,2.244,2.327,2.78,0.103,-0.2,6,3,0,66.667,33.333,0,2026-09-16T13:37:33Z
observed_tmax_band,>=30,two_complete_station_mean,"Média Pedras Rubras/S. Gens, ambos os dias completos",strict_two_station_sensitivity,morning,tmax,4,D+4,1,1,insufficient,2026-09-08,2026-09-08,2026-09-12,2026-09-12,31.75,26.8,29.4,-4.95,,,inconclusive,4.95,4.95,4.95,,-2.35,,,inconclusive,2.35,2.35,2.35,,2.6,0,1,0,0,100,0,2026-09-13T13:23:19Z
target_month,2026-07,two_complete_station_mean,"Média Pedras Rubras/S. Gens, ambos os dias completos",strict_two_station_sensitivity,morning,tmax,4,D+4,2,2,insufficient,2026-07-13,2026-07-27,2026-07-17,2026-07-31,24.625,21.05,22.2,-3.575,-10.881,3.731,inconclusive,3.575,3.621,4.035,,-2.425,-13.543,8.693,inconclusive,2.425,2.578,3.125,,1.15,1,1,0,50,50,0,2026-08-01T10:14:45Z
target_month,2026-08,two_complete_station_mean,"Média Pedras Rubras/S. Gens, ambos os dias completos",strict_two_station_sensitivity,morning,tmax,4,D+4,4,4,insufficient,2026-08-03,2026-08-26,2026-08-07,2026-08-30,24.5,21.45,22.325,-3.05,-4.354,-1.746,systematic_underforecast,3.05,3.131,3.685,0.834,-2.175,-3.513,-0.837,systematic_underforecast,2.175,2.294,2.735,0.771,0.875,0,4,0,0,100,0,2026-08-31T16:15:47Z
target_month,2026-09,two_complete_station_mean,"Média Pedras Rubras/S. Gens, ambos os dias completos",strict_two_station_sensitivity,morning,tmax,4,D+4,10,10,limited,2026-08-28,2026-09-19,2026-09-01,2026-09-23,25.1,22.49,23.06,-2.61,-3.624,-1.596,systematic_underforecast,2.61,2.936,4.96,0.85,-2.04,-2.551,-1.529,systematic_underforecast,2.04,2.15,2.56,0.965,0.57,6,4,0,60,40,0,2026-09-24T13:40:48Z
cycle_horizon,all,two_complete_station_mean,"Média Pedras Rubras/S. Gens, ambos os dias completos",strict_two_station_sensitivity,morning,tmax,5,D+5,59,59,preliminary,2026-07-06,2026-09-19,2026-07-11,2026-09-24,25.396,22.478,24.839,-2.918,-3.317,-2.518,systematic_underforecast,2.975,3.29,3.93,0.818,-0.557,-1.078,-0.036,systematic_underforecast,1.648,2.058,3.16,0.726,1.327,8,50,1,13.559,84.746,1.695,2026-09-25T13:59:55Z
observed_tmax_band,25-29.9,two_complete_station_mean,"Média Pedras Rubras/S. Gens, ambos os dias completos",strict_two_station_sensitivity,morning,tmax,5,D+5,27,27,limited,2026-07-10,2026-09-11,2026-07-15,2026-09-16,26.048,22.852,25.074,-3.196,-3.629,-2.763,systematic_underforecast,3.267,3.372,3.96,0.739,-0.974,-1.792,-0.156,systematic_underforecast,1.87,2.251,3.52,0.701,1.396,4,23,0,14.815,85.185,0,2026-09-17T13:39:28Z
observed_tmax_band,<25,two_complete_station_mean,"Média Pedras Rubras/S. Gens, ambos os dias completos",strict_two_station_sensitivity,morning,tmax,5,D+5,28,28,limited,2026-07-06,2026-09-19,2026-07-11,2026-09-24,23.668,21.479,23.782,-2.189,-2.516,-1.863,systematic_underforecast,2.243,2.34,2.94,0.664,0.114,-0.58,0.809,inconclusive,1.321,1.762,2.43,0.146,0.921,4,23,1,14.286,82.143,3.571,2026-09-25T13:59:55Z
observed_tmax_band,>=30,two_complete_station_mean,"Média Pedras Rubras/S. Gens, ambos os dias completos",strict_two_station_sensitivity,morning,tmax,5,D+5,4,4,insufficient,2026-07-22,2026-09-08,2026-07-27,2026-09-13,33.087,26.95,30.65,-6.138,-10.95,-1.325,systematic_underforecast,6.138,6.673,9.025,-0.17,-2.438,-3.867,-1.008,systematic_underforecast,2.438,2.559,3.315,0.901,3.7,0,4,0,0,100,0,2026-09-14T15:08:18Z
target_month,2026-07,two_complete_station_mean,"Média Pedras Rubras/S. Gens, ambos os dias completos",strict_two_station_sensitivity,morning,tmax,5,D+5,21,21,limited,2026-07-06,2026-07-26,2026-07-11,2026-07-31,25.269,22.21,24.086,-3.06,-3.473,-2.646,systematic_underforecast,3.06,3.186,4.05,0.904,-1.183,-1.865,-0.502,systematic_underforecast,1.669,1.88,2.5,0.76,1.39,2,19,0,9.524,90.476,0,2026-08-01T10:14:45Z
target_month,2026-08,two_complete_station_mean,"Média Pedras Rubras/S. Gens, ambos os dias completos",strict_two_station_sensitivity,morning,tmax,5,D+5,28,28,limited,2026-07-28,2026-08-26,2026-08-02,2026-08-31,25.386,22.436,24.646,-2.95,-3.741,-2.159,systematic_underforecast,3.071,3.566,4.28,0.707,-0.739,-1.509,0.03,inconclusive,1.621,2.084,3.72,0.764,1.45,4,24,0,14.286,85.714,0,2026-09-01T13:35:24Z
target_month,2026-09,two_complete_station_mean,"Média Pedras Rubras/S. Gens, ambos os dias completos",strict_two_station_sensitivity,morning,tmax,5,D+5,10,10,limited,2026-08-28,2026-09-19,2026-09-02,2026-09-24,25.69,23.16,26.96,-2.53,-3.075,-1.985,systematic_underforecast,2.53,2.631,3.615,0.981,1.27,-0.199,2.739,inconclusive,1.68,2.326,3.395,0.769,0.85,2,7,1,20,70,10,2026-09-25T13:59:55Z
cycle_horizon,all,two_complete_station_mean,"Média Pedras Rubras/S. Gens, ambos os dias completos",strict_two_station_sensitivity,morning,tmax,6,D+6,60,60,more_stable,2026-07-05,2026-09-19,2026-07-11,2026-09-25,25.455,22.51,24.48,-2.945,-3.401,-2.489,systematic_underforecast,2.992,3.426,4.715,0.745,-0.975,-1.604,-0.346,systematic_underforecast,2.02,2.603,4.06,0.631,0.972,16,44,0,26.667,73.333,0,2026-09-26T13:16:04Z
observed_tmax_band,25-29.9,two_complete_station_mean,"Média Pedras Rubras/S. Gens, ambos os dias completos",strict_two_station_sensitivity,morning,tmax,6,D+6,28,28,limited,2026-07-09,2026-09-12,2026-07-15,2026-09-18,26.134,22.943,25.132,-3.191,-3.624,-2.758,systematic_underforecast,3.191,3.374,4.525,0.691,-1.002,-2.057,0.053,inconclusive,2.57,2.854,4.33,0.547,0.621,10,18,0,35.714,64.286,0,2026-09-19T12:36:22Z
observed_tmax_band,<25,two_complete_station_mean,"Média Pedras Rubras/S. Gens, ambos os dias completos",strict_two_station_sensitivity,morning,tmax,6,D+6,28,28,limited,2026-07-05,2026-09-19,2026-07-11,2026-09-25,23.693,21.632,23.179,-2.061,-2.475,-1.646,systematic_underforecast,2.161,2.313,3.18,0.616,-0.514,-1.057,0.028,inconclusive,1.186,1.467,2.225,0.455,0.975,5,23,0,17.857,82.143,0,2026-09-26T13:16:04Z
observed_tmax_band,>=30,two_complete_station_mean,"Média Pedras Rubras/S. Gens, ambos os dias completos",strict_two_station_sensitivity,morning,tmax,6,D+6,4,4,insufficient,2026-07-21,2026-09-06,2026-07-27,2026-09-12,33.038,25.625,29.025,-7.412,-11.088,-3.737,systematic_underforecast,7.412,7.678,9.61,-0.571,-4.013,-10.761,2.736,inconclusive,4.013,5.44,7.825,0.03,3.4,1,3,0,25,75,0,2026-09-13T13:23:19Z
target_month,2026-07,two_complete_station_mean,"Média Pedras Rubras/S. Gens, ambos os dias completos",strict_two_station_sensitivity,morning,tmax,6,D+6,21,21,limited,2026-07-05,2026-07-25,2026-07-11,2026-07-31,25.269,22.238,23.962,-3.031,-3.65,-2.412,systematic_underforecast,3.031,3.309,3.75,0.77,-1.307,-1.964,-0.651,systematic_underforecast,1.712,1.921,2.75,0.825,1.319,4,17,0,19.048,80.952,0,2026-08-01T10:14:45Z
target_month,2026-08,two_complete_station_mean,"Média Pedras Rubras/S. Gens, ambos os dias completos",strict_two_station_sensitivity,morning,tmax,6,D+6,28,28,limited,2026-07-27,2026-08-25,2026-08-02,2026-08-31,25.386,22.404,24.104,-2.982,-3.821,-2.144,systematic_underforecast,3.082,3.661,4.955,0.665,-1.282,-2.438,-0.126,systematic_underforecast,2.421,3.196,5.225,0.453,0.661,9,19,0,32.143,67.857,0,2026-09-01T13:35:24Z
target_month,2026-09,two_complete_station_mean,"Média Pedras Rubras/S. Gens, ambos os dias completos",strict_two_station_sensitivity,morning,tmax,6,D+6,11,11,limited,2026-08-26,2026-09-19,2026-09-01,2026-09-25,25.986,23.3,26.427,-2.686,-3.633,-1.74,systematic_underforecast,2.686,3.003,4.45,0.89,0.441,-0.919,1.8,inconclusive,1.586,1.979,3.75,0.827,1.1,3,8,0,27.273,72.727,0,2026-09-26T13:16:04Z
cycle_horizon,all,two_complete_station_mean,"Média Pedras Rubras/S. Gens, ambos os dias completos",strict_two_station_sensitivity,morning,tmax,7,D+7,61,61,more_stable,2026-07-04,2026-09-19,2026-07-11,2026-09-26,25.676,22.467,24.182,-3.209,-3.759,-2.659,systematic_underforecast,3.247,3.852,6.45,0.618,-1.494,-2.131,-0.858,systematic_underforecast,2.173,2.883,3.9,0.504,1.074,12,47,2,19.672,77.049,3.279,2026-09-27T14:09:28Z
observed_tmax_band,25-29.9,two_complete_station_mean,"Média Pedras Rubras/S. Gens, ambos os dias completos",strict_two_station_sensitivity,morning,tmax,7,D+7,29,29,limited,2026-07-08,2026-09-19,2026-07-15,2026-09-26,26.034,22.662,24.345,-3.372,-3.874,-2.871,systematic_underforecast,3.372,3.612,4.46,0.387,-1.69,-2.317,-1.063,systematic_underforecast,2.059,2.34,3.85,0.434,1.314,3,26,0,10.345,89.655,0,2026-09-27T14:09:28Z
observed_tmax_band,<25,two_complete_station_mean,"Média Pedras Rubras/S. Gens, ambos os dias completos",strict_two_station_sensitivity,morning,tmax,7,D+7,26,26,limited,2026-07-04,2026-09-08,2026-07-11,2026-09-15,23.731,21.765,23.438,-1.965,-2.489,-1.442,systematic_underforecast,2.054,2.341,3.45,0.467,-0.292,-1.026,0.441,inconclusive,1.473,1.804,2.425,0.351,0.581,7,17,2,26.923,65.385,7.692,2026-09-16T13:37:33Z
observed_tmax_band,>=30,two_complete_station_mean,"Média Pedras Rubras/S. Gens, ambos os dias completos",strict_two_station_sensitivity,morning,tmax,7,D+7,6,6,insufficient,2026-07-20,2026-09-06,2026-07-27,2026-09-13,32.375,24.567,26.617,-7.808,-9.819,-5.798,systematic_underforecast,7.808,8.002,10.05,0.212,-5.758,-9.53,-1.987,systematic_underforecast,5.758,6.627,9.5,0.058,2.05,2,4,0,33.333,66.667,0,2026-09-14T15:08:18Z
target_month,2026-07,two_complete_station_mean,"Média Pedras Rubras/S. Gens, ambos os dias completos",strict_two_station_sensitivity,morning,tmax,7,D+7,21,21,limited,2026-07-04,2026-07-24,2026-07-11,2026-07-31,25.269,22.138,23.695,-3.131,-3.892,-2.37,systematic_underforecast,3.131,3.531,3.8,0.615,-1.574,-2.187,-0.96,systematic_underforecast,1.726,2.051,2.9,0.763,1.405,1,20,0,4.762,95.238,0,2026-08-01T10:14:45Z
target_month,2026-08,two_complete_station_mean,"Média Pedras Rubras/S. Gens, ambos os dias completos",strict_two_station_sensitivity,morning,tmax,7,D+7,28,28,limited,2026-07-26,2026-08-24,2026-08-02,2026-08-31,25.386,22.446,24.046,-2.939,-3.828,-2.05,systematic_underforecast,3.021,3.702,4.645,0.604,-1.339,-2.508,-0.17,systematic_underforecast,2.364,3.249,4.32,0.272,0.657,8,19,1,28.571,67.857,3.571,2026-09-01T13:35:24Z
target_month,2026-09,two_complete_station_mean,"Média Pedras Rubras/S. Gens, ambos os dias completos",strict_two_station_sensitivity,morning,tmax,7,D+7,12,12,limited,2026-08-25,2026-09-19,2026-09-01,2026-09-26,27.067,23.092,25.35,-3.975,-5.576,-2.374,systematic_underforecast,3.975,4.65,6.99,0.591,-1.717,-3.51,0.077,inconclusive,2.508,3.202,4.255,0.577,1.467,3,8,1,25,66.667,8.333,2026-09-27T14:09:28Z
cycle_horizon,all,two_complete_station_mean,"Média Pedras Rubras/S. Gens, ambos os dias completos",strict_two_station_sensitivity,morning,tmax,8,D+8,62,62,more_stable,2026-07-03,2026-09-19,2026-07-11,2026-09-27,25.925,22.652,24.244,-3.273,-3.881,-2.665,systematic_underforecast,3.354,4.044,6.735,0.596,-1.681,-2.441,-0.922,systematic_underforecast,2.548,3.411,5.235,0.373,0.806,17,44,1,27.419,70.968,1.613,2026-09-28T16:51:47Z
observed_tmax_band,25-29.9,two_complete_station_mean,"Média Pedras Rubras/S. Gens, ambos os dias completos",strict_two_station_sensitivity,morning,tmax,8,D+8,29,29,limited,2026-07-07,2026-09-11,2026-07-15,2026-09-19,26.26,22.807,24.741,-3.453,-3.835,-3.072,systematic_underforecast,3.453,3.591,4.23,0.7,-1.519,-2.244,-0.794,systematic_underforecast,1.978,2.411,3.48,0.38,1.476,3,25,1,10.345,86.207,3.448,2026-09-20T13:07:39Z
observed_tmax_band,<25,two_complete_station_mean,"Média Pedras Rubras/S. Gens, ambos os dias completos",strict_two_station_sensitivity,morning,tmax,8,D+8,26,26,limited,2026-07-03,2026-09-19,2026-07-11,2026-09-27,23.758,22.058,23.319,-1.7,-2.262,-1.138,systematic_underforecast,1.892,2.18,3.3,0.317,-0.438,-1.472,0.595,inconclusive,1.992,2.548,4.075,-0.026,-0.1,11,15,0,42.308,57.692,0,2026-09-28T16:51:47Z
observed_tmax_band,>=30,two_complete_station_mean,"Média Pedras Rubras/S. Gens, ambos os dias completos",strict_two_station_sensitivity,morning,tmax,8,D+8,7,7,insufficient,2026-07-19,2026-09-12,2026-07-27,2026-09-20,32.586,24.214,25.614,-8.371,-10.296,-6.447,systematic_underforecast,8.371,8.59,10.83,-0.31,-6.971,-9.467,-4.476,systematic_underforecast,6.971,7.406,9.51,0.292,1.4,3,4,0,42.857,57.143,0,2026-09-21T15:13:21Z
target_month,2026-07,two_complete_station_mean,"Média Pedras Rubras/S. Gens, ambos os dias completos",strict_two_station_sensitivity,morning,tmax,8,D+8,21,21,limited,2026-07-03,2026-07-23,2026-07-11,2026-07-31,25.269,22.31,23.91,-2.96,-3.873,-2.046,systematic_underforecast,2.96,3.549,3.8,0.284,-1.36,-2.787,0.068,inconclusive,2.226,3.348,3.8,-0.27,0.733,4,17,0,19.048,80.952,0,2026-08-01T10:14:45Z
target_month,2026-08,two_complete_station_mean,"Média Pedras Rubras/S. Gens, ambos os dias completos",strict_two_station_sensitivity,morning,tmax,8,D+8,28,28,limited,2026-07-25,2026-08-23,2026-08-02,2026-08-31,25.386,22.607,24.264,-2.779,-3.697,-1.861,systematic_underforecast,2.957,3.623,4.245,0.569,-1.121,-2.219,-0.024,systematic_underforecast,2.189,2.996,5.115,0.367,0.768,9,18,1,32.143,64.286,3.571,2026-09-01T13:35:24Z
target_month,2026-09,two_complete_station_mean,"Média Pedras Rubras/S. Gens, ambos os dias completos",strict_two_station_sensitivity,morning,tmax,8,D+8,13,13,limited,2026-08-24,2026-09-19,2026-09-01,2026-09-27,28.146,23.3,24.738,-4.846,-6.375,-3.318,systematic_underforecast,4.846,5.421,7.25,0.695,-3.408,-5,-1.815,systematic_underforecast,3.838,4.245,6.01,0.709,1.008,4,9,0,30.769,69.231,0,2026-09-28T16:51:47Z
cycle_horizon,all,two_complete_station_mean,"Média Pedras Rubras/S. Gens, ambos os dias completos",strict_two_station_sensitivity,morning,tmax,9,D+9,60,60,more_stable,2026-07-02,2026-09-19,2026-07-11,2026-09-28,25.71,22.77,24.383,-2.94,-3.625,-2.255,systematic_underforecast,3.082,3.944,5.95,0.444,-1.327,-2.171,-0.482,systematic_underforecast,2.613,3.503,4.805,0.304,0.468,21,38,1,35,63.333,1.667,2026-09-29T14:56:00Z
observed_tmax_band,25-29.9,two_complete_station_mean,"Média Pedras Rubras/S. Gens, ambos os dias completos",strict_two_station_sensitivity,morning,tmax,9,D+9,27,27,limited,2026-07-06,2026-09-05,2026-07-15,2026-09-14,26.106,22.944,24.493,-3.161,-3.57,-2.752,systematic_underforecast,3.161,3.32,4.44,0.602,-1.613,-2.357,-0.869,systematic_underforecast,2.106,2.451,3.8,0.431,1.056,4,22,1,14.815,81.481,3.704,2026-09-15T13:43:27Z
observed_tmax_band,<25,two_complete_station_mean,"Média Pedras Rubras/S. Gens, ambos os dias completos",strict_two_station_sensitivity,morning,tmax,9,D+9,27,27,limited,2026-07-02,2026-09-19,2026-07-11,2026-09-28,23.681,22.378,23.952,-1.304,-1.862,-0.745,systematic_underforecast,1.619,1.902,2.72,0.44,0.27,-0.755,1.296,inconclusive,2.096,2.559,4.02,0.367,-0.478,15,12,0,55.556,44.444,0,2026-09-29T14:56:00Z
observed_tmax_band,>=30,two_complete_station_mean,"Média Pedras Rubras/S. Gens, ambos os dias completos",strict_two_station_sensitivity,morning,tmax,9,D+9,6,6,insufficient,2026-07-18,2026-09-12,2026-07-27,2026-09-21,33.058,23.75,25.833,-9.308,-11.31,-7.307,systematic_underforecast,9.308,9.47,11.15,-0.024,-7.225,-11.532,-2.918,systematic_underforecast,7.225,8.139,11.3,-0.34,2.083,2,4,0,33.333,66.667,0,2026-09-22T13:31:58Z
target_month,2026-07,two_complete_station_mean,"Média Pedras Rubras/S. Gens, ambos os dias completos",strict_two_station_sensitivity,morning,tmax,9,D+9,21,21,limited,2026-07-02,2026-07-22,2026-07-11,2026-07-31,25.269,22.705,24.81,-2.564,-3.711,-1.417,systematic_underforecast,2.793,3.553,3.55,-0.209,-0.46,-2.01,1.091,inconclusive,2.317,3.356,4,-0.364,0.476,4,17,0,19.048,80.952,0,2026-08-01T10:14:45Z
target_month,2026-08,two_complete_station_mean,"Média Pedras Rubras/S. Gens, ambos os dias completos",strict_two_station_sensitivity,morning,tmax,9,D+9,28,28,limited,2026-07-24,2026-08-22,2026-08-02,2026-08-31,25.386,22.611,23.896,-2.775,-3.682,-1.868,systematic_underforecast,2.907,3.602,4.43,0.588,-1.489,-2.532,-0.447,systematic_underforecast,2.218,3.031,3.44,0.492,0.689,10,18,0,35.714,64.286,0,2026-09-01T13:35:24Z
target_month,2026-09,two_complete_station_mean,"Média Pedras Rubras/S. Gens, ambos os dias completos",strict_two_station_sensitivity,morning,tmax,9,D+9,11,11,limited,2026-08-23,2026-09-19,2026-09-01,2026-09-28,27.377,23.3,24.809,-4.077,-6.426,-1.729,systematic_underforecast,4.077,5.266,8.45,0.554,-2.568,-5.339,0.203,inconclusive,4.186,4.697,6.15,0.443,-0.109,7,3,1,63.636,27.273,9.091,2026-09-29T14:56:00Z
cycle_horizon,all,two_complete_station_mean,"Média Pedras Rubras/S. Gens, ambos os dias completos",strict_two_station_sensitivity,afternoon,tmin,0,D+0,66,66,more_stable,2026-07-11,2026-10-08,2026-07-11,2026-10-08,16.986,15.986,17.702,-0.999,-1.221,-0.778,systematic_underforecast,1.116,1.341,2.025,0.928,0.716,0.459,0.973,systematic_overforecast,1.036,1.261,2.175,0.878,0.08,27,34,5,40.909,51.515,7.576,2026-10-08T20:03:21Z
target_month,2026-07,two_complete_station_mean,"Média Pedras Rubras/S. Gens, ambos os dias completos",strict_two_station_sensitivity,afternoon,tmin,0,D+0,14,14,limited,2026-07-11,2026-07-31,2026-07-11,2026-07-31,17.6,16.35,18.636,-1.25,-1.552,-0.948,systematic_underforecast,1.25,1.348,1.87,0.917,1.036,0.718,1.353,systematic_overforecast,1.036,1.164,1.855,0.9,0.214,4,7,3,28.571,50,21.429,2026-08-01T10:14:45Z
target_month,2026-08,two_complete_station_mean,"Média Pedras Rubras/S. Gens, ambos os dias completos",strict_two_station_sensitivity,afternoon,tmin,0,D+0,23,23,limited,2026-08-02,2026-08-31,2026-08-02,2026-08-31,17.733,16.757,18.409,-0.976,-1.364,-0.589,systematic_underforecast,1.146,1.312,1.92,0.916,0.676,0.324,1.029,systematic_overforecast,0.872,1.045,1.64,0.911,0.274,8,14,1,34.783,60.87,4.348,2026-09-01T13:35:24Z
target_month,2026-09,two_complete_station_mean,"Média Pedras Rubras/S. Gens, ambos os dias completos",strict_two_station_sensitivity,afternoon,tmin,0,D+0,22,22,limited,2026-09-01,2026-09-30,2026-09-01,2026-09-30,16.261,15.318,16.795,-0.943,-1.431,-0.456,systematic_underforecast,1.043,1.43,2.49,0.923,0.534,-0.116,1.184,inconclusive,1.261,1.529,2.4,0.857,-0.218,12,9,1,54.545,40.909,4.545,2026-10-01T15:40:49Z
target_month,2026-10,two_complete_station_mean,"Média Pedras Rubras/S. Gens, ambos os dias completos",strict_two_station_sensitivity,afternoon,tmin,0,D+0,7,7,insufficient,2026-10-01,2026-10-08,2026-10-01,2026-10-08,15.579,14.829,16.357,-0.75,-1.572,0.072,inconclusive,0.979,1.114,1.61,0.944,0.779,-0.074,1.631,inconclusive,0.864,1.155,1.75,0.914,0.114,3,4,0,42.857,57.143,0,2026-10-08T20:03:21Z
cycle_horizon,all,two_complete_station_mean,"Média Pedras Rubras/S. Gens, ambos os dias completos",strict_two_station_sensitivity,afternoon,tmin,1,D+1,66,66,more_stable,2026-07-10,2026-10-07,2026-07-11,2026-10-08,16.922,15.823,17.608,-1.099,-1.356,-0.843,systematic_underforecast,1.227,1.51,2.25,0.884,0.686,0.392,0.979,systematic_overforecast,1.108,1.37,2.55,0.816,0.118,28,37,1,42.424,56.061,1.515,2026-10-08T20:02:33Z
target_month,2026-07,two_complete_station_mean,"Média Pedras Rubras/S. Gens, ambos os dias completos",strict_two_station_sensitivity,afternoon,tmin,1,D+1,16,16,limited,2026-07-10,2026-07-30,2026-07-11,2026-07-31,17.584,16.387,18.45,-1.197,-1.625,-0.768,systematic_underforecast,1.259,1.428,2.025,0.834,0.866,0.406,1.326,systematic_overforecast,0.959,1.203,1.85,0.822,0.3,6,10,0,37.5,62.5,0,2026-08-01T10:14:45Z
target_month,2026-08,two_complete_station_mean,"Média Pedras Rubras/S. Gens, ambos os dias completos",strict_two_station_sensitivity,afternoon,tmin,1,D+1,21,21,limited,2026-08-01,2026-08-30,2026-08-02,2026-08-31,17.719,16.557,18.424,-1.162,-1.631,-0.693,systematic_underforecast,1.319,1.537,2.35,0.882,0.705,0.294,1.116,systematic_overforecast,0.91,1.128,1.3,0.889,0.41,5,15,1,23.81,71.429,4.762,2026-09-01T13:35:24Z
target_month,2026-09,two_complete_station_mean,"Média Pedras Rubras/S. Gens, ambos os dias completos",strict_two_station_sensitivity,afternoon,tmin,1,D+1,22,22,limited,2026-08-31,2026-09-29,2026-09-01,2026-09-30,16.107,15.118,16.677,-0.989,-1.544,-0.433,systematic_underforecast,1.134,1.573,2.955,0.851,0.57,-0.151,1.292,inconclusive,1.461,1.688,2.6,0.704,-0.327,14,8,0,63.636,36.364,0,2026-10-01T15:40:49Z
target_month,2026-10,two_complete_station_mean,"Média Pedras Rubras/S. Gens, ambos os dias completos",strict_two_station_sensitivity,afternoon,tmin,1,D+1,7,7,insufficient,2026-09-30,2026-10-07,2026-10-01,2026-10-08,15.579,14.543,16.157,-1.036,-1.987,-0.084,systematic_underforecast,1.164,1.407,2,0.904,0.579,-0.543,1.7,inconclusive,0.936,1.263,1.83,0.777,0.229,3,4,0,42.857,57.143,0,2026-10-08T20:02:33Z
cycle_horizon,all,two_complete_station_mean,"Média Pedras Rubras/S. Gens, ambos os dias completos",strict_two_station_sensitivity,afternoon,tmin,2,D+2,68,68,more_stable,2026-07-09,2026-10-06,2026-07-11,2026-10-08,17.044,16.046,17.894,-0.999,-1.288,-0.709,systematic_underforecast,1.207,1.55,2.365,0.823,0.85,0.536,1.164,systematic_overforecast,1.254,1.543,2.665,0.781,-0.047,32,31,5,47.059,45.588,7.353,2026-10-08T20:02:33Z
target_month,2026-07,two_complete_station_mean,"Média Pedras Rubras/S. Gens, ambos os dias completos",strict_two_station_sensitivity,afternoon,tmin,2,D+2,17,17,limited,2026-07-09,2026-07-29,2026-07-11,2026-07-31,17.409,16.447,18.547,-0.962,-1.501,-0.423,systematic_underforecast,1.221,1.4,1.95,0.579,1.138,0.62,1.656,systematic_overforecast,1.256,1.501,2.4,0.623,-0.035,9,7,1,52.941,41.176,5.882,2026-08-01T10:14:45Z
target_month,2026-08,two_complete_station_mean,"Média Pedras Rubras/S. Gens, ambos os dias completos",strict_two_station_sensitivity,afternoon,tmin,2,D+2,22,22,limited,2026-07-31,2026-08-29,2026-08-02,2026-08-31,18.05,16.864,19,-1.186,-1.652,-0.72,systematic_underforecast,1.336,1.569,2.13,0.863,0.95,0.595,1.305,systematic_overforecast,0.995,1.231,1.54,0.938,0.341,7,14,1,31.818,63.636,4.545,2026-09-01T13:35:24Z
target_month,2026-09,two_complete_station_mean,"Média Pedras Rubras/S. Gens, ambos os dias completos",strict_two_station_sensitivity,afternoon,tmin,2,D+2,22,22,limited,2026-08-30,2026-09-28,2026-09-01,2026-09-30,16.223,15.341,16.727,-0.882,-1.553,-0.211,systematic_underforecast,1.164,1.722,3.2,0.725,0.505,-0.306,1.315,inconclusive,1.6,1.856,2.69,0.6,-0.436,13,7,2,59.091,31.818,9.091,2026-10-01T15:40:49Z
target_month,2026-10,two_complete_station_mean,"Média Pedras Rubras/S. Gens, ambos os dias completos",strict_two_station_sensitivity,afternoon,tmin,2,D+2,7,7,insufficient,2026-09-29,2026-10-06,2026-10-01,2026-10-08,15.579,14.714,16.5,-0.864,-1.75,0.021,inconclusive,0.907,1.238,2.08,0.876,0.921,-0.181,2.024,inconclusive,0.979,1.438,2.23,0.806,-0.071,3,3,1,42.857,42.857,14.286,2026-10-08T20:02:33Z
cycle_horizon,all,two_complete_station_mean,"Média Pedras Rubras/S. Gens, ambos os dias completos",strict_two_station_sensitivity,afternoon,tmin,3,D+3,68,68,more_stable,2026-07-08,2026-10-05,2026-07-11,2026-10-08,17.144,15.985,17.957,-1.159,-1.458,-0.86,systematic_underforecast,1.34,1.688,3.05,0.828,0.813,0.49,1.136,systematic_overforecast,1.293,1.554,2.365,0.781,0.047,34,32,2,50,47.059,2.941,2026-10-08T20:02:33Z
target_month,2026-07,two_complete_station_mean,"Média Pedras Rubras/S. Gens, ambos os dias completos",strict_two_station_sensitivity,afternoon,tmin,3,D+3,17,17,limited,2026-07-08,2026-07-28,2026-07-11,2026-07-31,17.509,16.365,18.671,-1.144,-1.702,-0.586,systematic_underforecast,1.344,1.554,2.17,0.616,1.162,0.591,1.733,systematic_overforecast,1.268,1.584,2.59,0.619,0.076,9,8,0,52.941,47.059,0,2026-08-01T10:14:45Z
target_month,2026-08,two_complete_station_mean,"Média Pedras Rubras/S. Gens, ambos os dias completos",strict_two_station_sensitivity,afternoon,tmin,3,D+3,22,22,limited,2026-07-30,2026-08-28,2026-08-02,2026-08-31,17.918,16.705,18.918,-1.214,-1.707,-0.721,systematic_underforecast,1.332,1.629,2.94,0.801,1,0.587,1.413,systematic_overforecast,1.164,1.352,2.13,0.887,0.168,11,11,0,50,50,0,2026-09-01T13:35:24Z
target_month,2026-09,two_complete_station_mean,"Média Pedras Rubras/S. Gens, ambos os dias completos",strict_two_station_sensitivity,afternoon,tmin,3,D+3,22,22,limited,2026-08-29,2026-09-27,2026-09-01,2026-09-30,16.586,15.355,16.959,-1.232,-1.918,-0.546,systematic_underforecast,1.436,1.95,3.28,0.836,0.373,-0.429,1.174,inconclusive,1.555,1.805,3.075,0.803,-0.118,10,10,2,45.455,45.455,9.091,2026-10-01T15:40:49Z
target_month,2026-10,two_complete_station_mean,"Média Pedras Rubras/S. Gens, ambos os dias completos",strict_two_station_sensitivity,afternoon,tmin,3,D+3,7,7,insufficient,2026-09-28,2026-10-05,2026-10-01,2026-10-08,15.579,14.786,16.343,-0.793,-1.726,0.141,inconclusive,1.05,1.225,1.96,0.862,0.764,-0.128,1.656,inconclusive,0.936,1.175,1.81,0.866,0.114,4,3,0,57.143,42.857,0,2026-10-08T20:02:33Z
cycle_horizon,all,two_complete_station_mean,"Média Pedras Rubras/S. Gens, ambos os dias completos",strict_two_station_sensitivity,afternoon,tmin,4,D+4,73,73,more_stable,2026-07-07,2026-10-04,2026-07-11,2026-10-08,17.36,16.088,18.029,-1.272,-1.563,-0.981,systematic_underforecast,1.461,1.775,2.7,0.822,0.669,0.303,1.035,systematic_overforecast,1.351,1.696,2.92,0.688,0.11,31,42,0,42.466,57.534,0,2026-10-08T20:02:33Z
target_month,2026-07,two_complete_station_mean,"Média Pedras Rubras/S. Gens, ambos os dias completos",strict_two_station_sensitivity,afternoon,tmin,4,D+4,19,19,limited,2026-07-07,2026-07-26,2026-07-11,2026-07-30,17.516,16.521,18.584,-0.995,-1.586,-0.403,systematic_underforecast,1.342,1.554,2.34,0.371,1.068,0.483,1.653,systematic_overforecast,1.242,1.593,2.72,0.459,0.1,9,10,0,47.368,52.632,0,2026-07-31T11:05:10Z
target_month,2026-08,two_complete_station_mean,"Média Pedras Rubras/S. Gens, ambos os dias completos",strict_two_station_sensitivity,afternoon,tmin,4,D+4,25,25,limited,2026-07-29,2026-08-27,2026-08-02,2026-08-31,18.072,16.688,19.06,-1.384,-1.75,-1.018,systematic_underforecast,1.464,1.635,2.51,0.892,0.988,0.546,1.43,systematic_overforecast,1.112,1.442,2.2,0.833,0.352,9,16,0,36,64,0,2026-09-01T13:35:24Z
target_month,2026-09,two_complete_station_mean,"Média Pedras Rubras/S. Gens, ambos os dias completos",strict_two_station_sensitivity,afternoon,tmin,4,D+4,22,22,limited,2026-08-28,2026-09-26,2026-09-01,2026-09-30,16.982,15.405,17.014,-1.577,-2.298,-0.856,systematic_underforecast,1.745,2.239,3.86,0.844,0.032,-0.886,0.95,inconclusive,1.714,2.023,3.37,0.628,0.032,9,13,0,40.909,59.091,0,2026-10-01T15:40:49Z
target_month,2026-10,two_complete_station_mean,"Média Pedras Rubras/S. Gens, ambos os dias completos",strict_two_station_sensitivity,afternoon,tmin,4,D+4,7,7,insufficient,2026-09-27,2026-10-04,2026-10-01,2026-10-08,15.579,14.914,16.029,-0.664,-1.419,0.09,inconclusive,0.879,1.006,1.37,0.932,0.45,-1.173,2.073,inconclusive,1.364,1.686,2.68,0.604,-0.486,4,3,0,57.143,42.857,0,2026-10-08T20:02:33Z
cycle_horizon,all,two_complete_station_mean,"Média Pedras Rubras/S. Gens, ambos os dias completos",strict_two_station_sensitivity,afternoon,tmin,5,D+5,30,30,preliminary,2026-08-18,2026-10-03,2026-08-23,2026-10-08,16.707,15.317,16.723,-1.39,-1.835,-0.945,systematic_underforecast,1.427,1.818,3.4,0.856,0.017,-0.599,0.632,inconclusive,1.3,1.621,2.425,0.675,0.127,11,18,1,36.667,60,3.333,2026-10-08T20:02:33Z
target_month,2026-08,two_complete_station_mean,"Média Pedras Rubras/S. Gens, ambos os dias completos",strict_two_station_sensitivity,afternoon,tmin,5,D+5,1,1,insufficient,2026-08-18,2026-08-18,2026-08-23,2026-08-23,16.85,15.6,16.3,-1.25,,,inconclusive,1.25,1.25,1.25,,-0.55,,,inconclusive,0.55,0.55,0.55,,0.7,0,1,0,0,100,0,2026-08-24T09:11:12Z
target_month,2026-09,two_complete_station_mean,"Média Pedras Rubras/S. Gens, ambos os dias completos",strict_two_station_sensitivity,afternoon,tmin,5,D+5,22,22,limited,2026-08-27,2026-09-25,2026-09-01,2026-09-30,17.059,15.464,16.868,-1.595,-2.139,-1.052,systematic_underforecast,1.623,1.995,3.4,0.865,-0.191,-0.962,0.581,inconclusive,1.391,1.711,2.4,0.655,0.232,7,14,1,31.818,63.636,4.545,2026-10-01T15:40:49Z
target_month,2026-10,two_complete_station_mean,"Média Pedras Rubras/S. Gens, ambos os dias completos",strict_two_station_sensitivity,afternoon,tmin,5,D+5,7,7,insufficient,2026-09-26,2026-10-03,2026-10-01,2026-10-08,15.579,14.814,16.329,-0.764,-1.689,0.16,inconclusive,0.836,1.2,1.85,0.863,0.75,-0.459,1.959,inconclusive,1.121,1.423,2.17,0.743,-0.286,4,3,0,57.143,42.857,0,2026-10-08T20:02:33Z
cycle_horizon,all,two_complete_station_mean,"Média Pedras Rubras/S. Gens, ambos os dias completos",strict_two_station_sensitivity,afternoon,tmin,6,D+6,29,29,limited,2026-08-18,2026-10-02,2026-08-24,2026-10-08,16.81,15.362,16.934,-1.448,-2.048,-0.848,systematic_underforecast,1.693,2.121,3.58,0.775,0.124,-0.757,1.005,inconclusive,1.879,2.279,3.61,0.398,-0.186,15,12,2,51.724,41.379,6.897,2026-10-08T20:02:33Z
target_month,2026-08,two_complete_station_mean,"Média Pedras Rubras/S. Gens, ambos os dias completos",strict_two_station_sensitivity,afternoon,tmin,6,D+6,1,1,insufficient,2026-08-18,2026-08-18,2026-08-24,2026-08-24,18,14.8,14.4,-3.2,,,inconclusive,3.2,3.2,3.2,,-3.6,,,inconclusive,3.6,3.6,3.6,,-0.4,1,0,0,100,0,0,2026-08-25T09:06:02Z
target_month,2026-09,two_complete_station_mean,"Média Pedras Rubras/S. Gens, ambos os dias completos",strict_two_station_sensitivity,afternoon,tmin,6,D+6,21,21,limited,2026-08-27,2026-09-24,2026-09-02,2026-09-30,17.164,15.538,17.19,-1.626,-2.395,-0.857,systematic_underforecast,1.902,2.316,3.9,0.76,0.026,-1.063,1.115,inconclusive,1.883,2.335,3.65,0.39,0.019,9,10,2,42.857,47.619,9.524,2026-10-01T15:40:49Z
target_month,2026-10,two_complete_station_mean,"Média Pedras Rubras/S. Gens, ambos os dias completos",strict_two_station_sensitivity,afternoon,tmin,6,D+6,7,7,insufficient,2026-09-25,2026-10-02,2026-10-01,2026-10-08,15.579,14.914,16.529,-0.664,-1.465,0.136,inconclusive,0.85,1.041,1.44,0.9,0.95,-0.603,2.503,inconclusive,1.621,1.822,2.4,0.573,-0.771,5,2,0,71.429,28.571,0,2026-10-08T20:02:33Z
cycle_horizon,all,two_complete_station_mean,"Média Pedras Rubras/S. Gens, ambos os dias completos",strict_two_station_sensitivity,afternoon,tmin,7,D+7,28,28,limited,2026-08-18,2026-10-01,2026-08-25,2026-10-08,16.538,15.025,17.011,-1.512,-2.265,-0.76,systematic_underforecast,1.938,2.433,4.265,0.549,0.473,-0.443,1.389,inconclusive,1.93,2.368,3.865,0.36,0.007,14,14,0,50,50,0,2026-10-08T20:02:33Z
target_month,2026-08,two_complete_station_mean,"Média Pedras Rubras/S. Gens, ambos os dias completos",strict_two_station_sensitivity,afternoon,tmin,7,D+7,1,1,insufficient,2026-08-18,2026-08-18,2026-08-25,2026-08-25,18.35,14.1,14.3,-4.25,,,inconclusive,4.25,4.25,4.25,,-4.05,,,inconclusive,4.05,4.05,4.05,,0.2,0,1,0,0,100,0,2026-08-26T09:08:46Z
target_month,2026-09,two_complete_station_mean,"Média Pedras Rubras/S. Gens, ambos os dias completos",strict_two_station_sensitivity,afternoon,tmin,7,D+7,20,20,limited,2026-08-27,2026-09-23,2026-09-03,2026-09-30,16.782,15.24,17.37,-1.542,-2.449,-0.636,systematic_underforecast,1.987,2.437,4.21,0.593,0.588,-0.531,1.706,inconclusive,1.957,2.403,3.855,0.361,0.03,10,10,0,50,50,0,2026-10-01T15:40:49Z
target_month,2026-10,two_complete_station_mean,"Média Pedras Rubras/S. Gens, ambos os dias completos",strict_two_station_sensitivity,afternoon,tmin,7,D+7,7,7,insufficient,2026-09-24,2026-10-01,2026-10-01,2026-10-08,15.579,14.543,16.371,-1.036,-2.781,0.71,inconclusive,1.464,2.031,3.07,0.448,0.793,-0.925,2.511,inconclusive,1.55,1.894,2.6,0.526,-0.086,4,3,0,57.143,42.857,0,2026-10-08T20:02:33Z
cycle_horizon,all,two_complete_station_mean,"Média Pedras Rubras/S. Gens, ambos os dias completos",strict_two_station_sensitivity,afternoon,tmin,8,D+8,26,26,limited,2026-08-27,2026-09-30,2026-09-04,2026-10-08,16.271,14.842,16.085,-1.429,-2.289,-0.569,systematic_underforecast,2.037,2.529,4.3,0.452,-0.187,-1.198,0.825,inconclusive,1.833,2.463,3.5,0.373,0.204,11,14,1,42.308,53.846,3.846,2026-10-08T20:02:33Z
target_month,2026-09,two_complete_station_mean,"Média Pedras Rubras/S. Gens, ambos os dias completos",strict_two_station_sensitivity,afternoon,tmin,8,D+8,19,19,limited,2026-08-27,2026-09-22,2026-09-04,2026-09-30,16.526,15.068,16.705,-1.458,-2.504,-0.412,systematic_underforecast,2.053,2.567,4.18,0.495,0.179,-1.14,1.498,inconclusive,2.037,2.67,3.95,0.218,0.016,9,9,1,47.368,47.368,5.263,2026-10-01T15:40:49Z
target_month,2026-10,two_complete_station_mean,"Média Pedras Rubras/S. Gens, ambos os dias completos",strict_two_station_sensitivity,afternoon,tmin,8,D+8,7,7,insufficient,2026-09-23,2026-09-30,2026-10-01,2026-10-08,15.579,14.229,14.4,-1.35,-3.363,0.663,inconclusive,1.993,2.425,3.8,0.21,-1.179,-2.513,0.156,inconclusive,1.279,1.782,3.11,0.737,0.714,2,5,0,28.571,71.429,0,2026-10-08T20:02:33Z
cycle_horizon,all,two_complete_station_mean,"Média Pedras Rubras/S. Gens, ambos os dias completos",strict_two_station_sensitivity,afternoon,tmin,9,D+9,25,25,limited,2026-08-27,2026-09-29,2026-09-05,2026-10-08,16.002,14.784,16.052,-1.218,-2.08,-0.356,systematic_underforecast,1.914,2.381,4.1,0.244,0.05,-1.006,1.106,inconclusive,2.13,2.506,3.97,0.331,-0.216,14,10,1,56,40,4,2026-10-08T20:02:33Z
target_month,2026-09,two_complete_station_mean,"Média Pedras Rubras/S. Gens, ambos os dias completos",strict_two_station_sensitivity,afternoon,tmin,9,D+9,18,18,limited,2026-08-27,2026-09-21,2026-09-05,2026-09-30,16.167,15.05,16.539,-1.117,-2.134,-0.099,systematic_underforecast,1.794,2.281,4.03,0.315,0.372,-0.72,1.465,inconclusive,1.872,2.167,3.305,0.506,-0.078,8,9,1,44.444,50,5.556,2026-10-01T15:40:49Z
target_month,2026-10,two_complete_station_mean,"Média Pedras Rubras/S. Gens, ambos os dias completos",strict_two_station_sensitivity,afternoon,tmin,9,D+9,7,7,insufficient,2026-09-22,2026-09-29,2026-10-01,2026-10-08,15.579,14.1,14.8,-1.479,-3.638,0.681,inconclusive,2.221,2.619,4.2,-0.117,-0.779,-3.897,2.339,inconclusive,2.793,3.217,4.96,-0.351,-0.571,6,1,0,85.714,14.286,0,2026-10-08T20:02:33Z
cycle_horizon,all,two_complete_station_mean,"Média Pedras Rubras/S. Gens, ambos os dias completos",strict_two_station_sensitivity,morning,tmin,0,D+0,23,23,limited,2026-07-13,2026-09-19,2026-07-13,2026-09-19,17.92,16.865,18.535,-1.054,-1.477,-0.631,systematic_underforecast,1.12,1.424,2.3,0.897,0.615,0.106,1.124,systematic_overforecast,1.067,1.306,2.41,0.775,0.052,13,10,0,56.522,43.478,0,2026-09-20T13:07:39Z
target_month,2026-07,two_complete_station_mean,"Média Pedras Rubras/S. Gens, ambos os dias completos",strict_two_station_sensitivity,morning,tmin,0,D+0,7,7,insufficient,2026-07-13,2026-07-30,2026-07-13,2026-07-30,17.279,16.729,18.6,-0.55,-1.255,0.155,inconclusive,0.736,0.895,1.49,0.837,1.321,0.416,2.227,systematic_overforecast,1.336,1.603,2.43,0.729,-0.6,5,2,0,71.429,28.571,0,2026-07-31T11:05:10Z
target_month,2026-08,two_complete_station_mean,"Média Pedras Rubras/S. Gens, ambos os dias completos",strict_two_station_sensitivity,morning,tmin,0,D+0,8,8,insufficient,2026-08-03,2026-08-29,2026-08-03,2026-08-29,18.531,17.2,18.938,-1.331,-2.226,-0.437,systematic_underforecast,1.331,1.665,2.79,0.918,0.406,-0.225,1.037,inconclusive,0.756,0.815,1.055,0.945,0.575,3,5,0,37.5,62.5,0,2026-08-30T13:53:39Z
target_month,2026-09,two_complete_station_mean,"Média Pedras Rubras/S. Gens, ambos os dias completos",strict_two_station_sensitivity,morning,tmin,0,D+0,8,8,insufficient,2026-09-03,2026-09-19,2026-09-03,2026-09-19,17.869,16.65,18.075,-1.219,-2.051,-0.386,systematic_underforecast,1.244,1.534,2.3,0.925,0.206,-1.041,1.454,inconclusive,1.144,1.411,2.5,0.674,0.1,5,3,0,62.5,37.5,0,2026-09-20T13:07:39Z
cycle_horizon,all,two_complete_station_mean,"Média Pedras Rubras/S. Gens, ambos os dias completos",strict_two_station_sensitivity,morning,tmin,1,D+1,23,23,limited,2026-07-11,2026-09-19,2026-07-12,2026-09-20,18.172,16.9,18.7,-1.272,-1.797,-0.747,systematic_underforecast,1.38,1.74,3.01,0.802,0.528,-0.047,1.103,inconclusive,1.193,1.404,1.98,0.701,0.187,10,11,2,43.478,47.826,8.696,2026-09-21T15:13:21Z
target_month,2026-07,two_complete_station_mean,"Média Pedras Rubras/S. Gens, ambos os dias completos",strict_two_station_sensitivity,morning,tmin,1,D+1,5,5,insufficient,2026-07-11,2026-07-27,2026-07-12,2026-07-28,17.2,16.52,18.56,-0.68,-1.655,0.295,inconclusive,0.9,0.978,1.37,0.676,1.36,0.66,2.06,systematic_overforecast,1.36,1.451,1.84,0.839,-0.46,4,0,1,80,0,20,2026-07-29T11:00:40Z
target_month,2026-08,two_complete_station_mean,"Média Pedras Rubras/S. Gens, ambos os dias completos",strict_two_station_sensitivity,morning,tmin,1,D+1,10,10,limited,2026-08-02,2026-08-29,2026-08-03,2026-08-30,18.38,17.08,19.17,-1.3,-2.01,-0.59,systematic_underforecast,1.32,1.605,2.87,0.878,0.79,0.151,1.429,systematic_overforecast,0.9,1.158,1.665,0.867,0.42,2,8,0,20,80,0,2026-08-31T16:15:47Z
target_month,2026-09,two_complete_station_mean,"Média Pedras Rubras/S. Gens, ambos os dias completos",strict_two_station_sensitivity,morning,tmin,1,D+1,8,8,insufficient,2026-09-03,2026-09-19,2026-09-04,2026-09-20,18.519,16.913,18.2,-1.606,-2.963,-0.249,systematic_underforecast,1.756,2.21,3.66,0.849,-0.319,-1.752,1.114,inconclusive,1.456,1.635,2.3,0.724,0.3,4,3,1,50,37.5,12.5,2026-09-21T15:13:21Z
cycle_horizon,all,two_complete_station_mean,"Média Pedras Rubras/S. Gens, ambos os dias completos",strict_two_station_sensitivity,morning,tmin,2,D+2,21,21,limited,2026-07-13,2026-09-19,2026-07-15,2026-09-21,17.75,16.257,18.086,-1.493,-1.95,-1.036,systematic_underforecast,1.507,1.786,3.2,0.93,0.336,-0.482,1.153,inconclusive,1.436,1.784,2.6,0.536,0.071,9,12,0,42.857,57.143,0,2026-09-22T13:31:58Z
target_month,2026-07,two_complete_station_mean,"Média Pedras Rubras/S. Gens, ambos os dias completos",strict_two_station_sensitivity,morning,tmin,2,D+2,4,4,insufficient,2026-07-13,2026-07-27,2026-07-15,2026-07-29,17.85,16.25,18.15,-1.6,-2.055,-1.145,systematic_underforecast,1.6,1.619,1.88,0.975,0.3,-0.893,1.493,inconclusive,0.575,0.715,1.045,0.829,1.025,0,4,0,0,100,0,2026-07-30T10:37:22Z
target_month,2026-08,two_complete_station_mean,"Média Pedras Rubras/S. Gens, ambos os dias completos",strict_two_station_sensitivity,morning,tmin,2,D+2,9,9,insufficient,2026-08-03,2026-08-29,2026-08-05,2026-08-31,17.272,16.167,18.367,-1.106,-1.783,-0.428,systematic_underforecast,1.139,1.383,1.99,0.829,1.094,0.281,1.908,systematic_overforecast,1.306,1.481,2.04,0.715,-0.167,5,4,0,55.556,44.444,0,2026-09-01T13:35:24Z
target_month,2026-09,two_complete_station_mean,"Média Pedras Rubras/S. Gens, ambos os dias completos",strict_two_station_sensitivity,morning,tmin,2,D+2,8,8,insufficient,2026-09-03,2026-09-19,2026-09-05,2026-09-21,18.238,16.363,17.738,-1.875,-2.93,-0.82,systematic_underforecast,1.875,2.216,3.245,0.984,-0.5,-2.574,1.574,inconclusive,2.013,2.374,3.535,0.736,-0.138,4,4,0,50,50,0,2026-09-22T13:31:58Z
cycle_horizon,all,two_complete_station_mean,"Média Pedras Rubras/S. Gens, ambos os dias completos",strict_two_station_sensitivity,morning,tmin,3,D+3,21,21,limited,2026-07-13,2026-09-19,2026-07-16,2026-09-22,16.929,16.229,18.138,-0.7,-1.147,-0.253,systematic_underforecast,1.029,1.187,1.7,0.863,1.21,0.634,1.785,systematic_overforecast,1.495,1.728,2.65,0.765,-0.467,12,8,1,57.143,38.095,4.762,2026-09-23T13:45:43Z
target_month,2026-07,two_complete_station_mean,"Média Pedras Rubras/S. Gens, ambos os dias completos",strict_two_station_sensitivity,morning,tmin,3,D+3,4,4,insufficient,2026-07-13,2026-07-27,2026-07-16,2026-07-30,17.425,16.275,18.775,-1.15,-2.719,0.419,inconclusive,1.3,1.432,1.795,-0.235,1.35,-0.121,2.821,inconclusive,1.35,1.57,2.155,0.461,-0.05,2,2,0,50,50,0,2026-07-31T11:05:10Z
target_month,2026-08,two_complete_station_mean,"Média Pedras Rubras/S. Gens, ambos os dias completos",strict_two_station_sensitivity,morning,tmin,3,D+3,8,8,insufficient,2026-08-03,2026-08-28,2026-08-06,2026-08-31,17.219,16.65,18.85,-0.569,-1.449,0.312,inconclusive,0.956,1.138,1.605,0.926,1.631,0.72,2.542,systematic_overforecast,1.631,1.924,2.83,0.908,-0.675,5,2,1,62.5,25,12.5,2026-09-01T13:35:24Z
target_month,2026-09,two_complete_station_mean,"Média Pedras Rubras/S. Gens, ambos os dias completos",strict_two_station_sensitivity,morning,tmin,3,D+3,9,9,insufficient,2026-08-29,2026-09-19,2026-09-01,2026-09-22,16.45,15.833,17.222,-0.617,-1.366,0.132,inconclusive,0.972,1.106,1.66,0.879,0.772,-0.377,1.922,inconclusive,1.439,1.608,2.54,0.463,-0.467,5,4,0,55.556,44.444,0,2026-09-23T13:45:43Z
cycle_horizon,all,two_complete_station_mean,"Média Pedras Rubras/S. Gens, ambos os dias completos",strict_two_station_sensitivity,morning,tmin,4,D+4,16,16,limited,2026-07-13,2026-09-19,2026-07-17,2026-09-23,16.012,15.438,17.837,-0.575,-1.083,-0.067,systematic_underforecast,0.819,1.088,1.85,0.753,1.825,1.135,2.515,systematic_overforecast,1.969,2.214,3.25,0.534,-1.15,12,4,0,75,25,0,2026-09-24T13:40:48Z
target_month,2026-07,two_complete_station_mean,"Média Pedras Rubras/S. Gens, ambos os dias completos",strict_two_station_sensitivity,morning,tmin,4,D+4,2,2,insufficient,2026-07-13,2026-07-27,2026-07-17,2026-07-31,17.275,16.25,18.7,-1.025,-12.778,10.728,inconclusive,1.025,1.381,1.765,,1.425,-9.693,12.543,inconclusive,1.425,1.672,2.125,,-0.4,1,1,0,50,50,0,2026-08-01T10:14:45Z
target_month,2026-08,two_complete_station_mean,"Média Pedras Rubras/S. Gens, ambos os dias completos",strict_two_station_sensitivity,morning,tmin,4,D+4,4,4,insufficient,2026-08-03,2026-08-26,2026-08-07,2026-08-30,16.488,16.025,18.425,-0.463,-2.09,1.165,inconclusive,0.813,0.999,1.465,0.691,1.938,-0.026,3.901,inconclusive,1.938,2.213,3.04,0.504,-1.125,3,1,0,75,25,0,2026-08-31T16:15:47Z
target_month,2026-09,two_complete_station_mean,"Média Pedras Rubras/S. Gens, ambos os dias completos",strict_two_station_sensitivity,morning,tmin,4,D+4,10,10,limited,2026-08-28,2026-09-19,2026-09-01,2026-09-23,15.57,15.04,17.43,-0.53,-1.217,0.157,inconclusive,0.78,1.055,1.81,0.748,1.86,0.831,2.889,systematic_overforecast,2.09,2.307,3.41,0.438,-1.31,8,2,0,80,20,0,2026-09-24T13:40:48Z
cycle_horizon,all,two_complete_station_mean,"Média Pedras Rubras/S. Gens, ambos os dias completos",strict_two_station_sensitivity,morning,tmin,5,D+5,59,59,preliminary,2026-07-06,2026-09-19,2026-07-11,2026-09-24,17.427,16.324,18.342,-1.103,-1.402,-0.805,systematic_underforecast,1.366,1.583,2.42,0.81,0.915,0.525,1.305,systematic_overforecast,1.403,1.744,2.9,0.667,-0.037,25,32,2,42.373,54.237,3.39,2026-09-25T13:59:55Z
target_month,2026-07,two_complete_station_mean,"Média Pedras Rubras/S. Gens, ambos os dias completos",strict_two_station_sensitivity,morning,tmin,5,D+5,21,21,limited,2026-07-06,2026-07-26,2026-07-11,2026-07-31,17.493,16.429,18.595,-1.064,-1.601,-0.527,systematic_underforecast,1.421,1.568,2.4,0.413,1.102,0.531,1.674,systematic_overforecast,1.374,1.648,2.7,0.42,0.048,10,11,0,47.619,52.381,0,2026-08-01T10:14:45Z
target_month,2026-08,two_complete_station_mean,"Média Pedras Rubras/S. Gens, ambos os dias completos",strict_two_station_sensitivity,morning,tmin,5,D+5,28,28,limited,2026-07-28,2026-08-26,2026-08-02,2026-08-31,17.973,16.636,18.704,-1.338,-1.741,-0.934,systematic_underforecast,1.488,1.684,2.39,0.834,0.73,0.16,1.301,systematic_overforecast,1.273,1.619,2.815,0.728,0.214,9,19,0,32.143,67.857,0,2026-09-01T13:35:24Z
target_month,2026-09,two_complete_station_mean,"Média Pedras Rubras/S. Gens, ambos os dias completos",strict_two_station_sensitivity,morning,tmin,5,D+5,10,10,limited,2026-08-28,2026-09-19,2026-09-02,2026-09-24,15.76,15.23,16.8,-0.53,-1.422,0.362,inconclusive,0.91,1.296,1.34,0.881,1.04,-0.432,2.512,inconclusive,1.83,2.212,3.175,0.474,-0.92,6,2,2,60,20,20,2026-09-25T13:59:55Z
cycle_horizon,all,two_complete_station_mean,"Média Pedras Rubras/S. Gens, ambos os dias completos",strict_two_station_sensitivity,morning,tmin,6,D+6,60,60,more_stable,2026-07-05,2026-09-19,2026-07-11,2026-09-25,17.422,16.233,18.325,-1.189,-1.536,-0.843,systematic_underforecast,1.493,1.784,2.57,0.692,0.903,0.451,1.354,systematic_overforecast,1.608,1.956,2.835,0.535,-0.115,30,30,0,50,50,0,2026-09-26T13:16:04Z
target_month,2026-07,two_complete_station_mean,"Média Pedras Rubras/S. Gens, ambos os dias completos",strict_two_station_sensitivity,morning,tmin,6,D+6,21,21,limited,2026-07-05,2026-07-25,2026-07-11,2026-07-31,17.493,16.381,18.357,-1.112,-1.589,-0.635,systematic_underforecast,1.364,1.511,2.4,0.567,0.864,0.245,1.484,systematic_overforecast,1.35,1.585,2.3,0.246,0.014,11,10,0,52.381,47.619,0,2026-08-01T10:14:45Z
target_month,2026-08,two_complete_station_mean,"Média Pedras Rubras/S. Gens, ambos os dias completos",strict_two_station_sensitivity,morning,tmin,6,D+6,28,28,limited,2026-07-27,2026-08-25,2026-08-02,2026-08-31,17.973,16.368,18.675,-1.605,-2.151,-1.06,systematic_underforecast,1.788,2.118,3.245,0.658,0.702,-0.05,1.454,inconclusive,1.705,2.03,3.285,0.527,0.082,11,17,0,39.286,60.714,0,2026-09-01T13:35:24Z
target_month,2026-09,two_complete_station_mean,"Média Pedras Rubras/S. Gens, ambos os dias completos",strict_two_station_sensitivity,morning,tmin,6,D+6,11,11,limited,2026-08-26,2026-09-19,2026-09-01,2026-09-25,15.886,15.609,17.373,-0.277,-1.14,0.586,inconclusive,0.986,1.256,1.85,0.789,1.486,0.194,2.779,systematic_overforecast,1.85,2.361,3.75,0.532,-0.864,8,3,0,72.727,27.273,0,2026-09-26T13:16:04Z
cycle_horizon,all,two_complete_station_mean,"Média Pedras Rubras/S. Gens, ambos os dias completos",strict_two_station_sensitivity,morning,tmin,7,D+7,61,61,more_stable,2026-07-04,2026-09-19,2026-07-11,2026-09-26,17.619,16.12,17.789,-1.499,-1.886,-1.112,systematic_underforecast,1.791,2.12,3.15,0.609,0.17,-0.278,0.618,inconclusive,1.325,1.743,3,0.549,0.466,17,44,0,27.869,72.131,0,2026-09-27T14:09:28Z
target_month,2026-07,two_complete_station_mean,"Média Pedras Rubras/S. Gens, ambos os dias completos",strict_two_station_sensitivity,morning,tmin,7,D+7,21,21,limited,2026-07-04,2026-07-24,2026-07-11,2026-07-31,17.493,16.262,18.01,-1.231,-1.735,-0.727,systematic_underforecast,1.455,1.639,2.3,0.494,0.517,-0.177,1.21,inconclusive,1.279,1.574,2.45,0.196,0.176,8,13,0,38.095,61.905,0,2026-08-01T10:14:45Z
target_month,2026-08,two_complete_station_mean,"Média Pedras Rubras/S. Gens, ambos os dias completos",strict_two_station_sensitivity,morning,tmin,7,D+7,28,28,limited,2026-07-26,2026-08-24,2026-08-02,2026-08-31,17.973,16.254,17.971,-1.72,-2.298,-1.141,systematic_underforecast,1.963,2.259,3.225,0.602,-0.002,-0.717,0.714,inconclusive,1.309,1.812,2.935,0.518,0.654,6,22,0,21.429,78.571,0,2026-09-01T13:35:24Z
target_month,2026-09,two_complete_station_mean,"Média Pedras Rubras/S. Gens, ambos os dias completos",strict_two_station_sensitivity,morning,tmin,7,D+7,12,12,limited,2026-08-25,2026-09-19,2026-09-01,2026-09-26,17.012,15.558,16.975,-1.454,-2.803,-0.105,systematic_underforecast,1.979,2.499,4.32,0.659,-0.038,-1.27,1.195,inconclusive,1.446,1.858,2.99,0.721,0.533,3,9,0,25,75,0,2026-09-27T14:09:28Z
cycle_horizon,all,two_complete_station_mean,"Média Pedras Rubras/S. Gens, ambos os dias completos",strict_two_station_sensitivity,morning,tmin,8,D+8,62,62,more_stable,2026-07-03,2026-09-19,2026-07-11,2026-09-27,17.74,16.195,17.097,-1.545,-1.968,-1.123,systematic_underforecast,1.894,2.261,3.68,0.374,-0.644,-1.149,-0.138,systematic_underforecast,1.653,2.077,3.595,0.3,0.24,26,36,0,41.935,58.065,0,2026-09-28T16:51:47Z
target_month,2026-07,two_complete_station_mean,"Média Pedras Rubras/S. Gens, ambos os dias completos",strict_two_station_sensitivity,morning,tmin,8,D+8,21,21,limited,2026-07-03,2026-07-23,2026-07-11,2026-07-31,17.493,16.305,17.186,-1.188,-1.708,-0.668,systematic_underforecast,1.45,1.629,2.05,0.448,-0.307,-1.02,0.406,inconclusive,1.183,1.559,2.6,-0.006,0.267,8,13,0,38.095,61.905,0,2026-08-01T10:14:45Z
target_month,2026-08,two_complete_station_mean,"Média Pedras Rubras/S. Gens, ambos os dias completos",strict_two_station_sensitivity,morning,tmin,8,D+8,28,28,limited,2026-07-25,2026-08-23,2026-08-02,2026-08-31,17.973,16.364,17.164,-1.609,-2.271,-0.947,systematic_underforecast,2.03,2.324,3.455,0.424,-0.809,-1.595,-0.023,systematic_underforecast,1.727,2.148,3.58,0.374,0.304,12,16,0,42.857,57.143,0,2026-09-01T13:35:24Z
target_month,2026-09,two_complete_station_mean,"Média Pedras Rubras/S. Gens, ambos os dias completos",strict_two_station_sensitivity,morning,tmin,8,D+8,13,13,limited,2026-08-24,2026-09-19,2026-09-01,2026-09-27,17.638,15.654,16.808,-1.985,-3.322,-0.647,systematic_underforecast,2.315,2.909,4.64,0.312,-0.831,-2.375,0.713,inconclusive,2.254,2.592,3.6,0.318,0.062,6,7,0,46.154,53.846,0,2026-09-28T16:51:47Z
cycle_horizon,all,two_complete_station_mean,"Média Pedras Rubras/S. Gens, ambos os dias completos",strict_two_station_sensitivity,morning,tmin,9,D+9,60,60,more_stable,2026-07-02,2026-09-19,2026-07-11,2026-09-28,17.755,16.255,17.543,-1.5,-1.954,-1.046,systematic_underforecast,1.875,2.299,3.365,0.365,-0.212,-0.826,0.403,inconclusive,1.785,2.368,3.89,0.309,0.09,25,34,1,41.667,56.667,1.667,2026-09-29T14:56:00Z
target_month,2026-07,two_complete_station_mean,"Média Pedras Rubras/S. Gens, ambos os dias completos",strict_two_station_sensitivity,morning,tmin,9,D+9,21,21,limited,2026-07-02,2026-07-22,2026-07-11,2026-07-31,17.493,16.443,17.714,-1.05,-1.615,-0.485,systematic_underforecast,1.412,1.604,2.5,0.246,0.221,-0.87,1.313,inconclusive,1.521,2.35,2.4,-0.065,-0.11,8,12,1,38.095,57.143,4.762,2026-08-01T10:14:45Z
target_month,2026-08,two_complete_station_mean,"Média Pedras Rubras/S. Gens, ambos os dias completos",strict_two_station_sensitivity,morning,tmin,9,D+9,28,28,limited,2026-07-24,2026-08-22,2026-08-02,2026-08-31,17.973,16.343,17.443,-1.63,-2.289,-0.972,systematic_underforecast,2.023,2.333,3.545,0.429,-0.53,-1.416,0.355,inconclusive,1.927,2.304,3.78,0.451,0.096,13,15,0,46.429,53.571,0,2026-09-01T13:35:24Z
target_month,2026-09,two_complete_station_mean,"Média Pedras Rubras/S. Gens, ambos os dias completos",strict_two_station_sensitivity,morning,tmin,9,D+9,11,11,limited,2026-08-23,2026-09-19,2026-09-01,2026-09-28,17.7,15.673,17.473,-2.027,-3.746,-0.308,systematic_underforecast,2.382,3.172,5.4,0.383,-0.227,-2.021,1.567,inconclusive,1.927,2.556,4.7,0.416,0.455,4,7,0,36.364,63.636,0,2026-09-29T14:56:00Z
