observation_date,reference_id,reference_label,reference_role,reference_quality,observed_tmin_c,observed_tmax_c,station_count,station_ids,station_names,min_hourly_observations,source,source_updated_at
2025-08-18,ipma_municipality_grid,IPMA observado/interpolado por concelho,official_municipality_reference,official_interpolated,15.453,24.734,,,,,IPMA open-data observation/climate temperature-min and temperature-max by municipality,2026-05-05T16:18:57Z
2025-08-19,ipma_municipality_grid,IPMA observado/interpolado por concelho,official_municipality_reference,official_interpolated,13.971,24.573,,,,,IPMA open-data observation/climate temperature-min and temperature-max by municipality,2026-05-05T16:18:57Z
2025-08-20,ipma_municipality_grid,IPMA observado/interpolado por concelho,official_municipality_reference,official_interpolated,14.917,24.569,,,,,IPMA open-data observation/climate temperature-min and temperature-max by municipality,2026-05-05T16:18:57Z
2025-08-21,ipma_municipality_grid,IPMA observado/interpolado por concelho,official_municipality_reference,official_interpolated,13.565,25.981,,,,,IPMA open-data observation/climate temperature-min and temperature-max by municipality,2026-05-05T16:18:57Z
2025-08-22,ipma_municipality_grid,IPMA observado/interpolado por concelho,official_municipality_reference,official_interpolated,15.303,30.437,,,,,IPMA open-data observation/climate temperature-min and temperature-max by municipality,2026-05-05T16:18:57Z
2025-08-23,ipma_municipality_grid,IPMA observado/interpolado por concelho,official_municipality_reference,official_interpolated,16,26.93,,,,,IPMA open-data observation/climate temperature-min and temperature-max by municipality,2026-05-05T16:18:57Z
2025-08-24,ipma_municipality_grid,IPMA observado/interpolado por concelho,official_municipality_reference,official_interpolated,16.434,23.624,,,,,IPMA open-data observation/climate temperature-min and temperature-max by municipality,2026-05-05T16:18:57Z
2025-08-25,ipma_municipality_grid,IPMA observado/interpolado por concelho,official_municipality_reference,official_interpolated,16.811,23.843,,,,,IPMA open-data observation/climate temperature-min and temperature-max by municipality,2026-05-05T16:18:57Z
2025-08-26,ipma_municipality_grid,IPMA observado/interpolado por concelho,official_municipality_reference,official_interpolated,14.682,24.482,,,,,IPMA open-data observation/climate temperature-min and temperature-max by municipality,2026-05-05T16:18:57Z
2025-08-27,ipma_municipality_grid,IPMA observado/interpolado por concelho,official_municipality_reference,official_interpolated,13.72,23.657,,,,,IPMA open-data observation/climate temperature-min and temperature-max by municipality,2026-05-05T16:18:57Z
2025-08-28,ipma_municipality_grid,IPMA observado/interpolado por concelho,official_municipality_reference,official_interpolated,14.339,23.214,,,,,IPMA open-data observation/climate temperature-min and temperature-max by municipality,2026-05-05T16:18:57Z
2025-08-29,ipma_municipality_grid,IPMA observado/interpolado por concelho,official_municipality_reference,official_interpolated,16.413,23.781,,,,,IPMA open-data observation/climate temperature-min and temperature-max by municipality,2026-05-05T16:18:57Z
2025-08-30,ipma_municipality_grid,IPMA observado/interpolado por concelho,official_municipality_reference,official_interpolated,18.065,24.883,,,,,IPMA open-data observation/climate temperature-min and temperature-max by municipality,2026-05-05T16:18:57Z
2025-08-31,ipma_municipality_grid,IPMA observado/interpolado por concelho,official_municipality_reference,official_interpolated,15.986,22.086,,,,,IPMA open-data observation/climate temperature-min and temperature-max by municipality,2026-05-05T16:18:57Z
2025-09-01,ipma_municipality_grid,IPMA observado/interpolado por concelho,official_municipality_reference,official_interpolated,13.665,22.794,,,,,IPMA open-data observation/climate temperature-min and temperature-max by municipality,2026-05-05T16:18:57Z
2025-09-02,ipma_municipality_grid,IPMA observado/interpolado por concelho,official_municipality_reference,official_interpolated,16.293,23.893,,,,,IPMA open-data observation/climate temperature-min and temperature-max by municipality,2026-05-05T16:18:57Z
2025-09-03,ipma_municipality_grid,IPMA observado/interpolado por concelho,official_municipality_reference,official_interpolated,15.541,21.537,,,,,IPMA open-data observation/climate temperature-min and temperature-max by municipality,2026-05-05T16:18:57Z
2025-09-04,ipma_municipality_grid,IPMA observado/interpolado por concelho,official_municipality_reference,official_interpolated,13.52,23.734,,,,,IPMA open-data observation/climate temperature-min and temperature-max by municipality,2026-05-05T16:18:57Z
2025-09-05,ipma_municipality_grid,IPMA observado/interpolado por concelho,official_municipality_reference,official_interpolated,12.96,24.902,,,,,IPMA open-data observation/climate temperature-min and temperature-max by municipality,2026-05-05T16:18:57Z
2025-09-06,ipma_municipality_grid,IPMA observado/interpolado por concelho,official_municipality_reference,official_interpolated,13.712,23.832,,,,,IPMA open-data observation/climate temperature-min and temperature-max by municipality,2026-05-05T16:18:57Z
2025-09-07,ipma_municipality_grid,IPMA observado/interpolado por concelho,official_municipality_reference,official_interpolated,15.075,23.121,,,,,IPMA open-data observation/climate temperature-min and temperature-max by municipality,2026-05-05T16:18:57Z
2025-09-08,ipma_municipality_grid,IPMA observado/interpolado por concelho,official_municipality_reference,official_interpolated,12.401,22.679,,,,,IPMA open-data observation/climate temperature-min and temperature-max by municipality,2026-05-05T16:18:57Z
2025-09-09,ipma_municipality_grid,IPMA observado/interpolado por concelho,official_municipality_reference,official_interpolated,11.076,22.09,,,,,IPMA open-data observation/climate temperature-min and temperature-max by municipality,2026-05-05T16:18:57Z
2025-09-10,ipma_municipality_grid,IPMA observado/interpolado por concelho,official_municipality_reference,official_interpolated,15.953,21.486,,,,,IPMA open-data observation/climate temperature-min and temperature-max by municipality,2026-05-05T16:18:57Z
2025-09-11,ipma_municipality_grid,IPMA observado/interpolado por concelho,official_municipality_reference,official_interpolated,15.079,21.476,,,,,IPMA open-data observation/climate temperature-min and temperature-max by municipality,2026-05-05T16:18:57Z
2025-09-12,ipma_municipality_grid,IPMA observado/interpolado por concelho,official_municipality_reference,official_interpolated,14.275,23.593,,,,,IPMA open-data observation/climate temperature-min and temperature-max by municipality,2026-05-05T16:18:57Z
2025-09-13,ipma_municipality_grid,IPMA observado/interpolado por concelho,official_municipality_reference,official_interpolated,12.431,23.4,,,,,IPMA open-data observation/climate temperature-min and temperature-max by municipality,2026-05-05T16:18:57Z
2025-09-14,ipma_municipality_grid,IPMA observado/interpolado por concelho,official_municipality_reference,official_interpolated,16.885,25.104,,,,,IPMA open-data observation/climate temperature-min and temperature-max by municipality,2026-05-05T16:18:57Z
2025-09-15,ipma_municipality_grid,IPMA observado/interpolado por concelho,official_municipality_reference,official_interpolated,14.915,24.054,,,,,IPMA open-data observation/climate temperature-min and temperature-max by municipality,2026-05-05T16:18:57Z
2025-09-16,ipma_municipality_grid,IPMA observado/interpolado por concelho,official_municipality_reference,official_interpolated,12.47,27.004,,,,,IPMA open-data observation/climate temperature-min and temperature-max by municipality,2026-05-05T16:18:57Z
2025-09-17,ipma_municipality_grid,IPMA observado/interpolado por concelho,official_municipality_reference,official_interpolated,10.705,23.193,,,,,IPMA open-data observation/climate temperature-min and temperature-max by municipality,2026-05-05T16:18:57Z
2025-09-18,ipma_municipality_grid,IPMA observado/interpolado por concelho,official_municipality_reference,official_interpolated,11.152,25.177,,,,,IPMA open-data observation/climate temperature-min and temperature-max by municipality,2026-05-05T16:18:57Z
2025-09-19,ipma_municipality_grid,IPMA observado/interpolado por concelho,official_municipality_reference,official_interpolated,16.05,27.684,,,,,IPMA open-data observation/climate temperature-min and temperature-max by municipality,2026-05-05T16:18:57Z
2025-09-20,ipma_municipality_grid,IPMA observado/interpolado por concelho,official_municipality_reference,official_interpolated,13.414,20.558,,,,,IPMA open-data observation/climate temperature-min and temperature-max by municipality,2026-05-05T16:18:57Z
2025-09-21,ipma_municipality_grid,IPMA observado/interpolado por concelho,official_municipality_reference,official_interpolated,10.652,20.742,,,,,IPMA open-data observation/climate temperature-min and temperature-max by municipality,2026-05-05T16:18:57Z
2025-09-22,ipma_municipality_grid,IPMA observado/interpolado por concelho,official_municipality_reference,official_interpolated,9.065,21.916,,,,,IPMA open-data observation/climate temperature-min and temperature-max by municipality,2026-05-05T16:18:57Z
2025-09-23,ipma_municipality_grid,IPMA observado/interpolado por concelho,official_municipality_reference,official_interpolated,11.217,24.89,,,,,IPMA open-data observation/climate temperature-min and temperature-max by municipality,2026-05-05T16:18:57Z
2025-09-24,ipma_municipality_grid,IPMA observado/interpolado por concelho,official_municipality_reference,official_interpolated,13.775,27.285,,,,,IPMA open-data observation/climate temperature-min and temperature-max by municipality,2026-05-05T16:18:57Z
2025-09-25,ipma_municipality_grid,IPMA observado/interpolado por concelho,official_municipality_reference,official_interpolated,13.314,26.609,,,,,IPMA open-data observation/climate temperature-min and temperature-max by municipality,2026-05-05T16:18:57Z
2025-09-26,ipma_municipality_grid,IPMA observado/interpolado por concelho,official_municipality_reference,official_interpolated,10.766,21.692,,,,,IPMA open-data observation/climate temperature-min and temperature-max by municipality,2026-05-05T16:18:57Z
2025-09-27,ipma_municipality_grid,IPMA observado/interpolado por concelho,official_municipality_reference,official_interpolated,11.162,21.054,,,,,IPMA open-data observation/climate temperature-min and temperature-max by municipality,2026-05-05T16:18:57Z
2025-09-28,ipma_municipality_grid,IPMA observado/interpolado por concelho,official_municipality_reference,official_interpolated,16.035,26.877,,,,,IPMA open-data observation/climate temperature-min and temperature-max by municipality,2026-05-05T16:18:57Z
2025-09-29,ipma_municipality_grid,IPMA observado/interpolado por concelho,official_municipality_reference,official_interpolated,13.732,26.145,,,,,IPMA open-data observation/climate temperature-min and temperature-max by municipality,2026-05-05T16:18:57Z
2025-09-30,ipma_municipality_grid,IPMA observado/interpolado por concelho,official_municipality_reference,official_interpolated,16.615,28.339,,,,,IPMA open-data observation/climate temperature-min and temperature-max by municipality,2026-05-05T16:18:57Z
2025-10-01,ipma_municipality_grid,IPMA observado/interpolado por concelho,official_municipality_reference,official_interpolated,14.022,26.858,,,,,IPMA open-data observation/climate temperature-min and temperature-max by municipality,2026-05-05T16:18:57Z
2025-10-02,ipma_municipality_grid,IPMA observado/interpolado por concelho,official_municipality_reference,official_interpolated,13.325,23.502,,,,,IPMA open-data observation/climate temperature-min and temperature-max by municipality,2026-05-05T16:18:57Z
2025-10-03,ipma_municipality_grid,IPMA observado/interpolado por concelho,official_municipality_reference,official_interpolated,13.456,19.92,,,,,IPMA open-data observation/climate temperature-min and temperature-max by municipality,2026-05-05T16:18:57Z
2025-10-04,ipma_municipality_grid,IPMA observado/interpolado por concelho,official_municipality_reference,official_interpolated,15.018,21.301,,,,,IPMA open-data observation/climate temperature-min and temperature-max by municipality,2026-05-05T16:18:57Z
2025-10-05,ipma_municipality_grid,IPMA observado/interpolado por concelho,official_municipality_reference,official_interpolated,11.86,23.266,,,,,IPMA open-data observation/climate temperature-min and temperature-max by municipality,2026-05-05T16:18:57Z
2025-10-06,ipma_municipality_grid,IPMA observado/interpolado por concelho,official_municipality_reference,official_interpolated,16.769,29.287,,,,,IPMA open-data observation/climate temperature-min and temperature-max by municipality,2026-05-05T16:18:57Z
2025-10-07,ipma_municipality_grid,IPMA observado/interpolado por concelho,official_municipality_reference,official_interpolated,14.219,19.816,,,,,IPMA open-data observation/climate temperature-min and temperature-max by municipality,2026-05-05T16:18:57Z
2025-10-08,ipma_municipality_grid,IPMA observado/interpolado por concelho,official_municipality_reference,official_interpolated,13.982,20.611,,,,,IPMA open-data observation/climate temperature-min and temperature-max by municipality,2026-05-05T16:18:57Z
2025-10-09,ipma_municipality_grid,IPMA observado/interpolado por concelho,official_municipality_reference,official_interpolated,13.202,25.023,,,,,IPMA open-data observation/climate temperature-min and temperature-max by municipality,2026-05-05T16:18:57Z
2025-10-10,ipma_municipality_grid,IPMA observado/interpolado por concelho,official_municipality_reference,official_interpolated,16.359,26.904,,,,,IPMA open-data observation/climate temperature-min and temperature-max by municipality,2026-05-05T16:18:57Z
2025-10-11,ipma_municipality_grid,IPMA observado/interpolado por concelho,official_municipality_reference,official_interpolated,17.151,28.004,,,,,IPMA open-data observation/climate temperature-min and temperature-max by municipality,2026-05-05T16:18:57Z
2025-10-12,ipma_municipality_grid,IPMA observado/interpolado por concelho,official_municipality_reference,official_interpolated,16.438,27.928,,,,,IPMA open-data observation/climate temperature-min and temperature-max by municipality,2026-05-05T16:18:57Z
2025-10-13,ipma_municipality_grid,IPMA observado/interpolado por concelho,official_municipality_reference,official_interpolated,14.169,24.994,,,,,IPMA open-data observation/climate temperature-min and temperature-max by municipality,2026-05-05T16:18:57Z
2025-10-15,ipma_municipality_grid,IPMA observado/interpolado por concelho,official_municipality_reference,official_interpolated,13.536,26.051,,,,,IPMA open-data observation/climate temperature-min and temperature-max by municipality,2026-05-05T16:18:57Z
2025-10-16,ipma_municipality_grid,IPMA observado/interpolado por concelho,official_municipality_reference,official_interpolated,12.138,23.587,,,,,IPMA open-data observation/climate temperature-min and temperature-max by municipality,2026-05-05T16:18:57Z
2025-10-17,ipma_municipality_grid,IPMA observado/interpolado por concelho,official_municipality_reference,official_interpolated,11.753,24.803,,,,,IPMA open-data observation/climate temperature-min and temperature-max by municipality,2026-05-05T16:18:57Z
2025-10-18,ipma_municipality_grid,IPMA observado/interpolado por concelho,official_municipality_reference,official_interpolated,15.187,24.37,,,,,IPMA open-data observation/climate temperature-min and temperature-max by municipality,2026-05-05T16:18:57Z
2025-10-19,ipma_municipality_grid,IPMA observado/interpolado por concelho,official_municipality_reference,official_interpolated,16.065,19.134,,,,,IPMA open-data observation/climate temperature-min and temperature-max by municipality,2026-05-05T16:18:57Z
2025-10-20,ipma_municipality_grid,IPMA observado/interpolado por concelho,official_municipality_reference,official_interpolated,15.028,18.575,,,,,IPMA open-data observation/climate temperature-min and temperature-max by municipality,2026-05-05T16:18:57Z
2025-10-21,ipma_municipality_grid,IPMA observado/interpolado por concelho,official_municipality_reference,official_interpolated,17.561,19.087,,,,,IPMA open-data observation/climate temperature-min and temperature-max by municipality,2026-05-05T16:18:57Z
2025-10-22,ipma_municipality_grid,IPMA observado/interpolado por concelho,official_municipality_reference,official_interpolated,17.821,19.089,,,,,IPMA open-data observation/climate temperature-min and temperature-max by municipality,2026-05-05T16:18:57Z
2025-10-24,ipma_municipality_grid,IPMA observado/interpolado por concelho,official_municipality_reference,official_interpolated,12.711,20.593,,,,,IPMA open-data observation/climate temperature-min and temperature-max by municipality,2026-05-05T16:18:57Z
2025-10-25,ipma_municipality_grid,IPMA observado/interpolado por concelho,official_municipality_reference,official_interpolated,12.989,16.024,,,,,IPMA open-data observation/climate temperature-min and temperature-max by municipality,2026-05-05T16:18:57Z
2025-10-26,ipma_municipality_grid,IPMA observado/interpolado por concelho,official_municipality_reference,official_interpolated,9.37,20.31,,,,,IPMA open-data observation/climate temperature-min and temperature-max by municipality,2026-05-05T16:18:57Z
2025-10-27,ipma_municipality_grid,IPMA observado/interpolado por concelho,official_municipality_reference,official_interpolated,9.782,22.157,,,,,IPMA open-data observation/climate temperature-min and temperature-max by municipality,2026-05-05T16:18:57Z
2025-10-28,ipma_municipality_grid,IPMA observado/interpolado por concelho,official_municipality_reference,official_interpolated,13.486,19.482,,,,,IPMA open-data observation/climate temperature-min and temperature-max by municipality,2026-05-05T16:18:57Z
2025-10-29,ipma_municipality_grid,IPMA observado/interpolado por concelho,official_municipality_reference,official_interpolated,11.475,18.949,,,,,IPMA open-data observation/climate temperature-min and temperature-max by municipality,2026-05-05T16:18:57Z
2025-10-30,ipma_municipality_grid,IPMA observado/interpolado por concelho,official_municipality_reference,official_interpolated,10.686,17.855,,,,,IPMA open-data observation/climate temperature-min and temperature-max by municipality,2026-05-05T16:18:57Z
2025-10-31,ipma_municipality_grid,IPMA observado/interpolado por concelho,official_municipality_reference,official_interpolated,15.321,17.726,,,,,IPMA open-data observation/climate temperature-min and temperature-max by municipality,2026-05-05T16:18:57Z
2025-11-01,ipma_municipality_grid,IPMA observado/interpolado por concelho,official_municipality_reference,official_interpolated,11.891,18.021,,,,,IPMA open-data observation/climate temperature-min and temperature-max by municipality,2026-05-05T16:18:57Z
2025-11-02,ipma_municipality_grid,IPMA observado/interpolado por concelho,official_municipality_reference,official_interpolated,9.944,17.975,,,,,IPMA open-data observation/climate temperature-min and temperature-max by municipality,2026-05-05T16:18:57Z
2025-11-03,ipma_municipality_grid,IPMA observado/interpolado por concelho,official_municipality_reference,official_interpolated,8.73,19.536,,,,,IPMA open-data observation/climate temperature-min and temperature-max by municipality,2026-05-05T16:18:57Z
2025-11-04,ipma_municipality_grid,IPMA observado/interpolado por concelho,official_municipality_reference,official_interpolated,14.471,22.461,,,,,IPMA open-data observation/climate temperature-min and temperature-max by municipality,2026-05-05T16:18:57Z
2025-11-05,ipma_municipality_grid,IPMA observado/interpolado por concelho,official_municipality_reference,official_interpolated,10.742,21.2,,,,,IPMA open-data observation/climate temperature-min and temperature-max by municipality,2026-05-05T16:18:57Z
2025-11-06,ipma_municipality_grid,IPMA observado/interpolado por concelho,official_municipality_reference,official_interpolated,11.72,17.473,,,,,IPMA open-data observation/climate temperature-min and temperature-max by municipality,2026-05-05T16:18:57Z
2025-11-08,ipma_municipality_grid,IPMA observado/interpolado por concelho,official_municipality_reference,official_interpolated,9.229,18.056,,,,,IPMA open-data observation/climate temperature-min and temperature-max by municipality,2026-05-05T16:18:57Z
2025-11-09,ipma_municipality_grid,IPMA observado/interpolado por concelho,official_municipality_reference,official_interpolated,7.533,17.331,,,,,IPMA open-data observation/climate temperature-min and temperature-max by municipality,2026-05-05T16:18:57Z
2025-11-10,ipma_municipality_grid,IPMA observado/interpolado por concelho,official_municipality_reference,official_interpolated,12.67,17.964,,,,,IPMA open-data observation/climate temperature-min and temperature-max by municipality,2026-05-05T16:18:57Z
2025-11-11,ipma_municipality_grid,IPMA observado/interpolado por concelho,official_municipality_reference,official_interpolated,14.607,18.957,,,,,IPMA open-data observation/climate temperature-min and temperature-max by municipality,2026-05-05T16:18:57Z
2026-05-05,mean_complete_stations,Média das estações IPMA com dia completo,primary_actual_observation,one_complete_station,11,17.1,1,1200545,"Porto, Pedras Rubras",24,IPMA station hourly observations; complete day >= 20 values,2026-05-05T23:00:30Z
2026-05-05,operational_station_fallback,Fallback operacional Pedras Rubras/S. Gens,operational_reference_with_incomplete_days,incomplete_station_day,10.4,16.6,2,1200545;1210649,"Porto, Pedras Rubras; S. Gens",19,IPMA station fallback: daily mean of Pedras Rubras and S. Gens station extrema,2026-05-05T23:00:30Z
2026-05-05,station_1200545_complete,"Porto, Pedras Rubras (1200545), dia completo",individual_station_sensitivity,complete_station_day,11,17.1,1,1200545,"Porto, Pedras Rubras",24,IPMA station hourly observations,2026-05-05T23:00:30Z
2026-05-06,mean_complete_stations,Média das estações IPMA com dia completo,primary_actual_observation,one_complete_station,9.6,17.7,1,1200545,"Porto, Pedras Rubras",24,IPMA station hourly observations; complete day >= 20 values,2026-05-07T09:23:16Z
2026-05-06,operational_station_fallback,Fallback operacional Pedras Rubras/S. Gens,operational_reference_with_incomplete_days,incomplete_station_day,8.95,17.35,2,1200545;1210649,"Porto, Pedras Rubras; S. Gens",16,IPMA station fallback: daily mean of Pedras Rubras and S. Gens station extrema,2026-05-07T09:23:16Z
2026-05-06,station_1200545_complete,"Porto, Pedras Rubras (1200545), dia completo",individual_station_sensitivity,complete_station_day,9.6,17.7,1,1200545,"Porto, Pedras Rubras",24,IPMA station hourly observations,2026-05-07T09:23:16Z
2026-05-07,mean_complete_stations,Média das estações IPMA com dia completo,primary_actual_observation,one_complete_station,10.5,17,1,1200545,"Porto, Pedras Rubras",24,IPMA station hourly observations; complete day >= 20 values,2026-05-08T11:45:54Z
2026-05-07,operational_station_fallback,Fallback operacional Pedras Rubras/S. Gens,operational_reference_with_incomplete_days,incomplete_station_day,9.8,17.15,2,1200545;1210649,"Porto, Pedras Rubras; S. Gens",17,IPMA station fallback: daily mean of Pedras Rubras and S. Gens station extrema,2026-05-08T11:45:54Z
2026-05-07,station_1200545_complete,"Porto, Pedras Rubras (1200545), dia completo",individual_station_sensitivity,complete_station_day,10.5,17,1,1200545,"Porto, Pedras Rubras",24,IPMA station hourly observations,2026-05-08T11:45:54Z
2026-05-08,mean_complete_stations,Média das estações IPMA com dia completo,primary_actual_observation,two_complete_stations,11.5,18.35,2,1200545;1210649,"Porto, Pedras Rubras;S. Gens",20,IPMA station hourly observations; complete day >= 20 values,2026-05-09T11:12:03Z
2026-05-08,operational_station_fallback,Fallback operacional Pedras Rubras/S. Gens,operational_reference_with_incomplete_days,two_complete_stations,11.5,18.35,2,1200545;1210649,"Porto, Pedras Rubras; S. Gens",20,IPMA station fallback: daily mean of Pedras Rubras and S. Gens station extrema,2026-05-09T11:12:03Z
2026-05-08,station_1200545_complete,"Porto, Pedras Rubras (1200545), dia completo",individual_station_sensitivity,complete_station_day,12,18.3,1,1200545,"Porto, Pedras Rubras",24,IPMA station hourly observations,2026-05-09T11:12:03Z
2026-05-08,station_1210649_complete,"S. Gens (1210649), dia completo",individual_station_sensitivity,complete_station_day,11,18.4,1,1210649,S. Gens,20,IPMA station hourly observations,2026-05-09T11:12:03Z
2026-05-08,two_complete_station_mean,"Média Pedras Rubras/S. Gens, ambos os dias completos",strict_two_station_sensitivity,two_complete_stations,11.5,18.35,2,1200545;1210649,"Porto, Pedras Rubras;S. Gens",20,IPMA station hourly observations; complete day >= 20 values,2026-05-09T11:12:03Z
2026-05-09,mean_complete_stations,Média das estações IPMA com dia completo,primary_actual_observation,two_complete_stations,12.05,16.950000000000003,2,1200545;1210649,"Porto, Pedras Rubras;S. Gens",24,IPMA station hourly observations; complete day >= 20 values,2026-05-10T11:14:39Z
2026-05-09,operational_station_fallback,Fallback operacional Pedras Rubras/S. Gens,operational_reference_with_incomplete_days,two_complete_stations,12.05,16.95,2,1200545;1210649,"Porto, Pedras Rubras; S. Gens",24,IPMA station fallback: daily mean of Pedras Rubras and S. Gens station extrema,2026-05-10T11:14:39Z
2026-05-09,station_1200545_complete,"Porto, Pedras Rubras (1200545), dia completo",individual_station_sensitivity,complete_station_day,12.8,17.3,1,1200545,"Porto, Pedras Rubras",24,IPMA station hourly observations,2026-05-10T11:14:39Z
2026-05-09,station_1210649_complete,"S. Gens (1210649), dia completo",individual_station_sensitivity,complete_station_day,11.3,16.6,1,1210649,S. Gens,24,IPMA station hourly observations,2026-05-10T11:14:39Z
2026-05-09,two_complete_station_mean,"Média Pedras Rubras/S. Gens, ambos os dias completos",strict_two_station_sensitivity,two_complete_stations,12.05,16.950000000000003,2,1200545;1210649,"Porto, Pedras Rubras;S. Gens",24,IPMA station hourly observations; complete day >= 20 values,2026-05-10T11:14:39Z
2026-05-10,mean_complete_stations,Média das estações IPMA com dia completo,primary_actual_observation,two_complete_stations,11.5,17.5,2,1200545;1210649,"Porto, Pedras Rubras;S. Gens",23,IPMA station hourly observations; complete day >= 20 values,2026-05-11T12:50:53Z
2026-05-10,operational_station_fallback,Fallback operacional Pedras Rubras/S. Gens,operational_reference_with_incomplete_days,two_complete_stations,11.5,17.5,2,1200545;1210649,"Porto, Pedras Rubras; S. Gens",23,IPMA station fallback: daily mean of Pedras Rubras and S. Gens station extrema,2026-05-11T12:50:53Z
2026-05-10,station_1200545_complete,"Porto, Pedras Rubras (1200545), dia completo",individual_station_sensitivity,complete_station_day,12.1,17.4,1,1200545,"Porto, Pedras Rubras",24,IPMA station hourly observations,2026-05-11T12:50:53Z
2026-05-10,station_1210649_complete,"S. Gens (1210649), dia completo",individual_station_sensitivity,complete_station_day,10.9,17.6,1,1210649,S. Gens,23,IPMA station hourly observations,2026-05-11T12:50:53Z
2026-05-10,two_complete_station_mean,"Média Pedras Rubras/S. Gens, ambos os dias completos",strict_two_station_sensitivity,two_complete_stations,11.5,17.5,2,1200545;1210649,"Porto, Pedras Rubras;S. Gens",23,IPMA station hourly observations; complete day >= 20 values,2026-05-11T12:50:53Z
2026-05-11,mean_complete_stations,Média das estações IPMA com dia completo,primary_actual_observation,two_complete_stations,12.649999999999999,18.2,2,1200545;1210649,"Porto, Pedras Rubras;S. Gens",20,IPMA station hourly observations; complete day >= 20 values,2026-05-12T12:23:27Z
2026-05-11,operational_station_fallback,Fallback operacional Pedras Rubras/S. Gens,operational_reference_with_incomplete_days,two_complete_stations,12.65,18.2,2,1200545;1210649,"Porto, Pedras Rubras; S. Gens",20,IPMA station fallback: daily mean of Pedras Rubras and S. Gens station extrema,2026-05-12T12:23:27Z
2026-05-11,station_1200545_complete,"Porto, Pedras Rubras (1200545), dia completo",individual_station_sensitivity,complete_station_day,13.2,18.2,1,1200545,"Porto, Pedras Rubras",24,IPMA station hourly observations,2026-05-12T12:23:27Z
2026-05-11,station_1210649_complete,"S. Gens (1210649), dia completo",individual_station_sensitivity,complete_station_day,12.1,18.2,1,1210649,S. Gens,20,IPMA station hourly observations,2026-05-12T12:23:27Z
2026-05-11,two_complete_station_mean,"Média Pedras Rubras/S. Gens, ambos os dias completos",strict_two_station_sensitivity,two_complete_stations,12.649999999999999,18.2,2,1200545;1210649,"Porto, Pedras Rubras;S. Gens",20,IPMA station hourly observations; complete day >= 20 values,2026-05-12T12:23:27Z
2026-05-12,operational_station_fallback,Fallback operacional Pedras Rubras/S. Gens,operational_reference_with_incomplete_days,incomplete_station_day,12.55,17.65,2,1200545;1210649,"Porto, Pedras Rubras; S. Gens",16,IPMA station fallback: daily mean of Pedras Rubras and S. Gens station extrema,2026-05-13T12:25:10Z
2026-05-13,mean_complete_stations,Média das estações IPMA com dia completo,primary_actual_observation,one_complete_station,12.3,18.4,1,1200545,"Porto, Pedras Rubras",24,IPMA station hourly observations; complete day >= 20 values,2026-05-14T12:06:09Z
2026-05-13,operational_station_fallback,Fallback operacional Pedras Rubras/S. Gens,operational_reference_with_incomplete_days,incomplete_station_day,11.65,18.15,2,1200545;1210649,"Porto, Pedras Rubras; S. Gens",17,IPMA station fallback: daily mean of Pedras Rubras and S. Gens station extrema,2026-05-14T12:06:09Z
2026-05-13,station_1200545_complete,"Porto, Pedras Rubras (1200545), dia completo",individual_station_sensitivity,complete_station_day,12.3,18.4,1,1200545,"Porto, Pedras Rubras",24,IPMA station hourly observations,2026-05-14T12:06:09Z
2026-05-14,mean_complete_stations,Média das estações IPMA com dia completo,primary_actual_observation,one_complete_station,10.7,18.8,1,1200545,"Porto, Pedras Rubras",24,IPMA station hourly observations; complete day >= 20 values,2026-05-15T12:09:26Z
2026-05-14,operational_station_fallback,Fallback operacional Pedras Rubras/S. Gens,operational_reference_with_incomplete_days,incomplete_station_day,9.95,17.95,2,1200545;1210649,"Porto, Pedras Rubras; S. Gens",17,IPMA station fallback: daily mean of Pedras Rubras and S. Gens station extrema,2026-05-15T12:09:26Z
2026-05-14,station_1200545_complete,"Porto, Pedras Rubras (1200545), dia completo",individual_station_sensitivity,complete_station_day,10.7,18.8,1,1200545,"Porto, Pedras Rubras",24,IPMA station hourly observations,2026-05-15T12:09:26Z
2026-05-15,mean_complete_stations,Média das estações IPMA com dia completo,primary_actual_observation,two_complete_stations,10.850000000000001,17.25,2,1200545;1210649,"Porto, Pedras Rubras;S. Gens",22,IPMA station hourly observations; complete day >= 20 values,2026-05-16T11:18:22Z
2026-05-15,operational_station_fallback,Fallback operacional Pedras Rubras/S. Gens,operational_reference_with_incomplete_days,two_complete_stations,10.85,17.25,2,1200545;1210649,"Porto, Pedras Rubras; S. Gens",22,IPMA station fallback: daily mean of Pedras Rubras and S. Gens station extrema,2026-05-16T11:18:22Z
2026-05-15,station_1200545_complete,"Porto, Pedras Rubras (1200545), dia completo",individual_station_sensitivity,complete_station_day,11.3,17,1,1200545,"Porto, Pedras Rubras",24,IPMA station hourly observations,2026-05-16T11:18:22Z
2026-05-15,station_1210649_complete,"S. Gens (1210649), dia completo",individual_station_sensitivity,complete_station_day,10.4,17.5,1,1210649,S. Gens,22,IPMA station hourly observations,2026-05-16T11:18:22Z
2026-05-15,two_complete_station_mean,"Média Pedras Rubras/S. Gens, ambos os dias completos",strict_two_station_sensitivity,two_complete_stations,10.850000000000001,17.25,2,1200545;1210649,"Porto, Pedras Rubras;S. Gens",22,IPMA station hourly observations; complete day >= 20 values,2026-05-16T11:18:22Z
2026-05-16,mean_complete_stations,Média das estações IPMA com dia completo,primary_actual_observation,one_complete_station,9.6,17.1,1,1200545,"Porto, Pedras Rubras",24,IPMA station hourly observations; complete day >= 20 values,2026-05-17T11:33:36Z
2026-05-16,operational_station_fallback,Fallback operacional Pedras Rubras/S. Gens,operational_reference_with_incomplete_days,incomplete_station_day,8.8,17,2,1200545;1210649,"Porto, Pedras Rubras; S. Gens",18,IPMA station fallback: daily mean of Pedras Rubras and S. Gens station extrema,2026-05-17T11:33:36Z
2026-05-16,station_1200545_complete,"Porto, Pedras Rubras (1200545), dia completo",individual_station_sensitivity,complete_station_day,9.6,17.1,1,1200545,"Porto, Pedras Rubras",24,IPMA station hourly observations,2026-05-17T11:33:36Z
2026-05-17,mean_complete_stations,Média das estações IPMA com dia completo,primary_actual_observation,one_complete_station,10.7,17.4,1,1200545,"Porto, Pedras Rubras",24,IPMA station hourly observations; complete day >= 20 values,2026-05-18T10:09:05Z
2026-05-17,operational_station_fallback,Fallback operacional Pedras Rubras/S. Gens,operational_reference_with_incomplete_days,incomplete_station_day,10.1,16.8,2,1200545;1210649,"Porto, Pedras Rubras; S. Gens",17,IPMA station fallback: daily mean of Pedras Rubras and S. Gens station extrema,2026-05-18T10:09:05Z
2026-05-17,station_1200545_complete,"Porto, Pedras Rubras (1200545), dia completo",individual_station_sensitivity,complete_station_day,10.7,17.4,1,1200545,"Porto, Pedras Rubras",24,IPMA station hourly observations,2026-05-18T10:09:05Z
2026-05-18,mean_complete_stations,Média das estações IPMA com dia completo,primary_actual_observation,one_complete_station,10.2,16.9,1,1200545,"Porto, Pedras Rubras",24,IPMA station hourly observations; complete day >= 20 values,2026-05-19T13:32:31Z
2026-05-18,operational_station_fallback,Fallback operacional Pedras Rubras/S. Gens,operational_reference_with_incomplete_days,incomplete_station_day,9.55,17.1,2,1200545;1210649,"Porto, Pedras Rubras; S. Gens",16,IPMA station fallback: daily mean of Pedras Rubras and S. Gens station extrema,2026-05-19T13:32:31Z
2026-05-18,station_1200545_complete,"Porto, Pedras Rubras (1200545), dia completo",individual_station_sensitivity,complete_station_day,10.2,16.9,1,1200545,"Porto, Pedras Rubras",24,IPMA station hourly observations,2026-05-19T13:32:31Z
2026-05-19,mean_complete_stations,Média das estações IPMA com dia completo,primary_actual_observation,two_complete_stations,13.4,19.549999999999997,2,1200545;1210649,"Porto, Pedras Rubras;S. Gens",22,IPMA station hourly observations; complete day >= 20 values,2026-05-20T12:39:30Z
2026-05-19,operational_station_fallback,Fallback operacional Pedras Rubras/S. Gens,operational_reference_with_incomplete_days,two_complete_stations,13.4,19.55,2,1200545;1210649,"Porto, Pedras Rubras; S. Gens",22,IPMA station fallback: daily mean of Pedras Rubras and S. Gens station extrema,2026-05-20T12:39:30Z
2026-05-19,station_1200545_complete,"Porto, Pedras Rubras (1200545), dia completo",individual_station_sensitivity,complete_station_day,13.5,19.4,1,1200545,"Porto, Pedras Rubras",24,IPMA station hourly observations,2026-05-20T12:39:30Z
2026-05-19,station_1210649_complete,"S. Gens (1210649), dia completo",individual_station_sensitivity,complete_station_day,13.3,19.7,1,1210649,S. Gens,22,IPMA station hourly observations,2026-05-20T12:39:30Z
2026-05-19,two_complete_station_mean,"Média Pedras Rubras/S. Gens, ambos os dias completos",strict_two_station_sensitivity,two_complete_stations,13.4,19.549999999999997,2,1200545;1210649,"Porto, Pedras Rubras;S. Gens",22,IPMA station hourly observations; complete day >= 20 values,2026-05-20T12:39:30Z
2026-05-20,mean_complete_stations,Média das estações IPMA com dia completo,primary_actual_observation,one_complete_station,11.8,23.4,1,1200545,"Porto, Pedras Rubras",24,IPMA station hourly observations; complete day >= 20 values,2026-05-21T13:32:56Z
2026-05-20,operational_station_fallback,Fallback operacional Pedras Rubras/S. Gens,operational_reference_with_incomplete_days,incomplete_station_day,11.05,22.65,2,1200545;1210649,"Porto, Pedras Rubras; S. Gens",14,IPMA station fallback: daily mean of Pedras Rubras and S. Gens station extrema,2026-05-21T13:32:56Z
2026-05-20,station_1200545_complete,"Porto, Pedras Rubras (1200545), dia completo",individual_station_sensitivity,complete_station_day,11.8,23.4,1,1200545,"Porto, Pedras Rubras",24,IPMA station hourly observations,2026-05-21T13:32:56Z
2026-05-21,mean_complete_stations,Média das estações IPMA com dia completo,primary_actual_observation,one_complete_station,15.4,26.6,1,1200545,"Porto, Pedras Rubras",24,IPMA station hourly observations; complete day >= 20 values,2026-05-22T12:35:14Z
2026-05-21,operational_station_fallback,Fallback operacional Pedras Rubras/S. Gens,operational_reference_with_incomplete_days,incomplete_station_day,15,24.55,2,1200545;1210649,"Porto, Pedras Rubras; S. Gens",12,IPMA station fallback: daily mean of Pedras Rubras and S. Gens station extrema,2026-05-22T12:35:14Z
2026-05-21,station_1200545_complete,"Porto, Pedras Rubras (1200545), dia completo",individual_station_sensitivity,complete_station_day,15.4,26.6,1,1200545,"Porto, Pedras Rubras",24,IPMA station hourly observations,2026-05-22T12:35:14Z
2026-05-22,mean_complete_stations,Média das estações IPMA com dia completo,primary_actual_observation,one_complete_station,18.8,29.1,1,1200545,"Porto, Pedras Rubras",24,IPMA station hourly observations; complete day >= 20 values,2026-05-23T11:36:26Z
2026-05-22,operational_station_fallback,Fallback operacional Pedras Rubras/S. Gens,operational_reference_with_incomplete_days,incomplete_station_day,17.8,24.65,2,1200545;1210649,"Porto, Pedras Rubras; S. Gens",9,IPMA station fallback: daily mean of Pedras Rubras and S. Gens station extrema,2026-05-23T11:36:26Z
2026-05-22,station_1200545_complete,"Porto, Pedras Rubras (1200545), dia completo",individual_station_sensitivity,complete_station_day,18.8,29.1,1,1200545,"Porto, Pedras Rubras",24,IPMA station hourly observations,2026-05-23T11:36:26Z
2026-05-23,mean_complete_stations,Média das estações IPMA com dia completo,primary_actual_observation,one_complete_station,17.1,29.3,1,1200545,"Porto, Pedras Rubras",24,IPMA station hourly observations; complete day >= 20 values,2026-05-24T11:43:12Z
2026-05-23,operational_station_fallback,Fallback operacional Pedras Rubras/S. Gens,operational_reference_with_incomplete_days,incomplete_station_day,17.05,25.45,2,1200545;1210649,"Porto, Pedras Rubras; S. Gens",12,IPMA station fallback: daily mean of Pedras Rubras and S. Gens station extrema,2026-05-24T11:43:12Z
2026-05-23,station_1200545_complete,"Porto, Pedras Rubras (1200545), dia completo",individual_station_sensitivity,complete_station_day,17.1,29.3,1,1200545,"Porto, Pedras Rubras",24,IPMA station hourly observations,2026-05-24T11:43:12Z
2026-05-24,mean_complete_stations,Média das estações IPMA com dia completo,primary_actual_observation,one_complete_station,16.2,23.4,1,1200545,"Porto, Pedras Rubras",24,IPMA station hourly observations; complete day >= 20 values,2026-05-25T13:43:41Z
2026-05-24,operational_station_fallback,Fallback operacional Pedras Rubras/S. Gens,operational_reference_with_incomplete_days,incomplete_station_day,15.95,21.8,2,1200545;1210649,"Porto, Pedras Rubras; S. Gens",13,IPMA station fallback: daily mean of Pedras Rubras and S. Gens station extrema,2026-05-25T13:43:41Z
2026-05-24,station_1200545_complete,"Porto, Pedras Rubras (1200545), dia completo",individual_station_sensitivity,complete_station_day,16.2,23.4,1,1200545,"Porto, Pedras Rubras",24,IPMA station hourly observations,2026-05-25T13:43:41Z
2026-05-25,mean_complete_stations,Média das estações IPMA com dia completo,primary_actual_observation,one_complete_station,16.4,23.4,1,1200545,"Porto, Pedras Rubras",24,IPMA station hourly observations; complete day >= 20 values,2026-05-26T12:50:15Z
2026-05-25,operational_station_fallback,Fallback operacional Pedras Rubras/S. Gens,operational_reference_with_incomplete_days,incomplete_station_day,16.15,22.35,2,1200545;1210649,"Porto, Pedras Rubras; S. Gens",14,IPMA station fallback: daily mean of Pedras Rubras and S. Gens station extrema,2026-05-26T12:50:15Z
2026-05-25,station_1200545_complete,"Porto, Pedras Rubras (1200545), dia completo",individual_station_sensitivity,complete_station_day,16.4,23.4,1,1200545,"Porto, Pedras Rubras",24,IPMA station hourly observations,2026-05-26T12:50:15Z
2026-05-26,mean_complete_stations,Média das estações IPMA com dia completo,primary_actual_observation,one_complete_station,14.9,30.6,1,1200545,"Porto, Pedras Rubras",24,IPMA station hourly observations; complete day >= 20 values,2026-05-27T09:20:06Z
2026-05-26,operational_station_fallback,Fallback operacional Pedras Rubras/S. Gens,operational_reference_with_incomplete_days,incomplete_station_day,14.25,23.45,2,1200545;1210649,"Porto, Pedras Rubras; S. Gens",9,IPMA station fallback: daily mean of Pedras Rubras and S. Gens station extrema,2026-05-27T09:20:06Z
2026-05-26,station_1200545_complete,"Porto, Pedras Rubras (1200545), dia completo",individual_station_sensitivity,complete_station_day,14.9,30.6,1,1200545,"Porto, Pedras Rubras",24,IPMA station hourly observations,2026-05-27T09:20:06Z
2026-05-27,mean_complete_stations,Média das estações IPMA com dia completo,primary_actual_observation,one_complete_station,19.7,29.3,1,1200545,"Porto, Pedras Rubras",24,IPMA station hourly observations; complete day >= 20 values,2026-05-28T11:42:26Z
2026-05-27,operational_station_fallback,Fallback operacional Pedras Rubras/S. Gens,operational_reference_with_incomplete_days,incomplete_station_day,19.2,24.85,2,1200545;1210649,"Porto, Pedras Rubras; S. Gens",8,IPMA station fallback: daily mean of Pedras Rubras and S. Gens station extrema,2026-05-28T11:42:26Z
2026-05-27,station_1200545_complete,"Porto, Pedras Rubras (1200545), dia completo",individual_station_sensitivity,complete_station_day,19.7,29.3,1,1200545,"Porto, Pedras Rubras",24,IPMA station hourly observations,2026-05-28T11:42:26Z
2026-05-28,mean_complete_stations,Média das estações IPMA com dia completo,primary_actual_observation,one_complete_station,17.2,21.3,1,1200545,"Porto, Pedras Rubras",24,IPMA station hourly observations; complete day >= 20 values,2026-05-29T09:58:03Z
2026-05-28,operational_station_fallback,Fallback operacional Pedras Rubras/S. Gens,operational_reference_with_incomplete_days,incomplete_station_day,17,20.45,2,1200545;1210649,"Porto, Pedras Rubras; S. Gens",11,IPMA station fallback: daily mean of Pedras Rubras and S. Gens station extrema,2026-05-29T09:58:03Z
2026-05-28,station_1200545_complete,"Porto, Pedras Rubras (1200545), dia completo",individual_station_sensitivity,complete_station_day,17.2,21.3,1,1200545,"Porto, Pedras Rubras",24,IPMA station hourly observations,2026-05-29T09:58:03Z
2026-05-29,mean_complete_stations,Média das estações IPMA com dia completo,primary_actual_observation,one_complete_station,16.2,20.8,1,1200545,"Porto, Pedras Rubras",24,IPMA station hourly observations; complete day >= 20 values,2026-05-30T10:24:06Z
2026-05-29,operational_station_fallback,Fallback operacional Pedras Rubras/S. Gens,operational_reference_with_incomplete_days,incomplete_station_day,15.55,20.2,2,1200545;1210649,"Porto, Pedras Rubras; S. Gens",14,IPMA station fallback: daily mean of Pedras Rubras and S. Gens station extrema,2026-05-30T10:24:06Z
2026-05-29,station_1200545_complete,"Porto, Pedras Rubras (1200545), dia completo",individual_station_sensitivity,complete_station_day,16.2,20.8,1,1200545,"Porto, Pedras Rubras",24,IPMA station hourly observations,2026-05-30T10:24:06Z
2026-05-30,mean_complete_stations,Média das estações IPMA com dia completo,primary_actual_observation,one_complete_station,15.9,21.1,1,1200545,"Porto, Pedras Rubras",24,IPMA station hourly observations; complete day >= 20 values,2026-05-31T10:31:32Z
2026-05-30,operational_station_fallback,Fallback operacional Pedras Rubras/S. Gens,operational_reference_with_incomplete_days,incomplete_station_day,15.6,19.85,2,1200545;1210649,"Porto, Pedras Rubras; S. Gens",18,IPMA station fallback: daily mean of Pedras Rubras and S. Gens station extrema,2026-05-31T10:31:32Z
2026-05-30,station_1200545_complete,"Porto, Pedras Rubras (1200545), dia completo",individual_station_sensitivity,complete_station_day,15.9,21.1,1,1200545,"Porto, Pedras Rubras",24,IPMA station hourly observations,2026-05-31T10:31:32Z
2026-05-31,operational_station_fallback,Fallback operacional Pedras Rubras/S. Gens,operational_reference_with_incomplete_days,incomplete_station_day,13.8,20.65,2,1200545;1210649,"Porto, Pedras Rubras; S. Gens",10,IPMA station fallback: daily mean of Pedras Rubras and S. Gens station extrema,2026-06-01T14:38:04Z
2026-06-01,mean_complete_stations,Média das estações IPMA com dia completo,primary_actual_observation,one_complete_station,14.8,20.4,1,1200545,"Porto, Pedras Rubras",24,IPMA station hourly observations; complete day >= 20 values,2026-06-02T12:26:31Z
2026-06-01,operational_station_fallback,Fallback operacional Pedras Rubras/S. Gens,operational_reference_with_incomplete_days,incomplete_station_day,14.5,19,2,1200545;1210649,"Porto, Pedras Rubras; S. Gens",15,IPMA station fallback: daily mean of Pedras Rubras and S. Gens station extrema,2026-06-02T12:26:31Z
2026-06-01,station_1200545_complete,"Porto, Pedras Rubras (1200545), dia completo",individual_station_sensitivity,complete_station_day,14.8,20.4,1,1200545,"Porto, Pedras Rubras",24,IPMA station hourly observations,2026-06-02T12:26:31Z
2026-06-02,mean_complete_stations,Média das estações IPMA com dia completo,primary_actual_observation,one_complete_station,15.4,20.5,1,1200545,"Porto, Pedras Rubras",24,IPMA station hourly observations; complete day >= 20 values,2026-06-03T12:56:15Z
2026-06-02,operational_station_fallback,Fallback operacional Pedras Rubras/S. Gens,operational_reference_with_incomplete_days,incomplete_station_day,15.2,19.85,2,1200545;1210649,"Porto, Pedras Rubras; S. Gens",16,IPMA station fallback: daily mean of Pedras Rubras and S. Gens station extrema,2026-06-03T12:56:15Z
2026-06-02,station_1200545_complete,"Porto, Pedras Rubras (1200545), dia completo",individual_station_sensitivity,complete_station_day,15.4,20.5,1,1200545,"Porto, Pedras Rubras",24,IPMA station hourly observations,2026-06-03T12:56:15Z
2026-06-03,mean_complete_stations,Média das estações IPMA com dia completo,primary_actual_observation,one_complete_station,14.3,20.4,1,1200545,"Porto, Pedras Rubras",24,IPMA station hourly observations; complete day >= 20 values,2026-06-04T11:32:58Z
2026-06-03,operational_station_fallback,Fallback operacional Pedras Rubras/S. Gens,operational_reference_with_incomplete_days,incomplete_station_day,13.2,18.65,2,1200545;1210649,"Porto, Pedras Rubras; S. Gens",11,IPMA station fallback: daily mean of Pedras Rubras and S. Gens station extrema,2026-06-04T11:32:58Z
2026-06-03,station_1200545_complete,"Porto, Pedras Rubras (1200545), dia completo",individual_station_sensitivity,complete_station_day,14.3,20.4,1,1200545,"Porto, Pedras Rubras",24,IPMA station hourly observations,2026-06-04T11:32:58Z
2026-06-04,mean_complete_stations,Média das estações IPMA com dia completo,primary_actual_observation,one_complete_station,14.3,19.8,1,1200545,"Porto, Pedras Rubras",24,IPMA station hourly observations; complete day >= 20 values,2026-06-05T11:43:55Z
2026-06-04,operational_station_fallback,Fallback operacional Pedras Rubras/S. Gens,operational_reference_with_incomplete_days,incomplete_station_day,14,18.75,2,1200545;1210649,"Porto, Pedras Rubras; S. Gens",14,IPMA station fallback: daily mean of Pedras Rubras and S. Gens station extrema,2026-06-05T11:43:55Z
2026-06-04,station_1200545_complete,"Porto, Pedras Rubras (1200545), dia completo",individual_station_sensitivity,complete_station_day,14.3,19.8,1,1200545,"Porto, Pedras Rubras",24,IPMA station hourly observations,2026-06-05T11:43:55Z
2026-06-05,mean_complete_stations,Média das estações IPMA com dia completo,primary_actual_observation,one_complete_station,11.1,18.7,1,1200545,"Porto, Pedras Rubras",24,IPMA station hourly observations; complete day >= 20 values,2026-06-06T10:30:44Z
2026-06-05,operational_station_fallback,Fallback operacional Pedras Rubras/S. Gens,operational_reference_with_incomplete_days,incomplete_station_day,10.15,18.8,2,1200545;1210649,"Porto, Pedras Rubras; S. Gens",16,IPMA station fallback: daily mean of Pedras Rubras and S. Gens station extrema,2026-06-06T10:30:44Z
2026-06-05,station_1200545_complete,"Porto, Pedras Rubras (1200545), dia completo",individual_station_sensitivity,complete_station_day,11.1,18.7,1,1200545,"Porto, Pedras Rubras",24,IPMA station hourly observations,2026-06-06T10:30:44Z
2026-06-06,mean_complete_stations,Média das estações IPMA com dia completo,primary_actual_observation,one_complete_station,14.3,20.9,1,1200545,"Porto, Pedras Rubras",24,IPMA station hourly observations; complete day >= 20 values,2026-06-07T10:41:22Z
2026-06-06,operational_station_fallback,Fallback operacional Pedras Rubras/S. Gens,operational_reference_with_incomplete_days,incomplete_station_day,14.1,20.05,2,1200545;1210649,"Porto, Pedras Rubras; S. Gens",19,IPMA station fallback: daily mean of Pedras Rubras and S. Gens station extrema,2026-06-07T10:41:22Z
2026-06-06,station_1200545_complete,"Porto, Pedras Rubras (1200545), dia completo",individual_station_sensitivity,complete_station_day,14.3,20.9,1,1200545,"Porto, Pedras Rubras",24,IPMA station hourly observations,2026-06-07T10:41:22Z
2026-06-07,mean_complete_stations,Média das estações IPMA com dia completo,primary_actual_observation,one_complete_station,12.8,20.5,1,1200545,"Porto, Pedras Rubras",24,IPMA station hourly observations; complete day >= 20 values,2026-06-08T12:46:48Z
2026-06-07,operational_station_fallback,Fallback operacional Pedras Rubras/S. Gens,operational_reference_with_incomplete_days,incomplete_station_day,12.25,20.1,2,1200545;1210649,"Porto, Pedras Rubras; S. Gens",16,IPMA station fallback: daily mean of Pedras Rubras and S. Gens station extrema,2026-06-08T12:46:48Z
2026-06-07,station_1200545_complete,"Porto, Pedras Rubras (1200545), dia completo",individual_station_sensitivity,complete_station_day,12.8,20.5,1,1200545,"Porto, Pedras Rubras",24,IPMA station hourly observations,2026-06-08T12:46:48Z
2026-06-08,mean_complete_stations,Média das estações IPMA com dia completo,primary_actual_observation,one_complete_station,13.3,20.4,1,1200545,"Porto, Pedras Rubras",24,IPMA station hourly observations; complete day >= 20 values,2026-06-09T11:41:34Z
2026-06-08,operational_station_fallback,Fallback operacional Pedras Rubras/S. Gens,operational_reference_with_incomplete_days,incomplete_station_day,13.05,19.45,2,1200545;1210649,"Porto, Pedras Rubras; S. Gens",15,IPMA station fallback: daily mean of Pedras Rubras and S. Gens station extrema,2026-06-09T11:41:34Z
2026-06-08,station_1200545_complete,"Porto, Pedras Rubras (1200545), dia completo",individual_station_sensitivity,complete_station_day,13.3,20.4,1,1200545,"Porto, Pedras Rubras",24,IPMA station hourly observations,2026-06-09T11:41:34Z
2026-06-09,mean_complete_stations,Média das estações IPMA com dia completo,primary_actual_observation,one_complete_station,12.6,20.3,1,1200545,"Porto, Pedras Rubras",24,IPMA station hourly observations; complete day >= 20 values,2026-06-10T11:53:55Z
2026-06-09,operational_station_fallback,Fallback operacional Pedras Rubras/S. Gens,operational_reference_with_incomplete_days,incomplete_station_day,12.3,20.55,2,1200545;1210649,"Porto, Pedras Rubras; S. Gens",16,IPMA station fallback: daily mean of Pedras Rubras and S. Gens station extrema,2026-06-10T11:53:55Z
2026-06-09,station_1200545_complete,"Porto, Pedras Rubras (1200545), dia completo",individual_station_sensitivity,complete_station_day,12.6,20.3,1,1200545,"Porto, Pedras Rubras",24,IPMA station hourly observations,2026-06-10T11:53:55Z
2026-06-10,mean_complete_stations,Média das estações IPMA com dia completo,primary_actual_observation,one_complete_station,12.2,23.9,1,1200545,"Porto, Pedras Rubras",23,IPMA station hourly observations; complete day >= 20 values,2026-06-11T12:28:57Z
2026-06-10,operational_station_fallback,Fallback operacional Pedras Rubras/S. Gens,operational_reference_with_incomplete_days,incomplete_station_day,12.25,23.15,2,1200545;1210649,"Porto, Pedras Rubras; S. Gens",15,IPMA station fallback: daily mean of Pedras Rubras and S. Gens station extrema,2026-06-11T12:28:57Z
2026-06-10,station_1200545_complete,"Porto, Pedras Rubras (1200545), dia completo",individual_station_sensitivity,complete_station_day,12.2,23.9,1,1200545,"Porto, Pedras Rubras",23,IPMA station hourly observations,2026-06-11T12:28:57Z
2026-06-11,mean_complete_stations,Média das estações IPMA com dia completo,primary_actual_observation,one_complete_station,16.7,29.8,1,1200545,"Porto, Pedras Rubras",24,IPMA station hourly observations; complete day >= 20 values,2026-06-12T12:00:11Z
2026-06-11,operational_station_fallback,Fallback operacional Pedras Rubras/S. Gens,operational_reference_with_incomplete_days,incomplete_station_day,16.55,25.1,2,1200545;1210649,"Porto, Pedras Rubras; S. Gens",9,IPMA station fallback: daily mean of Pedras Rubras and S. Gens station extrema,2026-06-12T12:00:11Z
2026-06-11,station_1200545_complete,"Porto, Pedras Rubras (1200545), dia completo",individual_station_sensitivity,complete_station_day,16.7,29.8,1,1200545,"Porto, Pedras Rubras",24,IPMA station hourly observations,2026-06-12T12:00:11Z
2026-06-12,mean_complete_stations,Média das estações IPMA com dia completo,primary_actual_observation,one_complete_station,23.2,35.7,1,1200545,"Porto, Pedras Rubras",24,IPMA station hourly observations; complete day >= 20 values,2026-06-13T10:58:27Z
2026-06-12,operational_station_fallback,Fallback operacional Pedras Rubras/S. Gens,operational_reference_with_incomplete_days,one_or_more_complete_stations,23.2,35.7,1,1200545,"Porto, Pedras Rubras",24,IPMA station fallback: daily mean of Pedras Rubras and S. Gens station extrema,2026-06-13T10:58:27Z
2026-06-12,station_1200545_complete,"Porto, Pedras Rubras (1200545), dia completo",individual_station_sensitivity,complete_station_day,23.2,35.7,1,1200545,"Porto, Pedras Rubras",24,IPMA station hourly observations,2026-06-13T10:58:27Z
2026-06-13,mean_complete_stations,Média das estações IPMA com dia completo,primary_actual_observation,one_complete_station,19.6,28.6,1,1200545,"Porto, Pedras Rubras",20,IPMA station hourly observations; complete day >= 20 values,2026-06-14T11:14:20Z
2026-06-13,operational_station_fallback,Fallback operacional Pedras Rubras/S. Gens,operational_reference_with_incomplete_days,one_or_more_complete_stations,19.6,28.6,1,1200545,"Porto, Pedras Rubras",20,IPMA station fallback: daily mean of Pedras Rubras and S. Gens station extrema,2026-06-14T11:14:20Z
2026-06-13,station_1200545_complete,"Porto, Pedras Rubras (1200545), dia completo",individual_station_sensitivity,complete_station_day,19.6,28.6,1,1200545,"Porto, Pedras Rubras",20,IPMA station hourly observations,2026-06-14T11:14:20Z
2026-06-14,mean_complete_stations,Média das estações IPMA com dia completo,primary_actual_observation,one_complete_station,17,22.8,1,1200545,"Porto, Pedras Rubras",24,IPMA station hourly observations; complete day >= 20 values,2026-06-15T14:44:18Z
2026-06-14,operational_station_fallback,Fallback operacional Pedras Rubras/S. Gens,operational_reference_with_incomplete_days,one_or_more_complete_stations,17,22.8,1,1200545,"Porto, Pedras Rubras",24,IPMA station fallback: daily mean of Pedras Rubras and S. Gens station extrema,2026-06-15T14:44:18Z
2026-06-14,station_1200545_complete,"Porto, Pedras Rubras (1200545), dia completo",individual_station_sensitivity,complete_station_day,17,22.8,1,1200545,"Porto, Pedras Rubras",24,IPMA station hourly observations,2026-06-15T14:44:18Z
2026-06-15,mean_complete_stations,Média das estações IPMA com dia completo,primary_actual_observation,one_complete_station,16.1,18.8,1,1200545,"Porto, Pedras Rubras",24,IPMA station hourly observations; complete day >= 20 values,2026-06-16T13:13:18Z
2026-06-15,operational_station_fallback,Fallback operacional Pedras Rubras/S. Gens,operational_reference_with_incomplete_days,one_or_more_complete_stations,16.1,18.8,1,1200545,"Porto, Pedras Rubras",24,IPMA station fallback: daily mean of Pedras Rubras and S. Gens station extrema,2026-06-16T13:13:18Z
2026-06-15,station_1200545_complete,"Porto, Pedras Rubras (1200545), dia completo",individual_station_sensitivity,complete_station_day,16.1,18.8,1,1200545,"Porto, Pedras Rubras",24,IPMA station hourly observations,2026-06-16T13:13:18Z
2026-06-16,mean_complete_stations,Média das estações IPMA com dia completo,primary_actual_observation,one_complete_station,15.5,20.7,1,1200545,"Porto, Pedras Rubras",24,IPMA station hourly observations; complete day >= 20 values,2026-06-17T12:37:29Z
2026-06-16,operational_station_fallback,Fallback operacional Pedras Rubras/S. Gens,operational_reference_with_incomplete_days,one_or_more_complete_stations,15.5,20.7,1,1200545,"Porto, Pedras Rubras",24,IPMA station fallback: daily mean of Pedras Rubras and S. Gens station extrema,2026-06-17T12:37:29Z
2026-06-16,station_1200545_complete,"Porto, Pedras Rubras (1200545), dia completo",individual_station_sensitivity,complete_station_day,15.5,20.7,1,1200545,"Porto, Pedras Rubras",24,IPMA station hourly observations,2026-06-17T12:37:29Z
2026-06-17,mean_complete_stations,Média das estações IPMA com dia completo,primary_actual_observation,one_complete_station,14.5,21.7,1,1200545,"Porto, Pedras Rubras",21,IPMA station hourly observations; complete day >= 20 values,2026-06-18T12:03:02Z
2026-06-17,operational_station_fallback,Fallback operacional Pedras Rubras/S. Gens,operational_reference_with_incomplete_days,one_or_more_complete_stations,14.5,21.7,1,1200545,"Porto, Pedras Rubras",21,IPMA station fallback: daily mean of Pedras Rubras and S. Gens station extrema,2026-06-18T12:03:02Z
2026-06-17,station_1200545_complete,"Porto, Pedras Rubras (1200545), dia completo",individual_station_sensitivity,complete_station_day,14.5,21.7,1,1200545,"Porto, Pedras Rubras",21,IPMA station hourly observations,2026-06-18T12:03:02Z
2026-06-18,operational_station_fallback,Fallback operacional Pedras Rubras/S. Gens,operational_reference_with_incomplete_days,incomplete_station_day,15.5,20.3,1,1200545,"Porto, Pedras Rubras",16,IPMA station fallback: daily mean of Pedras Rubras and S. Gens station extrema,2026-06-19T12:32:26Z
2026-06-19,mean_complete_stations,Média das estações IPMA com dia completo,primary_actual_observation,one_complete_station,15.8,21.4,1,1200545,"Porto, Pedras Rubras",24,IPMA station hourly observations; complete day >= 20 values,2026-06-20T10:59:05Z
2026-06-19,operational_station_fallback,Fallback operacional Pedras Rubras/S. Gens,operational_reference_with_incomplete_days,incomplete_station_day,16.95,20.5,2,1200545;1210649,"Porto, Pedras Rubras; S. Gens",4,IPMA station fallback: daily mean of Pedras Rubras and S. Gens station extrema,2026-06-20T10:59:05Z
2026-06-19,station_1200545_complete,"Porto, Pedras Rubras (1200545), dia completo",individual_station_sensitivity,complete_station_day,15.8,21.4,1,1200545,"Porto, Pedras Rubras",24,IPMA station hourly observations,2026-06-20T10:59:05Z
2026-06-20,mean_complete_stations,Média das estações IPMA com dia completo,primary_actual_observation,one_complete_station,15.9,24.3,1,1200545,"Porto, Pedras Rubras",24,IPMA station hourly observations; complete day >= 20 values,2026-06-21T11:31:59Z
2026-06-20,operational_station_fallback,Fallback operacional Pedras Rubras/S. Gens,operational_reference_with_incomplete_days,incomplete_station_day,15.4,22.8,2,1200545;1210649,"Porto, Pedras Rubras; S. Gens",8,IPMA station fallback: daily mean of Pedras Rubras and S. Gens station extrema,2026-06-21T11:31:59Z
2026-06-20,station_1200545_complete,"Porto, Pedras Rubras (1200545), dia completo",individual_station_sensitivity,complete_station_day,15.9,24.3,1,1200545,"Porto, Pedras Rubras",24,IPMA station hourly observations,2026-06-21T11:31:59Z
2026-06-21,mean_complete_stations,Média das estações IPMA com dia completo,primary_actual_observation,one_complete_station,16.5,23.9,1,1200545,"Porto, Pedras Rubras",24,IPMA station hourly observations; complete day >= 20 values,2026-06-22T14:14:02Z
2026-06-21,operational_station_fallback,Fallback operacional Pedras Rubras/S. Gens,operational_reference_with_incomplete_days,incomplete_station_day,16.3,22.3,2,1200545;1210649,"Porto, Pedras Rubras; S. Gens",13,IPMA station fallback: daily mean of Pedras Rubras and S. Gens station extrema,2026-06-22T14:14:02Z
2026-06-21,station_1200545_complete,"Porto, Pedras Rubras (1200545), dia completo",individual_station_sensitivity,complete_station_day,16.5,23.9,1,1200545,"Porto, Pedras Rubras",24,IPMA station hourly observations,2026-06-22T14:14:02Z
2026-06-22,mean_complete_stations,Média das estações IPMA com dia completo,primary_actual_observation,one_complete_station,16.9,21.2,1,1200545,"Porto, Pedras Rubras",21,IPMA station hourly observations; complete day >= 20 values,2026-06-23T11:40:04Z
2026-06-22,operational_station_fallback,Fallback operacional Pedras Rubras/S. Gens,operational_reference_with_incomplete_days,incomplete_station_day,16.7,19.4,2,1200545;1210649,"Porto, Pedras Rubras; S. Gens",10,IPMA station fallback: daily mean of Pedras Rubras and S. Gens station extrema,2026-06-23T11:40:04Z
2026-06-22,station_1200545_complete,"Porto, Pedras Rubras (1200545), dia completo",individual_station_sensitivity,complete_station_day,16.9,21.2,1,1200545,"Porto, Pedras Rubras",21,IPMA station hourly observations,2026-06-23T11:40:04Z
2026-06-23,mean_complete_stations,Média das estações IPMA com dia completo,primary_actual_observation,one_complete_station,17.4,26.6,1,1200545,"Porto, Pedras Rubras",24,IPMA station hourly observations; complete day >= 20 values,2026-06-24T11:23:37Z
2026-06-23,operational_station_fallback,Fallback operacional Pedras Rubras/S. Gens,operational_reference_with_incomplete_days,incomplete_station_day,17.45,22.95,2,1200545;1210649,"Porto, Pedras Rubras; S. Gens",4,IPMA station fallback: daily mean of Pedras Rubras and S. Gens station extrema,2026-06-24T11:23:37Z
2026-06-23,station_1200545_complete,"Porto, Pedras Rubras (1200545), dia completo",individual_station_sensitivity,complete_station_day,17.4,26.6,1,1200545,"Porto, Pedras Rubras",24,IPMA station hourly observations,2026-06-24T11:23:37Z
2026-06-24,mean_complete_stations,Média das estações IPMA com dia completo,primary_actual_observation,one_complete_station,17.7,23,1,1200545,"Porto, Pedras Rubras",24,IPMA station hourly observations; complete day >= 20 values,2026-06-25T11:16:22Z
2026-06-24,operational_station_fallback,Fallback operacional Pedras Rubras/S. Gens,operational_reference_with_incomplete_days,incomplete_station_day,17.55,20.95,2,1200545;1210649,"Porto, Pedras Rubras; S. Gens",7,IPMA station fallback: daily mean of Pedras Rubras and S. Gens station extrema,2026-06-25T11:16:22Z
2026-06-24,station_1200545_complete,"Porto, Pedras Rubras (1200545), dia completo",individual_station_sensitivity,complete_station_day,17.7,23,1,1200545,"Porto, Pedras Rubras",24,IPMA station hourly observations,2026-06-25T11:16:22Z
2026-06-25,mean_complete_stations,Média das estações IPMA com dia completo,primary_actual_observation,one_complete_station,18.6,23.2,1,1200545,"Porto, Pedras Rubras",23,IPMA station hourly observations; complete day >= 20 values,2026-06-26T11:24:44Z
2026-06-25,operational_station_fallback,Fallback operacional Pedras Rubras/S. Gens,operational_reference_with_incomplete_days,one_or_more_complete_stations,18.6,23.2,1,1200545,"Porto, Pedras Rubras",23,IPMA station fallback: daily mean of Pedras Rubras and S. Gens station extrema,2026-06-26T11:24:44Z
2026-06-25,station_1200545_complete,"Porto, Pedras Rubras (1200545), dia completo",individual_station_sensitivity,complete_station_day,18.6,23.2,1,1200545,"Porto, Pedras Rubras",23,IPMA station hourly observations,2026-06-26T11:24:44Z
2026-06-26,mean_complete_stations,Média das estações IPMA com dia completo,primary_actual_observation,one_complete_station,19.5,23.8,1,1200545,"Porto, Pedras Rubras",24,IPMA station hourly observations; complete day >= 20 values,2026-06-27T10:33:42Z
2026-06-26,operational_station_fallback,Fallback operacional Pedras Rubras/S. Gens,operational_reference_with_incomplete_days,incomplete_station_day,18.9,21.3,2,1200545;1210649,"Porto, Pedras Rubras; S. Gens",2,IPMA station fallback: daily mean of Pedras Rubras and S. Gens station extrema,2026-06-27T10:33:42Z
2026-06-26,station_1200545_complete,"Porto, Pedras Rubras (1200545), dia completo",individual_station_sensitivity,complete_station_day,19.5,23.8,1,1200545,"Porto, Pedras Rubras",24,IPMA station hourly observations,2026-06-27T10:33:42Z
2026-06-27,mean_complete_stations,Média das estações IPMA com dia completo,primary_actual_observation,one_complete_station,17.6,22.7,1,1200545,"Porto, Pedras Rubras",21,IPMA station hourly observations; complete day >= 20 values,2026-06-28T10:40:55Z
2026-06-27,operational_station_fallback,Fallback operacional Pedras Rubras/S. Gens,operational_reference_with_incomplete_days,incomplete_station_day,17.1,21.2,2,1200545;1210649,"Porto, Pedras Rubras; S. Gens",12,IPMA station fallback: daily mean of Pedras Rubras and S. Gens station extrema,2026-06-28T10:40:55Z
2026-06-27,station_1200545_complete,"Porto, Pedras Rubras (1200545), dia completo",individual_station_sensitivity,complete_station_day,17.6,22.7,1,1200545,"Porto, Pedras Rubras",21,IPMA station hourly observations,2026-06-28T10:40:55Z
2026-06-28,mean_complete_stations,Média das estações IPMA com dia completo,primary_actual_observation,one_complete_station,18.1,23.3,1,1200545,"Porto, Pedras Rubras",24,IPMA station hourly observations; complete day >= 20 values,2026-06-29T12:46:53Z
2026-06-28,operational_station_fallback,Fallback operacional Pedras Rubras/S. Gens,operational_reference_with_incomplete_days,incomplete_station_day,17.5,22.35,2,1200545;1210649,"Porto, Pedras Rubras; S. Gens",14,IPMA station fallback: daily mean of Pedras Rubras and S. Gens station extrema,2026-06-29T12:46:53Z
2026-06-28,station_1200545_complete,"Porto, Pedras Rubras (1200545), dia completo",individual_station_sensitivity,complete_station_day,18.1,23.3,1,1200545,"Porto, Pedras Rubras",24,IPMA station hourly observations,2026-06-29T12:46:53Z
2026-06-29,mean_complete_stations,Média das estações IPMA com dia completo,primary_actual_observation,one_complete_station,15.5,26.3,1,1200545,"Porto, Pedras Rubras",24,IPMA station hourly observations; complete day >= 20 values,2026-06-30T11:28:55Z
2026-06-29,operational_station_fallback,Fallback operacional Pedras Rubras/S. Gens,operational_reference_with_incomplete_days,incomplete_station_day,15.2,24,2,1200545;1210649,"Porto, Pedras Rubras; S. Gens",12,IPMA station fallback: daily mean of Pedras Rubras and S. Gens station extrema,2026-06-30T11:28:55Z
2026-06-29,station_1200545_complete,"Porto, Pedras Rubras (1200545), dia completo",individual_station_sensitivity,complete_station_day,15.5,26.3,1,1200545,"Porto, Pedras Rubras",24,IPMA station hourly observations,2026-06-30T11:28:55Z
2026-06-30,mean_complete_stations,Média das estações IPMA com dia completo,primary_actual_observation,one_complete_station,16.2,25.7,1,1200545,"Porto, Pedras Rubras",24,IPMA station hourly observations; complete day >= 20 values,2026-07-01T11:39:31Z
2026-06-30,operational_station_fallback,Fallback operacional Pedras Rubras/S. Gens,operational_reference_with_incomplete_days,incomplete_station_day,15.85,23.8,2,1200545;1210649,"Porto, Pedras Rubras; S. Gens",13,IPMA station fallback: daily mean of Pedras Rubras and S. Gens station extrema,2026-07-01T11:39:31Z
2026-06-30,station_1200545_complete,"Porto, Pedras Rubras (1200545), dia completo",individual_station_sensitivity,complete_station_day,16.2,25.7,1,1200545,"Porto, Pedras Rubras",24,IPMA station hourly observations,2026-07-01T11:39:31Z
2026-07-01,mean_complete_stations,Média das estações IPMA com dia completo,primary_actual_observation,one_complete_station,16.4,31.9,1,1200545,"Porto, Pedras Rubras",24,IPMA station hourly observations; complete day >= 20 values,2026-07-02T11:08:18Z
2026-07-01,operational_station_fallback,Fallback operacional Pedras Rubras/S. Gens,operational_reference_with_incomplete_days,incomplete_station_day,15.95,25.6,2,1200545;1210649,"Porto, Pedras Rubras; S. Gens",9,IPMA station fallback: daily mean of Pedras Rubras and S. Gens station extrema,2026-07-02T11:08:18Z
2026-07-01,station_1200545_complete,"Porto, Pedras Rubras (1200545), dia completo",individual_station_sensitivity,complete_station_day,16.4,31.9,1,1200545,"Porto, Pedras Rubras",24,IPMA station hourly observations,2026-07-02T11:08:18Z
2026-07-02,mean_complete_stations,Média das estações IPMA com dia completo,primary_actual_observation,one_complete_station,24.3,38.1,1,1200545,"Porto, Pedras Rubras",24,IPMA station hourly observations; complete day >= 20 values,2026-07-03T11:10:42Z
2026-07-02,operational_station_fallback,Fallback operacional Pedras Rubras/S. Gens,operational_reference_with_incomplete_days,one_or_more_complete_stations,24.3,38.1,1,1200545,"Porto, Pedras Rubras",24,IPMA station fallback: daily mean of Pedras Rubras and S. Gens station extrema,2026-07-03T11:10:42Z
2026-07-02,station_1200545_complete,"Porto, Pedras Rubras (1200545), dia completo",individual_station_sensitivity,complete_station_day,24.3,38.1,1,1200545,"Porto, Pedras Rubras",24,IPMA station hourly observations,2026-07-03T11:10:42Z
2026-07-03,mean_complete_stations,Média das estações IPMA com dia completo,primary_actual_observation,one_complete_station,26.5,36.8,1,1200545,"Porto, Pedras Rubras",24,IPMA station hourly observations; complete day >= 20 values,2026-07-04T10:33:41Z
2026-07-03,operational_station_fallback,Fallback operacional Pedras Rubras/S. Gens,operational_reference_with_incomplete_days,one_or_more_complete_stations,26.5,36.8,1,1200545,"Porto, Pedras Rubras",24,IPMA station fallback: daily mean of Pedras Rubras and S. Gens station extrema,2026-07-04T10:33:41Z
2026-07-03,station_1200545_complete,"Porto, Pedras Rubras (1200545), dia completo",individual_station_sensitivity,complete_station_day,26.5,36.8,1,1200545,"Porto, Pedras Rubras",24,IPMA station hourly observations,2026-07-04T10:33:41Z
2026-07-04,mean_complete_stations,Média das estações IPMA com dia completo,primary_actual_observation,one_complete_station,21.4,34.7,1,1200545,"Porto, Pedras Rubras",24,IPMA station hourly observations; complete day >= 20 values,2026-07-05T10:38:13Z
2026-07-04,operational_station_fallback,Fallback operacional Pedras Rubras/S. Gens,operational_reference_with_incomplete_days,one_or_more_complete_stations,21.4,34.7,1,1200545,"Porto, Pedras Rubras",24,IPMA station fallback: daily mean of Pedras Rubras and S. Gens station extrema,2026-07-05T10:38:13Z
2026-07-04,station_1200545_complete,"Porto, Pedras Rubras (1200545), dia completo",individual_station_sensitivity,complete_station_day,21.4,34.7,1,1200545,"Porto, Pedras Rubras",24,IPMA station hourly observations,2026-07-05T10:38:13Z
2026-07-05,mean_complete_stations,Média das estações IPMA com dia completo,primary_actual_observation,one_complete_station,20.5,31.5,1,1200545,"Porto, Pedras Rubras",24,IPMA station hourly observations; complete day >= 20 values,2026-07-06T12:25:19Z
2026-07-05,operational_station_fallback,Fallback operacional Pedras Rubras/S. Gens,operational_reference_with_incomplete_days,one_or_more_complete_stations,20.5,31.5,1,1200545,"Porto, Pedras Rubras",24,IPMA station fallback: daily mean of Pedras Rubras and S. Gens station extrema,2026-07-06T12:25:19Z
2026-07-05,station_1200545_complete,"Porto, Pedras Rubras (1200545), dia completo",individual_station_sensitivity,complete_station_day,20.5,31.5,1,1200545,"Porto, Pedras Rubras",24,IPMA station hourly observations,2026-07-06T12:25:19Z
2026-07-06,mean_complete_stations,Média das estações IPMA com dia completo,primary_actual_observation,one_complete_station,16.9,20.7,1,1200545,"Porto, Pedras Rubras",23,IPMA station hourly observations; complete day >= 20 values,2026-07-07T11:25:25Z
2026-07-06,operational_station_fallback,Fallback operacional Pedras Rubras/S. Gens,operational_reference_with_incomplete_days,one_or_more_complete_stations,16.9,20.7,1,1200545,"Porto, Pedras Rubras",23,IPMA station fallback: daily mean of Pedras Rubras and S. Gens station extrema,2026-07-07T11:25:25Z
2026-07-06,station_1200545_complete,"Porto, Pedras Rubras (1200545), dia completo",individual_station_sensitivity,complete_station_day,16.9,20.7,1,1200545,"Porto, Pedras Rubras",23,IPMA station hourly observations,2026-07-07T11:25:25Z
2026-07-07,mean_complete_stations,Média das estações IPMA com dia completo,primary_actual_observation,one_complete_station,17.1,21.3,1,1200545,"Porto, Pedras Rubras",24,IPMA station hourly observations; complete day >= 20 values,2026-07-08T10:36:48Z
2026-07-07,operational_station_fallback,Fallback operacional Pedras Rubras/S. Gens,operational_reference_with_incomplete_days,one_or_more_complete_stations,17.1,21.3,1,1200545,"Porto, Pedras Rubras",24,IPMA station fallback: daily mean of Pedras Rubras and S. Gens station extrema,2026-07-08T10:36:48Z
2026-07-07,station_1200545_complete,"Porto, Pedras Rubras (1200545), dia completo",individual_station_sensitivity,complete_station_day,17.1,21.3,1,1200545,"Porto, Pedras Rubras",24,IPMA station hourly observations,2026-07-08T10:36:48Z
2026-07-08,mean_complete_stations,Média das estações IPMA com dia completo,primary_actual_observation,one_complete_station,15.9,21.5,1,1200545,"Porto, Pedras Rubras",24,IPMA station hourly observations; complete day >= 20 values,2026-07-09T11:32:07Z
2026-07-08,operational_station_fallback,Fallback operacional Pedras Rubras/S. Gens,operational_reference_with_incomplete_days,one_or_more_complete_stations,15.9,21.5,1,1200545,"Porto, Pedras Rubras",24,IPMA station fallback: daily mean of Pedras Rubras and S. Gens station extrema,2026-07-09T11:32:07Z
2026-07-08,station_1200545_complete,"Porto, Pedras Rubras (1200545), dia completo",individual_station_sensitivity,complete_station_day,15.9,21.5,1,1200545,"Porto, Pedras Rubras",24,IPMA station hourly observations,2026-07-09T11:32:07Z
2026-07-09,mean_complete_stations,Média das estações IPMA com dia completo,primary_actual_observation,one_complete_station,16.5,19.2,1,1200545,"Porto, Pedras Rubras",24,IPMA station hourly observations; complete day >= 20 values,2026-07-10T11:26:35Z
2026-07-09,operational_station_fallback,Fallback operacional Pedras Rubras/S. Gens,operational_reference_with_incomplete_days,one_or_more_complete_stations,16.5,19.2,1,1200545,"Porto, Pedras Rubras",24,IPMA station fallback: daily mean of Pedras Rubras and S. Gens station extrema,2026-07-10T11:26:35Z
2026-07-09,station_1200545_complete,"Porto, Pedras Rubras (1200545), dia completo",individual_station_sensitivity,complete_station_day,16.5,19.2,1,1200545,"Porto, Pedras Rubras",24,IPMA station hourly observations,2026-07-10T11:26:35Z
2026-07-10,mean_complete_stations,Média das estações IPMA com dia completo,primary_actual_observation,one_complete_station,16.4,21.7,1,1200545,"Porto, Pedras Rubras",24,IPMA station hourly observations; complete day >= 20 values,2026-07-11T09:59:23Z
2026-07-10,operational_station_fallback,Fallback operacional Pedras Rubras/S. Gens,operational_reference_with_incomplete_days,incomplete_station_day,16.4,22.55,2,1200545;1210649,"Porto, Pedras Rubras; S. Gens",12,IPMA station fallback: daily mean of Pedras Rubras and S. Gens station extrema,2026-07-11T09:59:23Z
2026-07-10,station_1200545_complete,"Porto, Pedras Rubras (1200545), dia completo",individual_station_sensitivity,complete_station_day,16.4,21.7,1,1200545,"Porto, Pedras Rubras",24,IPMA station hourly observations,2026-07-11T09:59:23Z
2026-07-11,mean_complete_stations,Média das estações IPMA com dia completo,primary_actual_observation,two_complete_stations,14.5,22.3,2,1200545;1210649,"Porto, Pedras Rubras;S. Gens",24,IPMA station hourly observations; complete day >= 20 values,2026-07-12T10:08:28Z
2026-07-11,operational_station_fallback,Fallback operacional Pedras Rubras/S. Gens,operational_reference_with_incomplete_days,two_complete_stations,14.5,22.3,2,1200545;1210649,"Porto, Pedras Rubras; S. Gens",24,IPMA station fallback: daily mean of Pedras Rubras and S. Gens station extrema,2026-07-12T10:08:28Z
2026-07-11,station_1200545_complete,"Porto, Pedras Rubras (1200545), dia completo",individual_station_sensitivity,complete_station_day,15,21.5,1,1200545,"Porto, Pedras Rubras",24,IPMA station hourly observations,2026-07-12T10:08:28Z
2026-07-11,station_1210649_complete,"S. Gens (1210649), dia completo",individual_station_sensitivity,complete_station_day,14,23.1,1,1210649,S. Gens,24,IPMA station hourly observations,2026-07-12T10:08:28Z
2026-07-11,two_complete_station_mean,"Média Pedras Rubras/S. Gens, ambos os dias completos",strict_two_station_sensitivity,two_complete_stations,14.5,22.3,2,1200545;1210649,"Porto, Pedras Rubras;S. Gens",24,IPMA station hourly observations; complete day >= 20 values,2026-07-12T10:08:28Z
2026-07-12,mean_complete_stations,Média das estações IPMA com dia completo,primary_actual_observation,two_complete_stations,17.549999999999997,24.4,2,1200545;1210649,"Porto, Pedras Rubras;S. Gens",24,IPMA station hourly observations; complete day >= 20 values,2026-07-13T11:39:28Z
2026-07-12,operational_station_fallback,Fallback operacional Pedras Rubras/S. Gens,operational_reference_with_incomplete_days,two_complete_stations,17.55,24.4,2,1200545;1210649,"Porto, Pedras Rubras; S. Gens",24,IPMA station fallback: daily mean of Pedras Rubras and S. Gens station extrema,2026-07-13T11:39:28Z
2026-07-12,station_1200545_complete,"Porto, Pedras Rubras (1200545), dia completo",individual_station_sensitivity,complete_station_day,18.2,23.3,1,1200545,"Porto, Pedras Rubras",24,IPMA station hourly observations,2026-07-13T11:39:28Z
2026-07-12,station_1210649_complete,"S. Gens (1210649), dia completo",individual_station_sensitivity,complete_station_day,16.9,25.5,1,1210649,S. Gens,24,IPMA station hourly observations,2026-07-13T11:39:28Z
2026-07-12,two_complete_station_mean,"Média Pedras Rubras/S. Gens, ambos os dias completos",strict_two_station_sensitivity,two_complete_stations,17.549999999999997,24.4,2,1200545;1210649,"Porto, Pedras Rubras;S. Gens",24,IPMA station hourly observations; complete day >= 20 values,2026-07-13T11:39:28Z
2026-07-13,mean_complete_stations,Média das estações IPMA com dia completo,primary_actual_observation,two_complete_stations,17.6,23.75,2,1200545;1210649,"Porto, Pedras Rubras;S. Gens",24,IPMA station hourly observations; complete day >= 20 values,2026-07-14T10:17:40Z
2026-07-13,operational_station_fallback,Fallback operacional Pedras Rubras/S. Gens,operational_reference_with_incomplete_days,two_complete_stations,17.6,23.75,2,1200545;1210649,"Porto, Pedras Rubras; S. Gens",24,IPMA station fallback: daily mean of Pedras Rubras and S. Gens station extrema,2026-07-14T10:17:40Z
2026-07-13,station_1200545_complete,"Porto, Pedras Rubras (1200545), dia completo",individual_station_sensitivity,complete_station_day,18.1,23.1,1,1200545,"Porto, Pedras Rubras",24,IPMA station hourly observations,2026-07-14T10:17:40Z
2026-07-13,station_1210649_complete,"S. Gens (1210649), dia completo",individual_station_sensitivity,complete_station_day,17.1,24.4,1,1210649,S. Gens,24,IPMA station hourly observations,2026-07-14T10:17:40Z
2026-07-13,two_complete_station_mean,"Média Pedras Rubras/S. Gens, ambos os dias completos",strict_two_station_sensitivity,two_complete_stations,17.6,23.75,2,1200545;1210649,"Porto, Pedras Rubras;S. Gens",24,IPMA station hourly observations; complete day >= 20 values,2026-07-14T10:17:40Z
2026-07-14,mean_complete_stations,Média das estações IPMA com dia completo,primary_actual_observation,two_complete_stations,16.5,24.299999999999997,2,1200545;1210649,"Porto, Pedras Rubras;S. Gens",24,IPMA station hourly observations; complete day >= 20 values,2026-07-15T10:21:44Z
2026-07-14,operational_station_fallback,Fallback operacional Pedras Rubras/S. Gens,operational_reference_with_incomplete_days,two_complete_stations,16.5,24.3,2,1200545;1210649,"Porto, Pedras Rubras; S. Gens",24,IPMA station fallback: daily mean of Pedras Rubras and S. Gens station extrema,2026-07-15T10:21:44Z
2026-07-14,station_1200545_complete,"Porto, Pedras Rubras (1200545), dia completo",individual_station_sensitivity,complete_station_day,17.3,23.4,1,1200545,"Porto, Pedras Rubras",24,IPMA station hourly observations,2026-07-15T10:21:44Z
2026-07-14,station_1210649_complete,"S. Gens (1210649), dia completo",individual_station_sensitivity,complete_station_day,15.7,25.2,1,1210649,S. Gens,24,IPMA station hourly observations,2026-07-15T10:21:44Z
2026-07-14,two_complete_station_mean,"Média Pedras Rubras/S. Gens, ambos os dias completos",strict_two_station_sensitivity,two_complete_stations,16.5,24.299999999999997,2,1200545;1210649,"Porto, Pedras Rubras;S. Gens",24,IPMA station hourly observations; complete day >= 20 values,2026-07-15T10:21:44Z
2026-07-15,mean_complete_stations,Média das estações IPMA com dia completo,primary_actual_observation,two_complete_stations,16.35,25.1,2,1200545;1210649,"Porto, Pedras Rubras;S. Gens",24,IPMA station hourly observations; complete day >= 20 values,2026-07-16T10:28:25Z
2026-07-15,operational_station_fallback,Fallback operacional Pedras Rubras/S. Gens,operational_reference_with_incomplete_days,two_complete_stations,16.35,25.1,2,1200545;1210649,"Porto, Pedras Rubras; S. Gens",24,IPMA station fallback: daily mean of Pedras Rubras and S. Gens station extrema,2026-07-16T10:28:25Z
2026-07-15,station_1200545_complete,"Porto, Pedras Rubras (1200545), dia completo",individual_station_sensitivity,complete_station_day,17.2,23.9,1,1200545,"Porto, Pedras Rubras",24,IPMA station hourly observations,2026-07-16T10:28:25Z
2026-07-15,station_1210649_complete,"S. Gens (1210649), dia completo",individual_station_sensitivity,complete_station_day,15.5,26.3,1,1210649,S. Gens,24,IPMA station hourly observations,2026-07-16T10:28:25Z
2026-07-15,two_complete_station_mean,"Média Pedras Rubras/S. Gens, ambos os dias completos",strict_two_station_sensitivity,two_complete_stations,16.35,25.1,2,1200545;1210649,"Porto, Pedras Rubras;S. Gens",24,IPMA station hourly observations; complete day >= 20 values,2026-07-16T10:28:25Z
2026-07-16,mean_complete_stations,Média das estações IPMA com dia completo,primary_actual_observation,two_complete_stations,17.55,25.1,2,1200545;1210649,"Porto, Pedras Rubras;S. Gens",24,IPMA station hourly observations; complete day >= 20 values,2026-07-17T10:19:53Z
2026-07-16,operational_station_fallback,Fallback operacional Pedras Rubras/S. Gens,operational_reference_with_incomplete_days,two_complete_stations,17.55,25.1,2,1200545;1210649,"Porto, Pedras Rubras; S. Gens",24,IPMA station fallback: daily mean of Pedras Rubras and S. Gens station extrema,2026-07-17T10:19:53Z
2026-07-16,station_1200545_complete,"Porto, Pedras Rubras (1200545), dia completo",individual_station_sensitivity,complete_station_day,18.1,23.8,1,1200545,"Porto, Pedras Rubras",24,IPMA station hourly observations,2026-07-17T10:19:53Z
2026-07-16,station_1210649_complete,"S. Gens (1210649), dia completo",individual_station_sensitivity,complete_station_day,17,26.4,1,1210649,S. Gens,24,IPMA station hourly observations,2026-07-17T10:19:53Z
2026-07-16,two_complete_station_mean,"Média Pedras Rubras/S. Gens, ambos os dias completos",strict_two_station_sensitivity,two_complete_stations,17.55,25.1,2,1200545;1210649,"Porto, Pedras Rubras;S. Gens",24,IPMA station hourly observations; complete day >= 20 values,2026-07-17T10:19:53Z
2026-07-17,mean_complete_stations,Média das estações IPMA com dia completo,primary_actual_observation,two_complete_stations,17.85,24.200000000000003,2,1200545;1210649,"Porto, Pedras Rubras;S. Gens",24,IPMA station hourly observations; complete day >= 20 values,2026-07-18T09:58:09Z
2026-07-17,operational_station_fallback,Fallback operacional Pedras Rubras/S. Gens,operational_reference_with_incomplete_days,two_complete_stations,17.85,24.2,2,1200545;1210649,"Porto, Pedras Rubras; S. Gens",24,IPMA station fallback: daily mean of Pedras Rubras and S. Gens station extrema,2026-07-18T09:58:09Z
2026-07-17,station_1200545_complete,"Porto, Pedras Rubras (1200545), dia completo",individual_station_sensitivity,complete_station_day,17.9,23.6,1,1200545,"Porto, Pedras Rubras",24,IPMA station hourly observations,2026-07-18T09:58:09Z
2026-07-17,station_1210649_complete,"S. Gens (1210649), dia completo",individual_station_sensitivity,complete_station_day,17.8,24.8,1,1210649,S. Gens,24,IPMA station hourly observations,2026-07-18T09:58:09Z
2026-07-17,two_complete_station_mean,"Média Pedras Rubras/S. Gens, ambos os dias completos",strict_two_station_sensitivity,two_complete_stations,17.85,24.200000000000003,2,1200545;1210649,"Porto, Pedras Rubras;S. Gens",24,IPMA station hourly observations; complete day >= 20 values,2026-07-18T09:58:09Z
2026-07-18,mean_complete_stations,Média das estações IPMA com dia completo,primary_actual_observation,two_complete_stations,17.6,24.95,2,1200545;1210649,"Porto, Pedras Rubras;S. Gens",24,IPMA station hourly observations; complete day >= 20 values,2026-07-19T10:08:19Z
2026-07-18,operational_station_fallback,Fallback operacional Pedras Rubras/S. Gens,operational_reference_with_incomplete_days,two_complete_stations,17.6,24.95,2,1200545;1210649,"Porto, Pedras Rubras; S. Gens",24,IPMA station fallback: daily mean of Pedras Rubras and S. Gens station extrema,2026-07-19T10:08:19Z
2026-07-18,station_1200545_complete,"Porto, Pedras Rubras (1200545), dia completo",individual_station_sensitivity,complete_station_day,18.1,24,1,1200545,"Porto, Pedras Rubras",24,IPMA station hourly observations,2026-07-19T10:08:19Z
2026-07-18,station_1210649_complete,"S. Gens (1210649), dia completo",individual_station_sensitivity,complete_station_day,17.1,25.9,1,1210649,S. Gens,24,IPMA station hourly observations,2026-07-19T10:08:19Z
2026-07-18,two_complete_station_mean,"Média Pedras Rubras/S. Gens, ambos os dias completos",strict_two_station_sensitivity,two_complete_stations,17.6,24.95,2,1200545;1210649,"Porto, Pedras Rubras;S. Gens",24,IPMA station hourly observations; complete day >= 20 values,2026-07-19T10:08:19Z
2026-07-19,mean_complete_stations,Média das estações IPMA com dia completo,primary_actual_observation,two_complete_stations,19.35,25.5,2,1200545;1210649,"Porto, Pedras Rubras;S. Gens",24,IPMA station hourly observations; complete day >= 20 values,2026-07-20T11:23:19Z
2026-07-19,operational_station_fallback,Fallback operacional Pedras Rubras/S. Gens,operational_reference_with_incomplete_days,two_complete_stations,19.35,25.5,2,1200545;1210649,"Porto, Pedras Rubras; S. Gens",24,IPMA station fallback: daily mean of Pedras Rubras and S. Gens station extrema,2026-07-20T11:23:19Z
2026-07-19,station_1200545_complete,"Porto, Pedras Rubras (1200545), dia completo",individual_station_sensitivity,complete_station_day,19.5,24.3,1,1200545,"Porto, Pedras Rubras",24,IPMA station hourly observations,2026-07-20T11:23:19Z
2026-07-19,station_1210649_complete,"S. Gens (1210649), dia completo",individual_station_sensitivity,complete_station_day,19.2,26.7,1,1210649,S. Gens,24,IPMA station hourly observations,2026-07-20T11:23:19Z
2026-07-19,two_complete_station_mean,"Média Pedras Rubras/S. Gens, ambos os dias completos",strict_two_station_sensitivity,two_complete_stations,19.35,25.5,2,1200545;1210649,"Porto, Pedras Rubras;S. Gens",24,IPMA station hourly observations; complete day >= 20 values,2026-07-20T11:23:19Z
2026-07-20,mean_complete_stations,Média das estações IPMA com dia completo,primary_actual_observation,two_complete_stations,19.2,25.9,2,1200545;1210649,"Porto, Pedras Rubras;S. Gens",24,IPMA station hourly observations; complete day >= 20 values,2026-07-21T10:39:31Z
2026-07-20,operational_station_fallback,Fallback operacional Pedras Rubras/S. Gens,operational_reference_with_incomplete_days,two_complete_stations,19.2,25.9,2,1200545;1210649,"Porto, Pedras Rubras; S. Gens",24,IPMA station fallback: daily mean of Pedras Rubras and S. Gens station extrema,2026-07-21T10:39:31Z
2026-07-20,station_1200545_complete,"Porto, Pedras Rubras (1200545), dia completo",individual_station_sensitivity,complete_station_day,19.7,24.6,1,1200545,"Porto, Pedras Rubras",24,IPMA station hourly observations,2026-07-21T10:39:31Z
2026-07-20,station_1210649_complete,"S. Gens (1210649), dia completo",individual_station_sensitivity,complete_station_day,18.7,27.2,1,1210649,S. Gens,24,IPMA station hourly observations,2026-07-21T10:39:31Z
2026-07-20,two_complete_station_mean,"Média Pedras Rubras/S. Gens, ambos os dias completos",strict_two_station_sensitivity,two_complete_stations,19.2,25.9,2,1200545;1210649,"Porto, Pedras Rubras;S. Gens",24,IPMA station hourly observations; complete day >= 20 values,2026-07-21T10:39:31Z
2026-07-21,mean_complete_stations,Média das estações IPMA com dia completo,primary_actual_observation,two_complete_stations,18.05,25.7,2,1200545;1210649,"Porto, Pedras Rubras;S. Gens",24,IPMA station hourly observations; complete day >= 20 values,2026-07-22T10:39:19Z
2026-07-21,operational_station_fallback,Fallback operacional Pedras Rubras/S. Gens,operational_reference_with_incomplete_days,two_complete_stations,18.05,25.7,2,1200545;1210649,"Porto, Pedras Rubras; S. Gens",24,IPMA station fallback: daily mean of Pedras Rubras and S. Gens station extrema,2026-07-22T10:39:19Z
2026-07-21,station_1200545_complete,"Porto, Pedras Rubras (1200545), dia completo",individual_station_sensitivity,complete_station_day,18.6,24.5,1,1200545,"Porto, Pedras Rubras",24,IPMA station hourly observations,2026-07-22T10:39:19Z
2026-07-21,station_1210649_complete,"S. Gens (1210649), dia completo",individual_station_sensitivity,complete_station_day,17.5,26.9,1,1210649,S. Gens,24,IPMA station hourly observations,2026-07-22T10:39:19Z
2026-07-21,two_complete_station_mean,"Média Pedras Rubras/S. Gens, ambos os dias completos",strict_two_station_sensitivity,two_complete_stations,18.05,25.7,2,1200545;1210649,"Porto, Pedras Rubras;S. Gens",24,IPMA station hourly observations; complete day >= 20 values,2026-07-22T10:39:19Z
2026-07-22,mean_complete_stations,Média das estações IPMA com dia completo,primary_actual_observation,two_complete_stations,18.2,25.6,2,1200545;1210649,"Porto, Pedras Rubras;S. Gens",24,IPMA station hourly observations; complete day >= 20 values,2026-07-23T10:40:30Z
2026-07-22,operational_station_fallback,Fallback operacional Pedras Rubras/S. Gens,operational_reference_with_incomplete_days,two_complete_stations,18.2,25.6,2,1200545;1210649,"Porto, Pedras Rubras; S. Gens",24,IPMA station fallback: daily mean of Pedras Rubras and S. Gens station extrema,2026-07-23T10:40:30Z
2026-07-22,station_1200545_complete,"Porto, Pedras Rubras (1200545), dia completo",individual_station_sensitivity,complete_station_day,19,24.4,1,1200545,"Porto, Pedras Rubras",24,IPMA station hourly observations,2026-07-23T10:40:30Z
2026-07-22,station_1210649_complete,"S. Gens (1210649), dia completo",individual_station_sensitivity,complete_station_day,17.4,26.8,1,1210649,S. Gens,24,IPMA station hourly observations,2026-07-23T10:40:30Z
2026-07-22,two_complete_station_mean,"Média Pedras Rubras/S. Gens, ambos os dias completos",strict_two_station_sensitivity,two_complete_stations,18.2,25.6,2,1200545;1210649,"Porto, Pedras Rubras;S. Gens",24,IPMA station hourly observations; complete day >= 20 values,2026-07-23T10:40:30Z
2026-07-23,mean_complete_stations,Média das estações IPMA com dia completo,primary_actual_observation,two_complete_stations,17.450000000000003,26.3,2,1200545;1210649,"Porto, Pedras Rubras;S. Gens",24,IPMA station hourly observations; complete day >= 20 values,2026-07-24T10:34:38Z
2026-07-23,operational_station_fallback,Fallback operacional Pedras Rubras/S. Gens,operational_reference_with_incomplete_days,two_complete_stations,17.45,26.3,2,1200545;1210649,"Porto, Pedras Rubras; S. Gens",24,IPMA station fallback: daily mean of Pedras Rubras and S. Gens station extrema,2026-07-24T10:34:38Z
2026-07-23,station_1200545_complete,"Porto, Pedras Rubras (1200545), dia completo",individual_station_sensitivity,complete_station_day,18.3,25.3,1,1200545,"Porto, Pedras Rubras",24,IPMA station hourly observations,2026-07-24T10:34:38Z
2026-07-23,station_1210649_complete,"S. Gens (1210649), dia completo",individual_station_sensitivity,complete_station_day,16.6,27.3,1,1210649,S. Gens,24,IPMA station hourly observations,2026-07-24T10:34:38Z
2026-07-23,two_complete_station_mean,"Média Pedras Rubras/S. Gens, ambos os dias completos",strict_two_station_sensitivity,two_complete_stations,17.450000000000003,26.3,2,1200545;1210649,"Porto, Pedras Rubras;S. Gens",24,IPMA station hourly observations; complete day >= 20 values,2026-07-24T10:34:38Z
2026-07-24,mean_complete_stations,Média das estações IPMA com dia completo,primary_actual_observation,two_complete_stations,19.45,24.3,2,1200545;1210649,"Porto, Pedras Rubras;S. Gens",24,IPMA station hourly observations; complete day >= 20 values,2026-07-25T10:09:13Z
2026-07-24,operational_station_fallback,Fallback operacional Pedras Rubras/S. Gens,operational_reference_with_incomplete_days,two_complete_stations,19.45,24.3,2,1200545;1210649,"Porto, Pedras Rubras; S. Gens",24,IPMA station fallback: daily mean of Pedras Rubras and S. Gens station extrema,2026-07-25T10:09:13Z
2026-07-24,station_1200545_complete,"Porto, Pedras Rubras (1200545), dia completo",individual_station_sensitivity,complete_station_day,20,23.6,1,1200545,"Porto, Pedras Rubras",24,IPMA station hourly observations,2026-07-25T10:09:13Z
2026-07-24,station_1210649_complete,"S. Gens (1210649), dia completo",individual_station_sensitivity,complete_station_day,18.9,25,1,1210649,S. Gens,24,IPMA station hourly observations,2026-07-25T10:09:13Z
2026-07-24,two_complete_station_mean,"Média Pedras Rubras/S. Gens, ambos os dias completos",strict_two_station_sensitivity,two_complete_stations,19.45,24.3,2,1200545;1210649,"Porto, Pedras Rubras;S. Gens",24,IPMA station hourly observations; complete day >= 20 values,2026-07-25T10:09:13Z
2026-07-25,mean_complete_stations,Média das estações IPMA com dia completo,primary_actual_observation,two_complete_stations,18.4,25.25,2,1200545;1210649,"Porto, Pedras Rubras;S. Gens",24,IPMA station hourly observations; complete day >= 20 values,2026-07-26T10:19:10Z
2026-07-25,operational_station_fallback,Fallback operacional Pedras Rubras/S. Gens,operational_reference_with_incomplete_days,two_complete_stations,18.4,25.25,2,1200545;1210649,"Porto, Pedras Rubras; S. Gens",24,IPMA station fallback: daily mean of Pedras Rubras and S. Gens station extrema,2026-07-26T10:19:10Z
2026-07-25,station_1200545_complete,"Porto, Pedras Rubras (1200545), dia completo",individual_station_sensitivity,complete_station_day,18.9,24.8,1,1200545,"Porto, Pedras Rubras",24,IPMA station hourly observations,2026-07-26T10:19:10Z
2026-07-25,station_1210649_complete,"S. Gens (1210649), dia completo",individual_station_sensitivity,complete_station_day,17.9,25.7,1,1210649,S. Gens,24,IPMA station hourly observations,2026-07-26T10:19:10Z
2026-07-25,two_complete_station_mean,"Média Pedras Rubras/S. Gens, ambos os dias completos",strict_two_station_sensitivity,two_complete_stations,18.4,25.25,2,1200545;1210649,"Porto, Pedras Rubras;S. Gens",24,IPMA station hourly observations; complete day >= 20 values,2026-07-26T10:19:10Z
2026-07-26,mean_complete_stations,Média das estações IPMA com dia completo,primary_actual_observation,two_complete_stations,15,25.55,2,1200545;1210649,"Porto, Pedras Rubras;S. Gens",24,IPMA station hourly observations; complete day >= 20 values,2026-07-27T11:48:22Z
2026-07-26,operational_station_fallback,Fallback operacional Pedras Rubras/S. Gens,operational_reference_with_incomplete_days,two_complete_stations,15,25.55,2,1200545;1210649,"Porto, Pedras Rubras; S. Gens",24,IPMA station fallback: daily mean of Pedras Rubras and S. Gens station extrema,2026-07-27T11:48:22Z
2026-07-26,station_1200545_complete,"Porto, Pedras Rubras (1200545), dia completo",individual_station_sensitivity,complete_station_day,15.7,25,1,1200545,"Porto, Pedras Rubras",24,IPMA station hourly observations,2026-07-27T11:48:22Z
2026-07-26,station_1210649_complete,"S. Gens (1210649), dia completo",individual_station_sensitivity,complete_station_day,14.3,26.1,1,1210649,S. Gens,24,IPMA station hourly observations,2026-07-27T11:48:22Z
2026-07-26,two_complete_station_mean,"Média Pedras Rubras/S. Gens, ambos os dias completos",strict_two_station_sensitivity,two_complete_stations,15,25.55,2,1200545;1210649,"Porto, Pedras Rubras;S. Gens",24,IPMA station hourly observations; complete day >= 20 values,2026-07-27T11:48:22Z
2026-07-27,mean_complete_stations,Média das estações IPMA com dia completo,primary_actual_observation,two_complete_stations,17.5,33.45,2,1200545;1210649,"Porto, Pedras Rubras;S. Gens",24,IPMA station hourly observations; complete day >= 20 values,2026-07-28T10:56:52Z
2026-07-27,operational_station_fallback,Fallback operacional Pedras Rubras/S. Gens,operational_reference_with_incomplete_days,two_complete_stations,17.5,33.45,2,1200545;1210649,"Porto, Pedras Rubras; S. Gens",24,IPMA station fallback: daily mean of Pedras Rubras and S. Gens station extrema,2026-07-28T10:56:52Z
2026-07-27,station_1200545_complete,"Porto, Pedras Rubras (1200545), dia completo",individual_station_sensitivity,complete_station_day,18.3,33.1,1,1200545,"Porto, Pedras Rubras",24,IPMA station hourly observations,2026-07-28T10:56:52Z
2026-07-27,station_1210649_complete,"S. Gens (1210649), dia completo",individual_station_sensitivity,complete_station_day,16.7,33.8,1,1210649,S. Gens,24,IPMA station hourly observations,2026-07-28T10:56:52Z
2026-07-27,two_complete_station_mean,"Média Pedras Rubras/S. Gens, ambos os dias completos",strict_two_station_sensitivity,two_complete_stations,17.5,33.45,2,1200545;1210649,"Porto, Pedras Rubras;S. Gens",24,IPMA station hourly observations; complete day >= 20 values,2026-07-28T10:56:52Z
2026-07-28,mean_complete_stations,Média das estações IPMA com dia completo,primary_actual_observation,two_complete_stations,18.15,25.6,2,1200545;1210649,"Porto, Pedras Rubras;S. Gens",24,IPMA station hourly observations; complete day >= 20 values,2026-07-29T11:00:40Z
2026-07-28,operational_station_fallback,Fallback operacional Pedras Rubras/S. Gens,operational_reference_with_incomplete_days,two_complete_stations,18.15,25.6,2,1200545;1210649,"Porto, Pedras Rubras; S. Gens",24,IPMA station fallback: daily mean of Pedras Rubras and S. Gens station extrema,2026-07-29T11:00:40Z
2026-07-28,station_1200545_complete,"Porto, Pedras Rubras (1200545), dia completo",individual_station_sensitivity,complete_station_day,18.8,25.5,1,1200545,"Porto, Pedras Rubras",24,IPMA station hourly observations,2026-07-29T11:00:40Z
2026-07-28,station_1210649_complete,"S. Gens (1210649), dia completo",individual_station_sensitivity,complete_station_day,17.5,25.7,1,1210649,S. Gens,24,IPMA station hourly observations,2026-07-29T11:00:40Z
2026-07-28,two_complete_station_mean,"Média Pedras Rubras/S. Gens, ambos os dias completos",strict_two_station_sensitivity,two_complete_stations,18.15,25.6,2,1200545;1210649,"Porto, Pedras Rubras;S. Gens",24,IPMA station hourly observations; complete day >= 20 values,2026-07-29T11:00:40Z
2026-07-29,mean_complete_stations,Média das estações IPMA com dia completo,primary_actual_observation,two_complete_stations,18,24.3,2,1200545;1210649,"Porto, Pedras Rubras;S. Gens",24,IPMA station hourly observations; complete day >= 20 values,2026-07-30T10:37:22Z
2026-07-29,operational_station_fallback,Fallback operacional Pedras Rubras/S. Gens,operational_reference_with_incomplete_days,two_complete_stations,18,24.3,2,1200545;1210649,"Porto, Pedras Rubras; S. Gens",24,IPMA station fallback: daily mean of Pedras Rubras and S. Gens station extrema,2026-07-30T10:37:22Z
2026-07-29,station_1200545_complete,"Porto, Pedras Rubras (1200545), dia completo",individual_station_sensitivity,complete_station_day,18.3,23.3,1,1200545,"Porto, Pedras Rubras",24,IPMA station hourly observations,2026-07-30T10:37:22Z
2026-07-29,station_1210649_complete,"S. Gens (1210649), dia completo",individual_station_sensitivity,complete_station_day,17.7,25.3,1,1210649,S. Gens,24,IPMA station hourly observations,2026-07-30T10:37:22Z
2026-07-29,two_complete_station_mean,"Média Pedras Rubras/S. Gens, ambos os dias completos",strict_two_station_sensitivity,two_complete_stations,18,24.3,2,1200545;1210649,"Porto, Pedras Rubras;S. Gens",24,IPMA station hourly observations; complete day >= 20 values,2026-07-30T10:37:22Z
2026-07-30,mean_complete_stations,Média das estações IPMA com dia completo,primary_actual_observation,two_complete_stations,16.4,24.05,2,1200545;1210649,"Porto, Pedras Rubras;S. Gens",22,IPMA station hourly observations; complete day >= 20 values,2026-07-31T11:05:10Z
2026-07-30,operational_station_fallback,Fallback operacional Pedras Rubras/S. Gens,operational_reference_with_incomplete_days,two_complete_stations,16.4,24.05,2,1200545;1210649,"Porto, Pedras Rubras; S. Gens",22,IPMA station fallback: daily mean of Pedras Rubras and S. Gens station extrema,2026-07-31T11:05:10Z
2026-07-30,station_1200545_complete,"Porto, Pedras Rubras (1200545), dia completo",individual_station_sensitivity,complete_station_day,17.2,23.5,1,1200545,"Porto, Pedras Rubras",24,IPMA station hourly observations,2026-07-31T11:05:10Z
2026-07-30,station_1210649_complete,"S. Gens (1210649), dia completo",individual_station_sensitivity,complete_station_day,15.6,24.6,1,1210649,S. Gens,22,IPMA station hourly observations,2026-07-31T11:05:10Z
2026-07-30,two_complete_station_mean,"Média Pedras Rubras/S. Gens, ambos os dias completos",strict_two_station_sensitivity,two_complete_stations,16.4,24.05,2,1200545;1210649,"Porto, Pedras Rubras;S. Gens",22,IPMA station hourly observations; complete day >= 20 values,2026-07-31T11:05:10Z
2026-07-31,mean_complete_stations,Média das estações IPMA com dia completo,primary_actual_observation,two_complete_stations,16.7,25.05,2,1200545;1210649,"Porto, Pedras Rubras;S. Gens",24,IPMA station hourly observations; complete day >= 20 values,2026-08-01T10:14:45Z
2026-07-31,operational_station_fallback,Fallback operacional Pedras Rubras/S. Gens,operational_reference_with_incomplete_days,two_complete_stations,16.7,25.05,2,1200545;1210649,"Porto, Pedras Rubras; S. Gens",24,IPMA station fallback: daily mean of Pedras Rubras and S. Gens station extrema,2026-08-01T10:14:45Z
2026-07-31,station_1200545_complete,"Porto, Pedras Rubras (1200545), dia completo",individual_station_sensitivity,complete_station_day,17.7,24.5,1,1200545,"Porto, Pedras Rubras",24,IPMA station hourly observations,2026-08-01T10:14:45Z
2026-07-31,station_1210649_complete,"S. Gens (1210649), dia completo",individual_station_sensitivity,complete_station_day,15.7,25.6,1,1210649,S. Gens,24,IPMA station hourly observations,2026-08-01T10:14:45Z
2026-07-31,two_complete_station_mean,"Média Pedras Rubras/S. Gens, ambos os dias completos",strict_two_station_sensitivity,two_complete_stations,16.7,25.05,2,1200545;1210649,"Porto, Pedras Rubras;S. Gens",24,IPMA station hourly observations; complete day >= 20 values,2026-08-01T10:14:45Z
2026-08-01,mean_complete_stations,Média das estações IPMA com dia completo,primary_actual_observation,one_complete_station,18.2,24.5,1,1200545,"Porto, Pedras Rubras",24,IPMA station hourly observations; complete day >= 20 values,2026-08-02T10:13:29Z
2026-08-01,operational_station_fallback,Fallback operacional Pedras Rubras/S. Gens,operational_reference_with_incomplete_days,incomplete_station_day,17.9,26.05,2,1200545;1210649,"Porto, Pedras Rubras; S. Gens",18,IPMA station fallback: daily mean of Pedras Rubras and S. Gens station extrema,2026-08-02T10:13:29Z
2026-08-01,station_1200545_complete,"Porto, Pedras Rubras (1200545), dia completo",individual_station_sensitivity,complete_station_day,18.2,24.5,1,1200545,"Porto, Pedras Rubras",24,IPMA station hourly observations,2026-08-02T10:13:29Z
2026-08-02,mean_complete_stations,Média das estações IPMA com dia completo,primary_actual_observation,two_complete_stations,18.15,24.25,2,1200545;1210649,"Porto, Pedras Rubras;S. Gens",21,IPMA station hourly observations; complete day >= 20 values,2026-08-03T11:53:57Z
2026-08-02,operational_station_fallback,Fallback operacional Pedras Rubras/S. Gens,operational_reference_with_incomplete_days,two_complete_stations,18.15,24.25,2,1200545;1210649,"Porto, Pedras Rubras; S. Gens",21,IPMA station fallback: daily mean of Pedras Rubras and S. Gens station extrema,2026-08-03T11:53:57Z
2026-08-02,station_1200545_complete,"Porto, Pedras Rubras (1200545), dia completo",individual_station_sensitivity,complete_station_day,18.9,23.9,1,1200545,"Porto, Pedras Rubras",24,IPMA station hourly observations,2026-08-03T11:53:57Z
2026-08-02,station_1210649_complete,"S. Gens (1210649), dia completo",individual_station_sensitivity,complete_station_day,17.4,24.6,1,1210649,S. Gens,21,IPMA station hourly observations,2026-08-03T11:53:57Z
2026-08-02,two_complete_station_mean,"Média Pedras Rubras/S. Gens, ambos os dias completos",strict_two_station_sensitivity,two_complete_stations,18.15,24.25,2,1200545;1210649,"Porto, Pedras Rubras;S. Gens",21,IPMA station hourly observations; complete day >= 20 values,2026-08-03T11:53:57Z
2026-08-03,mean_complete_stations,Média das estações IPMA com dia completo,primary_actual_observation,two_complete_stations,18.049999999999997,25.4,2,1200545;1210649,"Porto, Pedras Rubras;S. Gens",23,IPMA station hourly observations; complete day >= 20 values,2026-08-04T11:02:13Z
2026-08-03,operational_station_fallback,Fallback operacional Pedras Rubras/S. Gens,operational_reference_with_incomplete_days,two_complete_stations,18.05,25.4,2,1200545;1210649,"Porto, Pedras Rubras; S. Gens",23,IPMA station fallback: daily mean of Pedras Rubras and S. Gens station extrema,2026-08-04T11:02:13Z
2026-08-03,station_1200545_complete,"Porto, Pedras Rubras (1200545), dia completo",individual_station_sensitivity,complete_station_day,18.9,25.2,1,1200545,"Porto, Pedras Rubras",24,IPMA station hourly observations,2026-08-04T11:02:13Z
2026-08-03,station_1210649_complete,"S. Gens (1210649), dia completo",individual_station_sensitivity,complete_station_day,17.2,25.6,1,1210649,S. Gens,23,IPMA station hourly observations,2026-08-04T11:02:13Z
2026-08-03,two_complete_station_mean,"Média Pedras Rubras/S. Gens, ambos os dias completos",strict_two_station_sensitivity,two_complete_stations,18.049999999999997,25.4,2,1200545;1210649,"Porto, Pedras Rubras;S. Gens",23,IPMA station hourly observations; complete day >= 20 values,2026-08-04T11:02:13Z
2026-08-04,mean_complete_stations,Média das estações IPMA com dia completo,primary_actual_observation,two_complete_stations,19.450000000000003,25.200000000000003,2,1200545;1210649,"Porto, Pedras Rubras;S. Gens",24,IPMA station hourly observations; complete day >= 20 values,2026-08-05T10:58:08Z
2026-08-04,operational_station_fallback,Fallback operacional Pedras Rubras/S. Gens,operational_reference_with_incomplete_days,two_complete_stations,19.45,25.2,2,1200545;1210649,"Porto, Pedras Rubras; S. Gens",24,IPMA station fallback: daily mean of Pedras Rubras and S. Gens station extrema,2026-08-05T10:58:08Z
2026-08-04,station_1200545_complete,"Porto, Pedras Rubras (1200545), dia completo",individual_station_sensitivity,complete_station_day,19.8,24.6,1,1200545,"Porto, Pedras Rubras",24,IPMA station hourly observations,2026-08-05T10:58:08Z
2026-08-04,station_1210649_complete,"S. Gens (1210649), dia completo",individual_station_sensitivity,complete_station_day,19.1,25.8,1,1210649,S. Gens,24,IPMA station hourly observations,2026-08-05T10:58:08Z
2026-08-04,two_complete_station_mean,"Média Pedras Rubras/S. Gens, ambos os dias completos",strict_two_station_sensitivity,two_complete_stations,19.450000000000003,25.200000000000003,2,1200545;1210649,"Porto, Pedras Rubras;S. Gens",24,IPMA station hourly observations; complete day >= 20 values,2026-08-05T10:58:08Z
2026-08-05,mean_complete_stations,Média das estações IPMA com dia completo,primary_actual_observation,two_complete_stations,17.4,25.45,2,1200545;1210649,"Porto, Pedras Rubras;S. Gens",24,IPMA station hourly observations; complete day >= 20 values,2026-08-06T10:59:08Z
2026-08-05,operational_station_fallback,Fallback operacional Pedras Rubras/S. Gens,operational_reference_with_incomplete_days,two_complete_stations,17.4,25.45,2,1200545;1210649,"Porto, Pedras Rubras; S. Gens",24,IPMA station fallback: daily mean of Pedras Rubras and S. Gens station extrema,2026-08-06T10:59:08Z
2026-08-05,station_1200545_complete,"Porto, Pedras Rubras (1200545), dia completo",individual_station_sensitivity,complete_station_day,17.9,25,1,1200545,"Porto, Pedras Rubras",24,IPMA station hourly observations,2026-08-06T10:59:08Z
2026-08-05,station_1210649_complete,"S. Gens (1210649), dia completo",individual_station_sensitivity,complete_station_day,16.9,25.9,1,1210649,S. Gens,24,IPMA station hourly observations,2026-08-06T10:59:08Z
2026-08-05,two_complete_station_mean,"Média Pedras Rubras/S. Gens, ambos os dias completos",strict_two_station_sensitivity,two_complete_stations,17.4,25.45,2,1200545;1210649,"Porto, Pedras Rubras;S. Gens",24,IPMA station hourly observations; complete day >= 20 values,2026-08-06T10:59:08Z
2026-08-06,mean_complete_stations,Média das estações IPMA com dia completo,primary_actual_observation,two_complete_stations,17.35,25.65,2,1200545;1210649,"Porto, Pedras Rubras;S. Gens",24,IPMA station hourly observations; complete day >= 20 values,2026-08-07T09:29:52Z
2026-08-06,operational_station_fallback,Fallback operacional Pedras Rubras/S. Gens,operational_reference_with_incomplete_days,two_complete_stations,17.35,25.65,2,1200545;1210649,"Porto, Pedras Rubras; S. Gens",24,IPMA station fallback: daily mean of Pedras Rubras and S. Gens station extrema,2026-08-07T09:29:52Z
2026-08-06,station_1200545_complete,"Porto, Pedras Rubras (1200545), dia completo",individual_station_sensitivity,complete_station_day,17.9,24.5,1,1200545,"Porto, Pedras Rubras",24,IPMA station hourly observations,2026-08-07T09:29:52Z
2026-08-06,station_1210649_complete,"S. Gens (1210649), dia completo",individual_station_sensitivity,complete_station_day,16.8,26.8,1,1210649,S. Gens,24,IPMA station hourly observations,2026-08-07T09:29:52Z
2026-08-06,two_complete_station_mean,"Média Pedras Rubras/S. Gens, ambos os dias completos",strict_two_station_sensitivity,two_complete_stations,17.35,25.65,2,1200545;1210649,"Porto, Pedras Rubras;S. Gens",24,IPMA station hourly observations; complete day >= 20 values,2026-08-07T09:29:52Z
2026-08-07,mean_complete_stations,Média das estações IPMA com dia completo,primary_actual_observation,two_complete_stations,17.6,25.6,2,1200545;1210649,"Porto, Pedras Rubras;S. Gens",24,IPMA station hourly observations; complete day >= 20 values,2026-08-08T09:08:27Z
2026-08-07,operational_station_fallback,Fallback operacional Pedras Rubras/S. Gens,operational_reference_with_incomplete_days,two_complete_stations,17.6,25.6,2,1200545;1210649,"Porto, Pedras Rubras; S. Gens",24,IPMA station fallback: daily mean of Pedras Rubras and S. Gens station extrema,2026-08-08T09:08:27Z
2026-08-07,station_1200545_complete,"Porto, Pedras Rubras (1200545), dia completo",individual_station_sensitivity,complete_station_day,18.4,24.5,1,1200545,"Porto, Pedras Rubras",24,IPMA station hourly observations,2026-08-08T09:08:27Z
2026-08-07,station_1210649_complete,"S. Gens (1210649), dia completo",individual_station_sensitivity,complete_station_day,16.8,26.7,1,1210649,S. Gens,24,IPMA station hourly observations,2026-08-08T09:08:27Z
2026-08-07,two_complete_station_mean,"Média Pedras Rubras/S. Gens, ambos os dias completos",strict_two_station_sensitivity,two_complete_stations,17.6,25.6,2,1200545;1210649,"Porto, Pedras Rubras;S. Gens",24,IPMA station hourly observations; complete day >= 20 values,2026-08-08T09:08:27Z
2026-08-08,mean_complete_stations,Média das estações IPMA com dia completo,primary_actual_observation,two_complete_stations,19.55,27.9,2,1200545;1210649,"Porto, Pedras Rubras;S. Gens",24,IPMA station hourly observations; complete day >= 20 values,2026-08-09T09:09:31Z
2026-08-08,operational_station_fallback,Fallback operacional Pedras Rubras/S. Gens,operational_reference_with_incomplete_days,two_complete_stations,19.55,27.9,2,1200545;1210649,"Porto, Pedras Rubras; S. Gens",24,IPMA station fallback: daily mean of Pedras Rubras and S. Gens station extrema,2026-08-09T09:09:31Z
2026-08-08,station_1200545_complete,"Porto, Pedras Rubras (1200545), dia completo",individual_station_sensitivity,complete_station_day,20.3,26.6,1,1200545,"Porto, Pedras Rubras",24,IPMA station hourly observations,2026-08-09T09:09:31Z
2026-08-08,station_1210649_complete,"S. Gens (1210649), dia completo",individual_station_sensitivity,complete_station_day,18.8,29.2,1,1210649,S. Gens,24,IPMA station hourly observations,2026-08-09T09:09:31Z
2026-08-08,two_complete_station_mean,"Média Pedras Rubras/S. Gens, ambos os dias completos",strict_two_station_sensitivity,two_complete_stations,19.55,27.9,2,1200545;1210649,"Porto, Pedras Rubras;S. Gens",24,IPMA station hourly observations; complete day >= 20 values,2026-08-09T09:09:31Z
2026-08-09,mean_complete_stations,Média das estações IPMA com dia completo,primary_actual_observation,two_complete_stations,19.1,25.8,2,1200545;1210649,"Porto, Pedras Rubras;S. Gens",24,IPMA station hourly observations; complete day >= 20 values,2026-08-10T09:55:45Z
2026-08-09,operational_station_fallback,Fallback operacional Pedras Rubras/S. Gens,operational_reference_with_incomplete_days,two_complete_stations,19.1,25.8,2,1200545;1210649,"Porto, Pedras Rubras; S. Gens",24,IPMA station fallback: daily mean of Pedras Rubras and S. Gens station extrema,2026-08-10T09:55:45Z
2026-08-09,station_1200545_complete,"Porto, Pedras Rubras (1200545), dia completo",individual_station_sensitivity,complete_station_day,19.6,25,1,1200545,"Porto, Pedras Rubras",24,IPMA station hourly observations,2026-08-10T09:55:45Z
2026-08-09,station_1210649_complete,"S. Gens (1210649), dia completo",individual_station_sensitivity,complete_station_day,18.6,26.6,1,1210649,S. Gens,24,IPMA station hourly observations,2026-08-10T09:55:45Z
2026-08-09,two_complete_station_mean,"Média Pedras Rubras/S. Gens, ambos os dias completos",strict_two_station_sensitivity,two_complete_stations,19.1,25.8,2,1200545;1210649,"Porto, Pedras Rubras;S. Gens",24,IPMA station hourly observations; complete day >= 20 values,2026-08-10T09:55:45Z
2026-08-10,mean_complete_stations,Média das estações IPMA com dia completo,primary_actual_observation,two_complete_stations,16.5,25.65,2,1200545;1210649,"Porto, Pedras Rubras;S. Gens",24,IPMA station hourly observations; complete day >= 20 values,2026-08-11T09:28:05Z
2026-08-10,operational_station_fallback,Fallback operacional Pedras Rubras/S. Gens,operational_reference_with_incomplete_days,two_complete_stations,16.5,25.65,2,1200545;1210649,"Porto, Pedras Rubras; S. Gens",24,IPMA station fallback: daily mean of Pedras Rubras and S. Gens station extrema,2026-08-11T09:28:05Z
2026-08-10,station_1200545_complete,"Porto, Pedras Rubras (1200545), dia completo",individual_station_sensitivity,complete_station_day,17.3,24.8,1,1200545,"Porto, Pedras Rubras",24,IPMA station hourly observations,2026-08-11T09:28:05Z
2026-08-10,station_1210649_complete,"S. Gens (1210649), dia completo",individual_station_sensitivity,complete_station_day,15.7,26.5,1,1210649,S. Gens,24,IPMA station hourly observations,2026-08-11T09:28:05Z
2026-08-10,two_complete_station_mean,"Média Pedras Rubras/S. Gens, ambos os dias completos",strict_two_station_sensitivity,two_complete_stations,16.5,25.65,2,1200545;1210649,"Porto, Pedras Rubras;S. Gens",24,IPMA station hourly observations; complete day >= 20 values,2026-08-11T09:28:05Z
2026-08-11,mean_complete_stations,Média das estações IPMA com dia completo,primary_actual_observation,two_complete_stations,18.75,24.9,2,1200545;1210649,"Porto, Pedras Rubras;S. Gens",24,IPMA station hourly observations; complete day >= 20 values,2026-08-12T09:37:53Z
2026-08-11,operational_station_fallback,Fallback operacional Pedras Rubras/S. Gens,operational_reference_with_incomplete_days,two_complete_stations,18.75,24.9,2,1200545;1210649,"Porto, Pedras Rubras; S. Gens",24,IPMA station fallback: daily mean of Pedras Rubras and S. Gens station extrema,2026-08-12T09:37:53Z
2026-08-11,station_1200545_complete,"Porto, Pedras Rubras (1200545), dia completo",individual_station_sensitivity,complete_station_day,18.9,23.8,1,1200545,"Porto, Pedras Rubras",24,IPMA station hourly observations,2026-08-12T09:37:53Z
2026-08-11,station_1210649_complete,"S. Gens (1210649), dia completo",individual_station_sensitivity,complete_station_day,18.6,26,1,1210649,S. Gens,24,IPMA station hourly observations,2026-08-12T09:37:53Z
2026-08-11,two_complete_station_mean,"Média Pedras Rubras/S. Gens, ambos os dias completos",strict_two_station_sensitivity,two_complete_stations,18.75,24.9,2,1200545;1210649,"Porto, Pedras Rubras;S. Gens",24,IPMA station hourly observations; complete day >= 20 values,2026-08-12T09:37:53Z
2026-08-12,mean_complete_stations,Média das estações IPMA com dia completo,primary_actual_observation,two_complete_stations,19,25.85,2,1200545;1210649,"Porto, Pedras Rubras;S. Gens",24,IPMA station hourly observations; complete day >= 20 values,2026-08-13T09:38:23Z
2026-08-12,operational_station_fallback,Fallback operacional Pedras Rubras/S. Gens,operational_reference_with_incomplete_days,two_complete_stations,19,25.85,2,1200545;1210649,"Porto, Pedras Rubras; S. Gens",24,IPMA station fallback: daily mean of Pedras Rubras and S. Gens station extrema,2026-08-13T09:38:23Z
2026-08-12,station_1200545_complete,"Porto, Pedras Rubras (1200545), dia completo",individual_station_sensitivity,complete_station_day,19.4,24.6,1,1200545,"Porto, Pedras Rubras",24,IPMA station hourly observations,2026-08-13T09:38:23Z
2026-08-12,station_1210649_complete,"S. Gens (1210649), dia completo",individual_station_sensitivity,complete_station_day,18.6,27.1,1,1210649,S. Gens,24,IPMA station hourly observations,2026-08-13T09:38:23Z
2026-08-12,two_complete_station_mean,"Média Pedras Rubras/S. Gens, ambos os dias completos",strict_two_station_sensitivity,two_complete_stations,19,25.85,2,1200545;1210649,"Porto, Pedras Rubras;S. Gens",24,IPMA station hourly observations; complete day >= 20 values,2026-08-13T09:38:23Z
2026-08-13,mean_complete_stations,Média das estações IPMA com dia completo,primary_actual_observation,two_complete_stations,19.35,24.7,2,1200545;1210649,"Porto, Pedras Rubras;S. Gens",24,IPMA station hourly observations; complete day >= 20 values,2026-08-14T09:33:17Z
2026-08-13,operational_station_fallback,Fallback operacional Pedras Rubras/S. Gens,operational_reference_with_incomplete_days,two_complete_stations,19.35,24.7,2,1200545;1210649,"Porto, Pedras Rubras; S. Gens",24,IPMA station fallback: daily mean of Pedras Rubras and S. Gens station extrema,2026-08-14T09:33:17Z
2026-08-13,station_1200545_complete,"Porto, Pedras Rubras (1200545), dia completo",individual_station_sensitivity,complete_station_day,19.4,23.2,1,1200545,"Porto, Pedras Rubras",24,IPMA station hourly observations,2026-08-14T09:33:17Z
2026-08-13,station_1210649_complete,"S. Gens (1210649), dia completo",individual_station_sensitivity,complete_station_day,19.3,26.2,1,1210649,S. Gens,24,IPMA station hourly observations,2026-08-14T09:33:17Z
2026-08-13,two_complete_station_mean,"Média Pedras Rubras/S. Gens, ambos os dias completos",strict_two_station_sensitivity,two_complete_stations,19.35,24.7,2,1200545;1210649,"Porto, Pedras Rubras;S. Gens",24,IPMA station hourly observations; complete day >= 20 values,2026-08-14T09:33:17Z
2026-08-14,mean_complete_stations,Média das estações IPMA com dia completo,primary_actual_observation,two_complete_stations,19.200000000000003,24.35,2,1200545;1210649,"Porto, Pedras Rubras;S. Gens",24,IPMA station hourly observations; complete day >= 20 values,2026-08-15T08:52:58Z
2026-08-14,operational_station_fallback,Fallback operacional Pedras Rubras/S. Gens,operational_reference_with_incomplete_days,two_complete_stations,19.2,24.35,2,1200545;1210649,"Porto, Pedras Rubras; S. Gens",24,IPMA station fallback: daily mean of Pedras Rubras and S. Gens station extrema,2026-08-15T08:52:58Z
2026-08-14,station_1200545_complete,"Porto, Pedras Rubras (1200545), dia completo",individual_station_sensitivity,complete_station_day,19.3,24,1,1200545,"Porto, Pedras Rubras",24,IPMA station hourly observations,2026-08-15T08:52:58Z
2026-08-14,station_1210649_complete,"S. Gens (1210649), dia completo",individual_station_sensitivity,complete_station_day,19.1,24.7,1,1210649,S. Gens,24,IPMA station hourly observations,2026-08-15T08:52:58Z
2026-08-14,two_complete_station_mean,"Média Pedras Rubras/S. Gens, ambos os dias completos",strict_two_station_sensitivity,two_complete_stations,19.200000000000003,24.35,2,1200545;1210649,"Porto, Pedras Rubras;S. Gens",24,IPMA station hourly observations; complete day >= 20 values,2026-08-15T08:52:58Z
2026-08-15,mean_complete_stations,Média das estações IPMA com dia completo,primary_actual_observation,two_complete_stations,19,28.1,2,1200545;1210649,"Porto, Pedras Rubras;S. Gens",24,IPMA station hourly observations; complete day >= 20 values,2026-08-16T08:54:17Z
2026-08-15,operational_station_fallback,Fallback operacional Pedras Rubras/S. Gens,operational_reference_with_incomplete_days,two_complete_stations,19,28.1,2,1200545;1210649,"Porto, Pedras Rubras; S. Gens",24,IPMA station fallback: daily mean of Pedras Rubras and S. Gens station extrema,2026-08-16T08:54:17Z
2026-08-15,station_1200545_complete,"Porto, Pedras Rubras (1200545), dia completo",individual_station_sensitivity,complete_station_day,19.4,27.5,1,1200545,"Porto, Pedras Rubras",24,IPMA station hourly observations,2026-08-16T08:54:17Z
2026-08-15,station_1210649_complete,"S. Gens (1210649), dia completo",individual_station_sensitivity,complete_station_day,18.6,28.7,1,1210649,S. Gens,24,IPMA station hourly observations,2026-08-16T08:54:17Z
2026-08-15,two_complete_station_mean,"Média Pedras Rubras/S. Gens, ambos os dias completos",strict_two_station_sensitivity,two_complete_stations,19,28.1,2,1200545;1210649,"Porto, Pedras Rubras;S. Gens",24,IPMA station hourly observations; complete day >= 20 values,2026-08-16T08:54:17Z
2026-08-16,mean_complete_stations,Média das estações IPMA com dia completo,primary_actual_observation,two_complete_stations,19.1,31.7,2,1200545;1210649,"Porto, Pedras Rubras;S. Gens",24,IPMA station hourly observations; complete day >= 20 values,2026-08-17T09:07:06Z
2026-08-16,operational_station_fallback,Fallback operacional Pedras Rubras/S. Gens,operational_reference_with_incomplete_days,two_complete_stations,19.1,31.7,2,1200545;1210649,"Porto, Pedras Rubras; S. Gens",24,IPMA station fallback: daily mean of Pedras Rubras and S. Gens station extrema,2026-08-17T09:07:06Z
2026-08-16,station_1200545_complete,"Porto, Pedras Rubras (1200545), dia completo",individual_station_sensitivity,complete_station_day,19.7,31.1,1,1200545,"Porto, Pedras Rubras",24,IPMA station hourly observations,2026-08-17T09:07:06Z
2026-08-16,station_1210649_complete,"S. Gens (1210649), dia completo",individual_station_sensitivity,complete_station_day,18.5,32.3,1,1210649,S. Gens,24,IPMA station hourly observations,2026-08-17T09:07:06Z
2026-08-16,two_complete_station_mean,"Média Pedras Rubras/S. Gens, ambos os dias completos",strict_two_station_sensitivity,two_complete_stations,19.1,31.7,2,1200545;1210649,"Porto, Pedras Rubras;S. Gens",24,IPMA station hourly observations; complete day >= 20 values,2026-08-17T09:07:06Z
2026-08-17,mean_complete_stations,Média das estações IPMA com dia completo,primary_actual_observation,two_complete_stations,21.549999999999997,35.25,2,1200545;1210649,"Porto, Pedras Rubras;S. Gens",24,IPMA station hourly observations; complete day >= 20 values,2026-08-18T09:01:55Z
2026-08-17,operational_station_fallback,Fallback operacional Pedras Rubras/S. Gens,operational_reference_with_incomplete_days,two_complete_stations,21.55,35.25,2,1200545;1210649,"Porto, Pedras Rubras; S. Gens",24,IPMA station fallback: daily mean of Pedras Rubras and S. Gens station extrema,2026-08-18T09:01:55Z
2026-08-17,station_1200545_complete,"Porto, Pedras Rubras (1200545), dia completo",individual_station_sensitivity,complete_station_day,22.2,34.4,1,1200545,"Porto, Pedras Rubras",24,IPMA station hourly observations,2026-08-18T09:01:55Z
2026-08-17,station_1210649_complete,"S. Gens (1210649), dia completo",individual_station_sensitivity,complete_station_day,20.9,36.1,1,1210649,S. Gens,24,IPMA station hourly observations,2026-08-18T09:01:55Z
2026-08-17,two_complete_station_mean,"Média Pedras Rubras/S. Gens, ambos os dias completos",strict_two_station_sensitivity,two_complete_stations,21.549999999999997,35.25,2,1200545;1210649,"Porto, Pedras Rubras;S. Gens",24,IPMA station hourly observations; complete day >= 20 values,2026-08-18T09:01:55Z
2026-08-18,mean_complete_stations,Média das estações IPMA com dia completo,primary_actual_observation,two_complete_stations,21.15,28.05,2,1200545;1210649,"Porto, Pedras Rubras;S. Gens",24,IPMA station hourly observations; complete day >= 20 values,2026-08-19T09:47:45Z
2026-08-18,operational_station_fallback,Fallback operacional Pedras Rubras/S. Gens,operational_reference_with_incomplete_days,two_complete_stations,21.15,28.05,2,1200545;1210649,"Porto, Pedras Rubras; S. Gens",24,IPMA station fallback: daily mean of Pedras Rubras and S. Gens station extrema,2026-08-19T09:47:45Z
2026-08-18,station_1200545_complete,"Porto, Pedras Rubras (1200545), dia completo",individual_station_sensitivity,complete_station_day,21.6,27,1,1200545,"Porto, Pedras Rubras",24,IPMA station hourly observations,2026-08-19T09:47:45Z
2026-08-18,station_1210649_complete,"S. Gens (1210649), dia completo",individual_station_sensitivity,complete_station_day,20.7,29.1,1,1210649,S. Gens,24,IPMA station hourly observations,2026-08-19T09:47:45Z
2026-08-18,two_complete_station_mean,"Média Pedras Rubras/S. Gens, ambos os dias completos",strict_two_station_sensitivity,two_complete_stations,21.15,28.05,2,1200545;1210649,"Porto, Pedras Rubras;S. Gens",24,IPMA station hourly observations; complete day >= 20 values,2026-08-19T09:47:45Z
2026-08-19,mean_complete_stations,Média das estações IPMA com dia completo,primary_actual_observation,two_complete_stations,19.950000000000003,24.85,2,1200545;1210649,"Porto, Pedras Rubras;S. Gens",24,IPMA station hourly observations; complete day >= 20 values,2026-08-20T09:04:09Z
2026-08-19,operational_station_fallback,Fallback operacional Pedras Rubras/S. Gens,operational_reference_with_incomplete_days,two_complete_stations,19.95,24.85,2,1200545;1210649,"Porto, Pedras Rubras; S. Gens",24,IPMA station fallback: daily mean of Pedras Rubras and S. Gens station extrema,2026-08-20T09:04:09Z
2026-08-19,station_1200545_complete,"Porto, Pedras Rubras (1200545), dia completo",individual_station_sensitivity,complete_station_day,20.3,24,1,1200545,"Porto, Pedras Rubras",24,IPMA station hourly observations,2026-08-20T09:04:09Z
2026-08-19,station_1210649_complete,"S. Gens (1210649), dia completo",individual_station_sensitivity,complete_station_day,19.6,25.7,1,1210649,S. Gens,24,IPMA station hourly observations,2026-08-20T09:04:09Z
2026-08-19,two_complete_station_mean,"Média Pedras Rubras/S. Gens, ambos os dias completos",strict_two_station_sensitivity,two_complete_stations,19.950000000000003,24.85,2,1200545;1210649,"Porto, Pedras Rubras;S. Gens",24,IPMA station hourly observations; complete day >= 20 values,2026-08-20T09:04:09Z
2026-08-20,mean_complete_stations,Média das estações IPMA com dia completo,primary_actual_observation,two_complete_stations,17.6,23.65,2,1200545;1210649,"Porto, Pedras Rubras;S. Gens",24,IPMA station hourly observations; complete day >= 20 values,2026-08-21T09:06:29Z
2026-08-20,operational_station_fallback,Fallback operacional Pedras Rubras/S. Gens,operational_reference_with_incomplete_days,two_complete_stations,17.6,23.65,2,1200545;1210649,"Porto, Pedras Rubras; S. Gens",24,IPMA station fallback: daily mean of Pedras Rubras and S. Gens station extrema,2026-08-21T09:06:29Z
2026-08-20,station_1200545_complete,"Porto, Pedras Rubras (1200545), dia completo",individual_station_sensitivity,complete_station_day,17.7,22.9,1,1200545,"Porto, Pedras Rubras",24,IPMA station hourly observations,2026-08-21T09:06:29Z
2026-08-20,station_1210649_complete,"S. Gens (1210649), dia completo",individual_station_sensitivity,complete_station_day,17.5,24.4,1,1210649,S. Gens,24,IPMA station hourly observations,2026-08-21T09:06:29Z
2026-08-20,two_complete_station_mean,"Média Pedras Rubras/S. Gens, ambos os dias completos",strict_two_station_sensitivity,two_complete_stations,17.6,23.65,2,1200545;1210649,"Porto, Pedras Rubras;S. Gens",24,IPMA station hourly observations; complete day >= 20 values,2026-08-21T09:06:29Z
2026-08-21,mean_complete_stations,Média das estações IPMA com dia completo,primary_actual_observation,two_complete_stations,14.35,22.7,2,1200545;1210649,"Porto, Pedras Rubras;S. Gens",24,IPMA station hourly observations; complete day >= 20 values,2026-08-22T08:54:55Z
2026-08-21,operational_station_fallback,Fallback operacional Pedras Rubras/S. Gens,operational_reference_with_incomplete_days,two_complete_stations,14.35,22.7,2,1200545;1210649,"Porto, Pedras Rubras; S. Gens",24,IPMA station fallback: daily mean of Pedras Rubras and S. Gens station extrema,2026-08-22T08:54:55Z
2026-08-21,station_1200545_complete,"Porto, Pedras Rubras (1200545), dia completo",individual_station_sensitivity,complete_station_day,14.7,22.2,1,1200545,"Porto, Pedras Rubras",24,IPMA station hourly observations,2026-08-22T08:54:55Z
2026-08-21,station_1210649_complete,"S. Gens (1210649), dia completo",individual_station_sensitivity,complete_station_day,14,23.2,1,1210649,S. Gens,24,IPMA station hourly observations,2026-08-22T08:54:55Z
2026-08-21,two_complete_station_mean,"Média Pedras Rubras/S. Gens, ambos os dias completos",strict_two_station_sensitivity,two_complete_stations,14.35,22.7,2,1200545;1210649,"Porto, Pedras Rubras;S. Gens",24,IPMA station hourly observations; complete day >= 20 values,2026-08-22T08:54:55Z
2026-08-22,mean_complete_stations,Média das estações IPMA com dia completo,primary_actual_observation,two_complete_stations,14.5,23.4,2,1200545;1210649,"Porto, Pedras Rubras;S. Gens",22,IPMA station hourly observations; complete day >= 20 values,2026-08-23T08:55:32Z
2026-08-22,operational_station_fallback,Fallback operacional Pedras Rubras/S. Gens,operational_reference_with_incomplete_days,two_complete_stations,14.5,23.4,2,1200545;1210649,"Porto, Pedras Rubras; S. Gens",22,IPMA station fallback: daily mean of Pedras Rubras and S. Gens station extrema,2026-08-23T08:55:32Z
2026-08-22,station_1200545_complete,"Porto, Pedras Rubras (1200545), dia completo",individual_station_sensitivity,complete_station_day,15.1,22.3,1,1200545,"Porto, Pedras Rubras",22,IPMA station hourly observations,2026-08-23T08:55:32Z
2026-08-22,station_1210649_complete,"S. Gens (1210649), dia completo",individual_station_sensitivity,complete_station_day,13.9,24.5,1,1210649,S. Gens,22,IPMA station hourly observations,2026-08-23T08:55:32Z
2026-08-22,two_complete_station_mean,"Média Pedras Rubras/S. Gens, ambos os dias completos",strict_two_station_sensitivity,two_complete_stations,14.5,23.4,2,1200545;1210649,"Porto, Pedras Rubras;S. Gens",22,IPMA station hourly observations; complete day >= 20 values,2026-08-23T08:55:32Z
2026-08-23,mean_complete_stations,Média das estações IPMA com dia completo,primary_actual_observation,two_complete_stations,16.85,25.049999999999997,2,1200545;1210649,"Porto, Pedras Rubras;S. Gens",24,IPMA station hourly observations; complete day >= 20 values,2026-08-24T09:11:12Z
2026-08-23,operational_station_fallback,Fallback operacional Pedras Rubras/S. Gens,operational_reference_with_incomplete_days,two_complete_stations,16.85,25.05,2,1200545;1210649,"Porto, Pedras Rubras; S. Gens",24,IPMA station fallback: daily mean of Pedras Rubras and S. Gens station extrema,2026-08-24T09:11:12Z
2026-08-23,station_1200545_complete,"Porto, Pedras Rubras (1200545), dia completo",individual_station_sensitivity,complete_station_day,17.2,25.7,1,1200545,"Porto, Pedras Rubras",24,IPMA station hourly observations,2026-08-24T09:11:12Z
2026-08-23,station_1210649_complete,"S. Gens (1210649), dia completo",individual_station_sensitivity,complete_station_day,16.5,24.4,1,1210649,S. Gens,24,IPMA station hourly observations,2026-08-24T09:11:12Z
2026-08-23,two_complete_station_mean,"Média Pedras Rubras/S. Gens, ambos os dias completos",strict_two_station_sensitivity,two_complete_stations,16.85,25.049999999999997,2,1200545;1210649,"Porto, Pedras Rubras;S. Gens",24,IPMA station hourly observations; complete day >= 20 values,2026-08-24T09:11:12Z
2026-08-24,mean_complete_stations,Média das estações IPMA com dia completo,primary_actual_observation,two_complete_stations,18,20.15,2,1200545;1210649,"Porto, Pedras Rubras;S. Gens",24,IPMA station hourly observations; complete day >= 20 values,2026-08-25T09:06:02Z
2026-08-24,operational_station_fallback,Fallback operacional Pedras Rubras/S. Gens,operational_reference_with_incomplete_days,two_complete_stations,18,20.15,2,1200545;1210649,"Porto, Pedras Rubras; S. Gens",24,IPMA station fallback: daily mean of Pedras Rubras and S. Gens station extrema,2026-08-25T09:06:02Z
2026-08-24,station_1200545_complete,"Porto, Pedras Rubras (1200545), dia completo",individual_station_sensitivity,complete_station_day,18.7,20.6,1,1200545,"Porto, Pedras Rubras",24,IPMA station hourly observations,2026-08-25T09:06:02Z
2026-08-24,station_1210649_complete,"S. Gens (1210649), dia completo",individual_station_sensitivity,complete_station_day,17.3,19.7,1,1210649,S. Gens,24,IPMA station hourly observations,2026-08-25T09:06:02Z
2026-08-24,two_complete_station_mean,"Média Pedras Rubras/S. Gens, ambos os dias completos",strict_two_station_sensitivity,two_complete_stations,18,20.15,2,1200545;1210649,"Porto, Pedras Rubras;S. Gens",24,IPMA station hourly observations; complete day >= 20 values,2026-08-25T09:06:02Z
2026-08-25,mean_complete_stations,Média das estações IPMA com dia completo,primary_actual_observation,two_complete_stations,18.35,23.75,2,1200545;1210649,"Porto, Pedras Rubras;S. Gens",24,IPMA station hourly observations; complete day >= 20 values,2026-08-26T09:08:46Z
2026-08-25,operational_station_fallback,Fallback operacional Pedras Rubras/S. Gens,operational_reference_with_incomplete_days,two_complete_stations,18.35,23.75,2,1200545;1210649,"Porto, Pedras Rubras; S. Gens",24,IPMA station fallback: daily mean of Pedras Rubras and S. Gens station extrema,2026-08-26T09:08:46Z
2026-08-25,station_1200545_complete,"Porto, Pedras Rubras (1200545), dia completo",individual_station_sensitivity,complete_station_day,18.9,23.1,1,1200545,"Porto, Pedras Rubras",24,IPMA station hourly observations,2026-08-26T09:08:46Z
2026-08-25,station_1210649_complete,"S. Gens (1210649), dia completo",individual_station_sensitivity,complete_station_day,17.8,24.4,1,1210649,S. Gens,24,IPMA station hourly observations,2026-08-26T09:08:46Z
2026-08-25,two_complete_station_mean,"Média Pedras Rubras/S. Gens, ambos os dias completos",strict_two_station_sensitivity,two_complete_stations,18.35,23.75,2,1200545;1210649,"Porto, Pedras Rubras;S. Gens",24,IPMA station hourly observations; complete day >= 20 values,2026-08-26T09:08:46Z
2026-08-26,operational_station_fallback,Fallback operacional Pedras Rubras/S. Gens,operational_reference_with_incomplete_days,incomplete_station_day,16.7,19.05,2,1200545;1210649,"Porto, Pedras Rubras; S. Gens",14,IPMA station fallback: daily mean of Pedras Rubras and S. Gens station extrema,2026-08-27T19:10:57Z
2026-08-27,mean_complete_stations,Média das estações IPMA com dia completo,primary_actual_observation,one_complete_station,14.3,19.7,1,1210649,S. Gens,24,IPMA station hourly observations; complete day >= 20 values,2026-08-27T23:52:07Z
2026-08-27,operational_station_fallback,Fallback operacional Pedras Rubras/S. Gens,operational_reference_with_incomplete_days,incomplete_station_day,14.35,19.85,2,1200545;1210649,"Porto, Pedras Rubras; S. Gens",19,IPMA station fallback: daily mean of Pedras Rubras and S. Gens station extrema,2026-08-27T23:52:07Z
2026-08-27,station_1210649_complete,"S. Gens (1210649), dia completo",individual_station_sensitivity,complete_station_day,14.3,19.7,1,1210649,S. Gens,24,IPMA station hourly observations,2026-08-27T23:52:07Z
2026-08-28,mean_complete_stations,Média das estações IPMA com dia completo,primary_actual_observation,two_complete_stations,16.35,22.9,2,1200545;1210649,"Porto, Pedras Rubras;S. Gens",24,IPMA station hourly observations; complete day >= 20 values,2026-08-28T23:37:38Z
2026-08-28,operational_station_fallback,Fallback operacional Pedras Rubras/S. Gens,operational_reference_with_incomplete_days,two_complete_stations,16.35,22.9,2,1200545;1210649,"Porto, Pedras Rubras; S. Gens",24,IPMA station fallback: daily mean of Pedras Rubras and S. Gens station extrema,2026-08-28T23:37:38Z
2026-08-28,station_1200545_complete,"Porto, Pedras Rubras (1200545), dia completo",individual_station_sensitivity,complete_station_day,17.2,22.1,1,1200545,"Porto, Pedras Rubras",24,IPMA station hourly observations,2026-08-28T23:37:38Z
2026-08-28,station_1210649_complete,"S. Gens (1210649), dia completo",individual_station_sensitivity,complete_station_day,15.5,23.7,1,1210649,S. Gens,24,IPMA station hourly observations,2026-08-28T23:37:38Z
2026-08-28,two_complete_station_mean,"Média Pedras Rubras/S. Gens, ambos os dias completos",strict_two_station_sensitivity,two_complete_stations,16.35,22.9,2,1200545;1210649,"Porto, Pedras Rubras;S. Gens",24,IPMA station hourly observations; complete day >= 20 values,2026-08-28T23:37:38Z
2026-08-29,mean_complete_stations,Média das estações IPMA com dia completo,primary_actual_observation,two_complete_stations,15.350000000000001,23.85,2,1200545;1210649,"Porto, Pedras Rubras;S. Gens",24,IPMA station hourly observations; complete day >= 20 values,2026-08-30T13:53:39Z
2026-08-29,operational_station_fallback,Fallback operacional Pedras Rubras/S. Gens,operational_reference_with_incomplete_days,two_complete_stations,15.35,23.85,2,1200545;1210649,"Porto, Pedras Rubras; S. Gens",24,IPMA station fallback: daily mean of Pedras Rubras and S. Gens station extrema,2026-08-30T13:53:39Z
2026-08-29,station_1200545_complete,"Porto, Pedras Rubras (1200545), dia completo",individual_station_sensitivity,complete_station_day,15.9,22.8,1,1200545,"Porto, Pedras Rubras",24,IPMA station hourly observations,2026-08-30T13:53:39Z
2026-08-29,station_1210649_complete,"S. Gens (1210649), dia completo",individual_station_sensitivity,complete_station_day,14.8,24.9,1,1210649,S. Gens,24,IPMA station hourly observations,2026-08-30T13:53:39Z
2026-08-29,two_complete_station_mean,"Média Pedras Rubras/S. Gens, ambos os dias completos",strict_two_station_sensitivity,two_complete_stations,15.350000000000001,23.85,2,1200545;1210649,"Porto, Pedras Rubras;S. Gens",24,IPMA station hourly observations; complete day >= 20 values,2026-08-30T13:53:39Z
2026-08-30,mean_complete_stations,Média das estações IPMA com dia completo,primary_actual_observation,two_complete_stations,17.35,23.35,2,1200545;1210649,"Porto, Pedras Rubras;S. Gens",24,IPMA station hourly observations; complete day >= 20 values,2026-08-31T16:15:47Z
2026-08-30,operational_station_fallback,Fallback operacional Pedras Rubras/S. Gens,operational_reference_with_incomplete_days,two_complete_stations,17.35,23.35,2,1200545;1210649,"Porto, Pedras Rubras; S. Gens",24,IPMA station fallback: daily mean of Pedras Rubras and S. Gens station extrema,2026-08-31T16:15:47Z
2026-08-30,station_1200545_complete,"Porto, Pedras Rubras (1200545), dia completo",individual_station_sensitivity,complete_station_day,17.7,22.6,1,1200545,"Porto, Pedras Rubras",24,IPMA station hourly observations,2026-08-31T16:15:47Z
2026-08-30,station_1210649_complete,"S. Gens (1210649), dia completo",individual_station_sensitivity,complete_station_day,17,24.1,1,1210649,S. Gens,24,IPMA station hourly observations,2026-08-31T16:15:47Z
2026-08-30,two_complete_station_mean,"Média Pedras Rubras/S. Gens, ambos os dias completos",strict_two_station_sensitivity,two_complete_stations,17.35,23.35,2,1200545;1210649,"Porto, Pedras Rubras;S. Gens",24,IPMA station hourly observations; complete day >= 20 values,2026-08-31T16:15:47Z
2026-08-31,mean_complete_stations,Média das estações IPMA com dia completo,primary_actual_observation,two_complete_stations,14.35,23.35,2,1200545;1210649,"Porto, Pedras Rubras;S. Gens",24,IPMA station hourly observations; complete day >= 20 values,2026-09-01T13:35:24Z
2026-08-31,operational_station_fallback,Fallback operacional Pedras Rubras/S. Gens,operational_reference_with_incomplete_days,two_complete_stations,14.35,23.35,2,1200545;1210649,"Porto, Pedras Rubras; S. Gens",24,IPMA station fallback: daily mean of Pedras Rubras and S. Gens station extrema,2026-09-01T13:35:24Z
2026-08-31,station_1200545_complete,"Porto, Pedras Rubras (1200545), dia completo",individual_station_sensitivity,complete_station_day,15.2,22.8,1,1200545,"Porto, Pedras Rubras",24,IPMA station hourly observations,2026-09-01T13:35:24Z
2026-08-31,station_1210649_complete,"S. Gens (1210649), dia completo",individual_station_sensitivity,complete_station_day,13.5,23.9,1,1210649,S. Gens,24,IPMA station hourly observations,2026-09-01T13:35:24Z
2026-08-31,two_complete_station_mean,"Média Pedras Rubras/S. Gens, ambos os dias completos",strict_two_station_sensitivity,two_complete_stations,14.35,23.35,2,1200545;1210649,"Porto, Pedras Rubras;S. Gens",24,IPMA station hourly observations; complete day >= 20 values,2026-09-01T13:35:24Z
2026-09-01,mean_complete_stations,Média das estações IPMA com dia completo,primary_actual_observation,two_complete_stations,14.5,23.4,2,1200545;1210649,"Porto, Pedras Rubras;S. Gens",24,IPMA station hourly observations; complete day >= 20 values,2026-09-02T12:52:48Z
2026-09-01,operational_station_fallback,Fallback operacional Pedras Rubras/S. Gens,operational_reference_with_incomplete_days,two_complete_stations,14.5,23.4,2,1200545;1210649,"Porto, Pedras Rubras; S. Gens",24,IPMA station fallback: daily mean of Pedras Rubras and S. Gens station extrema,2026-09-02T12:52:48Z
2026-09-01,station_1200545_complete,"Porto, Pedras Rubras (1200545), dia completo",individual_station_sensitivity,complete_station_day,14.9,22.3,1,1200545,"Porto, Pedras Rubras",24,IPMA station hourly observations,2026-09-02T12:52:48Z
2026-09-01,station_1210649_complete,"S. Gens (1210649), dia completo",individual_station_sensitivity,complete_station_day,14.1,24.5,1,1210649,S. Gens,24,IPMA station hourly observations,2026-09-02T12:52:48Z
2026-09-01,two_complete_station_mean,"Média Pedras Rubras/S. Gens, ambos os dias completos",strict_two_station_sensitivity,two_complete_stations,14.5,23.4,2,1200545;1210649,"Porto, Pedras Rubras;S. Gens",24,IPMA station hourly observations; complete day >= 20 values,2026-09-02T12:52:48Z
